order_id,customer_id,order_date,status,region_code
ORD00001,CUST0016,2026-06-24,Shipped,South
ORD00002,CUST0121,2026-03-08,Cancelled,South
ORD00004,CUST0566,2025-12-09,Delivered,East
ORD00005,CUST0390,2026-07-12,Cancelled,East
ORD00006,CUST0316,2025-09-29,Delivered,East
ORD00007,CUST0526,2026-06-30,Cancelled,West
ORD00008,CUST0101,2024-11-17,Cancelled,East
ORD00009,CUST0209,,Delivered,East
ORD00011,CUST0150,2025-09-23,Placed,East
ORD00013,CUST0303,2026-01-27,Shipped,South
ORD00014,CUST0338,2024-10-17,Shipped,West
ORD00015,CUST0584,2024-12-08,Shipped,West
ORD00016,CUST0564,2025-03-21,Delivered,East
ORD00017,CUST0501,2026-05-01,Cancelled,West
ORD00018,CUST0173,2026-06-01,Delivered,South
ORD00019,CUST0144,2024-11-08,Returned,West
ORD00020,CUST0189,2026-02-02,Returned,North
ORD00021,CUST0537,2024-08-09,Placed,North
ORD00022,CUST0050,2026-03-04,Placed,West
ORD00023,CUST0141,2025-03-22,Shipped,North
ORD00024,CUST0155,2026-06-01,Placed,South
ORD00025,CUST0518,2025-06-04,Cancelled,East
ORD00026,CUST0062,2025-06-02,Returned,West
ORD00027,CUST0500,2025-03-10,Placed,North
ORD00028,CUST0545,2025-06-27,Returned,West
ORD00030,CUST0549,2026-07-13,Delivered,North
ORD00031,CUST0515,2026-04-17,Cancelled,South
ORD00032,CUST0110,2026-06-12,Placed,South
ORD00033,CUST0247,2025-11-24,Shipped,East
ORD00034,CUST0363,2026-07-12,Delivered,West
ORD00035,CUST0081,2026-02-11,Delivered,West
ORD00036,CUST0471,2025-02-15,Returned,South
ORD00037,CUST0232,2024-11-13,Delivered,North
ORD00038,CUST0033,2026-03-15,Placed,West
ORD00039,CUST0389,2024-12-10,Cancelled,West
ORD00040,CUST0058,2024-10-08,Placed,South
ORD00041,CUST0085,2024-10-28,Cancelled,West
ORD00042,CUST0340,2024-12-08,Returned,North
ORD00043,CUST0541,2024-08-07,Placed,South
ORD00044,CUST0217,2026-03-02,Returned,West
ORD00045,CUST0278,2025-11-05,Placed,North
ORD00046,CUST0288,2025-11-09,Returned,North
ORD00047,CUST0184,2025-02-10,Delivered,North
ORD00048,CUST0213,2025-10-31,Returned,South
ORD00049,CUST0408,2025-10-01,Placed,East
ORD00050,CUST0167,2025-11-05,Returned,South
ORD00051,CUST0581,2025-01-13,Cancelled,East
ORD00052,CUST0394,2025-10-24,Shipped,North
ORD00053,CUST0513,2025-01-14,Delivered,North
ORD00054,CUST0101,2025-01-13,Cancelled,South
ORD00055,CUST0078,2026-01-02,Delivered,West
ORD00056,CUST0335,2024-08-07,Placed,East
ORD00057,CUST0462,2025-04-23,Cancelled,South
ORD00058,CUST0365,2024-09-17,Returned,West
ORD00059,CUST0443,2026-01-03,Shipped,West
ORD00060,CUST0088,2026-03-15,Returned,East
ORD00061,CUST0253,2025-07-23,Placed,North
ORD00062,CUST0275,2024-10-30,Shipped,West
ORD00063,CUST0158,2025-08-12,Cancelled,East
ORD00064,CUST0370,2026-05-06,Placed,North
ORD00065,CUST0006,2025-10-30,Delivered,West
ORD00066,CUST0369,2025-07-17,Delivered,North
ORD00067,CUST0136,2026-01-22,Placed,South
ORD00070,CUST0363,2024-12-07,Returned,North
ORD00071,CUST0333,2026-05-10,Cancelled,North
ORD00072,CUST0299,2025-05-14,Cancelled,West
ORD00073,CUST0087,2025-08-03,Returned,South
ORD00074,CUST0586,2025-07-21,Returned,South
ORD00075,CUST0390,2024-11-01,Shipped,South
ORD00076,CUST0276,2024-11-22,Delivered,East
ORD00077,CUST0505,2024-12-15,Shipped,North
ORD00078,CUST0172,2025-01-09,Cancelled,East
ORD00079,CUST0432,2024-08-12,Delivered,West
ORD00080,CUST0079,2025-05-31,Delivered,East
ORD00081,CUST0253,2026-03-03,Cancelled,South
ORD00082,CUST0469,2024-07-29,Placed,South
ORD00083,CUST0312,2026-07-06,Placed,West
ORD00084,CUST0341,2025-02-12,Returned,West
ORD00085,CUST0338,2025-06-03,Cancelled,East
ORD00086,CUST0441,2025-01-06,Returned,South
ORD00087,CUST0308,2026-02-14,Delivered,South
ORD00088,CUST0491,2025-12-21,Delivered,South
ORD00089,CUST0408,2024-12-22,Delivered,East
ORD00090,CUST0503,2026-02-26,Returned,South
ORD00091,CUST0334,2024-12-23,Cancelled,East
ORD00092,CUST0403,2024-09-07,Delivered,North
ORD00093,CUST0578,2024-12-02,Shipped,South
ORD00094,CUST0564,2026-07-08,Placed,West
ORD00095,CUST0215,2025-06-24,Cancelled,East
ORD00096,CUST0071,2026-05-22,Cancelled,West
ORD00097,CUST0143,2025-11-09,Delivered,South
ORD00098,CUST0259,2025-08-02,Shipped,West
ORD00099,CUST0387,2026-01-03,Placed,West
ORD00100,CUST0491,2025-03-27,Returned,West
ORD00101,CUST0548,2026-05-22,Returned,West
ORD00102,CUST0557,2025-07-08,Placed,East
ORD00103,CUST0550,2026-06-07,Returned,North
ORD00104,CUST0112,2025-01-25,Shipped,East
ORD00106,CUST0577,2025-05-28,Cancelled,East
ORD00107,CUST0441,2026-03-12,Placed,North
ORD00108,CUST0101,2024-08-19,Delivered,South
ORD00109,CUST0523,2025-11-02,Returned,South
ORD00110,CUST0457,2026-02-09,Delivered,West
ORD00111,CUST0475,2026-04-19,Returned,South
ORD00112,CUST0354,2025-05-09,Placed,West
ORD00113,CUST0108,2026-01-28,Delivered,West
ORD00114,CUST0088,2025-03-18,Placed,South
ORD00116,CUST0467,2025-11-04,Shipped,West
ORD00117,CUST0357,2026-07-17,Cancelled,North
ORD00118,CUST0449,2026-02-14,Cancelled,East
ORD00119,CUST0069,2025-10-05,Delivered,North
ORD00120,CUST0118,2025-10-22,Placed,East
ORD00121,CUST0112,2025-09-07,Shipped,South
ORD00122,CUST0529,2025-08-29,Shipped,South
ORD00123,CUST0339,2025-11-28,Returned,West
ORD00124,CUST0474,2026-05-29,Shipped,West
ORD00125,CUST0189,2026-01-15,Shipped,West
ORD00126,CUST0406,2026-03-21,Placed,South
ORD00127,CUST0461,2024-08-16,Returned,West
ORD00128,CUST0399,2025-08-26,Placed,South
ORD00129,CUST0211,2024-10-10,Delivered,North
ORD00130,CUST0592,2025-07-03,Placed,South
ORD00131,CUST0375,2025-07-07,Delivered,South
ORD00132,CUST0469,2026-04-21,Placed,East
ORD00133,CUST0502,2026-05-30,Returned,East
ORD00134,CUST0398,2024-08-19,Returned,West
ORD00135,CUST0117,2026-05-30,Delivered,East
ORD00136,CUST0469,2025-01-24,Returned,South
ORD00137,CUST0305,2025-08-24,Returned,North
ORD00138,CUST0138,2025-09-08,Delivered,North
ORD00139,CUST0245,2025-05-21,Delivered,North
ORD00140,CUST0188,2026-02-09,Delivered,South
ORD00141,CUST0524,2024-08-17,Cancelled,West
ORD00142,CUST0142,2025-09-24,Returned,West
ORD00144,CUST0551,2025-08-22,Shipped,South
ORD00145,CUST0502,2026-03-04,Delivered,South
ORD00146,CUST0192,2025-11-19,Delivered,West
ORD00147,CUST0055,2024-08-25,Delivered,North
ORD00149,CUST0394,2025-03-01,Returned,West
ORD00150,CUST0419,2025-06-24,Cancelled,West
ORD00151,CUST0455,2025-05-23,Cancelled,South
ORD00152,CUST0085,2026-06-04,Returned,North
ORD00153,CUST0226,2025-03-11,Delivered,North
ORD00154,CUST0282,2026-03-10,Shipped,East
ORD00155,CUST0173,2026-04-21,Cancelled,West
ORD00156,CUST0563,2025-02-25,Returned,North
ORD00157,CUST0587,2025-07-11,Placed,East
ORD00158,CUST0557,2024-11-24,Delivered,North
ORD00159,CUST0452,2025-06-11,Returned,South
ORD00160,CUST0436,2025-03-03,Placed,South
ORD00161,CUST0305,2025-11-06,Placed,West
ORD00162,CUST0270,2026-07-01,Delivered,North
ORD00163,CUST0450,2024-08-29,Placed,South
ORD00164,CUST0215,2026-01-04,Returned,East
ORD00165,CUST0439,2025-08-23,Shipped,South
ORD00166,CUST0212,2026-06-19,Shipped,North
ORD00167,CUST0584,2024-11-05,Delivered,East
ORD00168,CUST0552,2025-07-13,Shipped,East
ORD00169,CUST0300,2026-04-23,Delivered,East
ORD00170,CUST0527,2025-12-01,Placed,South
ORD00171,CUST0422,2025-07-03,Placed,East
ORD00172,CUST0130,2024-09-26,Shipped,South
ORD00173,CUST0150,2026-01-30,Delivered,South
ORD00174,CUST0403,2025-08-10,Cancelled,South
ORD00175,CUST0592,2024-10-13,Delivered,West
ORD00176,CUST0385,2024-12-04,Cancelled,North
ORD00177,CUST0096,2026-03-14,Cancelled,East
ORD00178,CUST0378,2025-10-15,Cancelled,West
ORD00179,CUST0336,2026-07-16,Returned,North
ORD00180,CUST0096,2026-06-12,Cancelled,East
ORD00182,CUST0224,2025-09-15,Cancelled,South
ORD00183,CUST0507,2024-10-31,Delivered,East
ORD00184,CUST0291,2025-05-19,Delivered,South
ORD00185,CUST0580,2025-06-04,Cancelled,East
ORD00186,CUST0050,2025-03-26,Placed,North
ORD00187,CUST0471,2025-07-03,Placed,North
ORD00188,CUST0162,2024-08-06,Cancelled,West
ORD00189,CUST0001,2024-12-03,Cancelled,South
ORD00190,CUST0136,2025-07-05,Delivered,South
ORD00191,CUST0281,2025-10-19,Placed,East
ORD00192,CUST0257,2026-06-14,Placed,East
ORD00193,CUST0170,2026-01-22,Placed,West
ORD00194,CUST0313,2026-06-13,Shipped,West
ORD00195,CUST0094,2024-12-21,Placed,North
ORD00196,CUST0219,2026-06-03,Cancelled,North
ORD00197,CUST0136,2025-07-06,Returned,South
ORD00199,CUST0009,2025-01-28,Delivered,North
ORD00200,CUST0433,2025-03-26,Shipped,West
ORD00201,CUST0073,2026-01-06,Shipped,West
ORD00202,CUST0092,2025-12-03,Placed,North
ORD00203,CUST0321,2026-06-22,Delivered,East
ORD00204,CUST0141,2026-01-21,Cancelled,South
ORD00205,CUST0147,2026-03-28,Placed,North
ORD00206,CUST0169,2024-11-22,Cancelled,East
ORD00207,CUST0219,2026-01-26,Shipped,West
ORD00208,CUST0454,2026-02-07,Shipped,North
ORD00209,CUST0103,2024-10-21,Shipped,North
ORD00210,CUST0394,2024-09-26,Delivered,West
ORD00211,CUST0323,2024-10-14,Shipped,South
ORD00212,CUST0284,2026-01-17,Placed,South
ORD00213,CUST0567,2025-07-02,Returned,East
ORD00214,CUST0028,2025-11-22,Delivered,South
ORD00215,CUST0531,2025-04-25,Returned,South
ORD00216,CUST0402,2024-09-22,Delivered,North
ORD00217,CUST0246,2025-08-28,Cancelled,West
ORD00218,CUST0116,2026-01-18,Shipped,West
ORD00219,CUST0073,2025-05-12,Returned,North
ORD00220,CUST0370,2026-02-02,Delivered,South
ORD00222,CUST0375,2025-08-19,Returned,South
ORD00223,CUST0483,2025-11-05,Placed,North
ORD00224,CUST0070,2024-11-19,Placed,East
ORD00225,CUST0221,2025-05-08,Placed,North
ORD00226,CUST0408,2025-09-18,Returned,East
ORD00227,CUST0514,2025-05-09,Cancelled,West
ORD00228,CUST0412,2024-08-21,Placed,South
ORD00229,CUST0285,2026-03-06,Placed,East
ORD00230,CUST0081,2024-11-27,Returned,South
ORD00231,CUST0160,2026-06-26,Returned,East
ORD00232,CUST0401,2025-04-04,Returned,North
ORD00233,CUST0318,2025-09-30,Cancelled,South
ORD00234,CUST0060,2026-05-25,Shipped,North
ORD00235,CUST0445,2025-12-12,Placed,West
ORD00236,CUST0057,2026-05-19,Delivered,South
ORD00237,CUST0123,2024-11-11,Placed,South
ORD00238,CUST0012,2024-11-20,Shipped,West
ORD00239,CUST0356,2026-05-23,Returned,East
ORD00240,CUST0171,2024-11-07,Delivered,South
ORD00241,CUST0276,2024-12-03,Placed,North
ORD00242,CUST0344,2026-03-07,Cancelled,East
ORD00243,CUST0537,2026-01-22,Placed,East
ORD00244,CUST0591,2024-08-26,Placed,West
ORD00245,CUST0467,2025-06-08,Returned,East
ORD00246,CUST0057,2025-03-14,Cancelled,South
ORD00247,CUST0377,2025-03-15,Shipped,East
ORD00248,CUST0106,2026-02-05,Returned,North
ORD00249,CUST0234,2026-03-07,Returned,North
ORD00250,CUST0046,2025-06-29,Placed,South
ORD00251,CUST0048,2025-02-27,Cancelled,East
ORD00252,CUST0393,2025-11-16,Shipped,South
ORD00254,CUST0230,2024-10-17,Delivered,South
ORD00255,CUST0427,2026-06-15,Delivered,East
ORD00256,CUST0080,2024-10-28,Returned,East
ORD00257,CUST0123,2024-12-22,Returned,North
ORD00258,CUST0184,2024-07-20,Shipped,North
ORD00259,CUST0411,2025-11-13,Placed,West
ORD00261,CUST0089,2025-01-30,Returned,West
ORD00262,CUST0009,2024-07-27,Delivered,South
ORD00263,CUST0299,2025-07-09,Returned,East
ORD00264,CUST0249,2025-08-08,Cancelled,East
ORD00265,CUST0506,2026-05-13,Shipped,South
ORD00266,CUST0155,2025-08-09,Placed,West
ORD00267,CUST0025,2025-09-13,Shipped,East
ORD00268,CUST0010,2026-04-06,Delivered,North
ORD00269,CUST0386,2024-07-22,Delivered,North
ORD00271,CUST0430,2026-06-03,Cancelled,North
ORD00272,CUST0146,2025-08-05,Delivered,North
ORD00274,CUST0382,2025-01-02,Cancelled,North
ORD00275,CUST0595,2025-10-18,Placed,South
ORD00276,CUST0404,2025-12-12,Placed,North
ORD00277,CUST0446,2025-07-22,Shipped,South
ORD00278,CUST0299,2025-07-05,Delivered,East
ORD00279,CUST0403,2025-06-01,Delivered,East
ORD00280,CUST0464,2025-06-26,Delivered,South
ORD00281,CUST0077,2024-09-17,Shipped,South
ORD00282,CUST0599,2025-10-27,Placed,South
ORD00283,CUST0109,2025-10-27,Shipped,West
ORD00284,CUST0478,2024-07-23,Delivered,West
ORD00285,CUST0124,2025-01-24,Returned,East
ORD00286,CUST0213,2026-06-03,Cancelled,East
ORD00287,CUST0475,2025-09-16,Delivered,North
ORD00288,CUST0093,2025-02-19,Shipped,East
ORD00289,CUST0042,2025-11-11,Shipped,East
ORD00290,CUST0152,2025-11-18,Placed,South
ORD00291,CUST0365,2025-09-24,Cancelled,North
ORD00292,CUST0307,2026-04-16,Delivered,South
ORD00293,CUST0032,2026-04-19,Cancelled,West
ORD00294,CUST0570,2024-12-26,Returned,South
ORD00295,CUST0097,2024-08-24,Cancelled,North
ORD00296,CUST0144,2024-12-08,Placed,North
ORD00297,CUST0064,2024-11-10,Shipped,South
ORD00298,CUST0203,2024-08-29,Cancelled,East
ORD00299,CUST0087,2025-12-07,Returned,East
ORD00300,CUST0077,2025-04-15,Placed,North
ORD00301,CUST0203,2024-08-15,Cancelled,South
ORD00302,CUST0095,2024-11-07,Delivered,North
ORD00303,CUST0044,2026-05-12,Cancelled,North
ORD00304,CUST0173,2024-08-12,Returned,West
ORD00305,CUST0405,2025-12-18,Cancelled,North
ORD00306,CUST0392,2025-10-10,Cancelled,South
ORD00307,CUST0363,2026-04-29,Shipped,South
ORD00308,CUST0282,2025-10-29,Delivered,West
ORD00309,CUST0153,2025-03-06,Placed,South
ORD00310,CUST0303,2025-04-01,Cancelled,West
ORD00311,CUST0564,2026-07-02,Cancelled,North
ORD00312,CUST0090,2024-09-24,Delivered,West
ORD00313,CUST0141,2024-08-25,Cancelled,South
ORD00314,CUST0539,2024-10-10,Shipped,North
ORD00315,CUST0392,2025-06-06,Delivered,West
ORD00316,CUST0558,2024-12-03,Cancelled,East
ORD00317,CUST0580,2024-11-20,Returned,East
ORD00318,CUST0398,2025-12-22,Delivered,South
ORD00319,CUST0027,2025-02-23,Delivered,South
ORD00320,CUST0031,2025-11-04,Delivered,North
ORD00321,CUST0484,2025-12-13,Returned,East
ORD00322,CUST0599,2026-01-06,Shipped,South
ORD00323,CUST0103,2026-01-12,Shipped,South
ORD00324,CUST0273,2025-10-23,Returned,North
ORD00327,CUST0243,2025-09-27,Returned,East
ORD00328,CUST0368,2024-12-02,Returned,North
ORD00329,CUST0361,2025-07-06,Returned,South
ORD00330,CUST0577,2026-02-20,Shipped,West
ORD00331,CUST0556,2025-10-10,Delivered,South
ORD00332,CUST0503,2025-04-23,Placed,North
ORD00333,CUST0058,2026-07-11,Shipped,South
ORD00334,CUST0021,2024-08-14,Returned,West
ORD00335,CUST0001,2024-09-28,Delivered,South
ORD00336,CUST0134,2026-03-06,Delivered,South
ORD00337,CUST0332,2025-03-07,Placed,North
ORD00338,CUST0152,2025-03-25,Returned,South
ORD00339,CUST0114,2025-04-30,Returned,East
ORD00340,CUST0075,2026-06-15,Delivered,West
ORD00341,CUST0104,2025-05-08,Delivered,East
ORD00342,CUST0331,2026-04-16,Shipped,South
ORD00343,CUST0448,2024-09-08,Cancelled,East
ORD00344,CUST0179,2026-02-27,Returned,East
ORD00345,CUST0229,2025-06-14,Returned,South
ORD00346,CUST0388,2026-05-04,Delivered,East
ORD00347,CUST0131,2025-09-18,Shipped,North
ORD00348,CUST0587,2024-09-06,Cancelled,North
ORD00349,CUST0187,2025-03-02,Returned,East
ORD00350,CUST0227,2025-07-18,Returned,North
ORD00351,CUST0509,2024-10-30,Shipped,East
ORD00352,CUST0080,2024-10-20,Shipped,East
ORD00353,CUST0328,2026-01-08,Shipped,North
ORD00354,CUST0344,2026-05-16,Cancelled,North
ORD00355,CUST0272,2025-02-16,Shipped,South
ORD00356,CUST0070,2025-03-30,Delivered,East
ORD00357,CUST0111,2025-08-31,Placed,North
ORD00358,CUST0396,2025-06-04,Cancelled,West
ORD00359,CUST0171,2025-08-29,Cancelled,West
ORD00360,CUST0388,2024-12-27,Delivered,West
ORD00361,CUST0104,2026-01-09,Cancelled,South
ORD00362,CUST0167,2024-12-27,Cancelled,North
ORD00363,CUST0035,2025-11-05,Delivered,North
ORD00364,CUST0327,2024-09-01,Delivered,North
ORD00366,CUST0385,2025-10-04,Shipped,North
ORD00367,CUST0561,2026-02-04,Placed,East
ORD00369,CUST0169,2025-09-01,Returned,West
ORD00370,CUST0161,2024-09-24,Placed,North
ORD00371,CUST0340,2025-07-28,Shipped,South
ORD00372,CUST0420,2026-01-31,Returned,East
ORD00373,CUST0289,2026-01-03,Delivered,South
ORD00374,CUST0099,2025-10-30,Placed,West
ORD00375,CUST0586,2026-07-13,Returned,West
ORD00377,CUST0004,2026-01-17,Cancelled,North
ORD00378,CUST0302,2025-02-26,Returned,West
ORD00379,CUST0205,2025-06-14,Placed,North
ORD00380,CUST0212,2025-11-02,Shipped,East
ORD00381,CUST0084,2026-05-07,Cancelled,North
ORD00382,CUST0316,2025-03-20,Cancelled,West
ORD00383,CUST0501,2025-02-04,Delivered,North
ORD00384,CUST0558,2025-08-30,Cancelled,South
ORD00385,CUST0380,2025-10-07,Cancelled,East
ORD00386,CUST0192,2025-11-14,Cancelled,North
ORD00387,CUST0270,2025-04-18,Cancelled,West
ORD00388,CUST0270,2026-07-08,Shipped,East
ORD00389,CUST0578,2024-10-26,Placed,South
ORD00390,CUST0100,2025-11-07,Placed,East
ORD00391,CUST0555,2025-09-28,Cancelled,South
ORD00392,CUST0567,2025-08-07,Placed,West
ORD00393,CUST0536,2025-08-25,Cancelled,West
ORD00394,CUST0587,2026-02-04,Shipped,West
ORD00396,CUST0036,2025-08-08,Returned,South
ORD00397,CUST0124,2025-08-04,Cancelled,South
ORD00399,CUST0130,2024-12-04,Placed,West
ORD00401,CUST0152,2025-11-03,Returned,East
ORD00402,CUST0328,2025-01-14,Placed,North
ORD00403,CUST0398,2026-01-19,Returned,West
ORD00404,CUST0566,2025-02-28,Delivered,East
ORD00405,CUST0533,2024-12-15,Cancelled,North
ORD00406,CUST0536,2024-07-19,Cancelled,North
ORD00407,CUST0425,2024-10-17,Shipped,South
ORD00408,CUST0581,2024-08-05,Returned,North
ORD00409,CUST0109,2025-07-14,Returned,North
ORD00410,CUST0293,2025-11-15,Returned,East
ORD00411,CUST0421,2026-03-28,Delivered,West
ORD00412,CUST0498,2024-10-17,Returned,West
ORD00413,CUST0039,2026-02-10,Shipped,East
ORD00414,CUST0413,2026-05-07,Shipped,West
ORD00415,CUST0040,2024-12-26,Cancelled,East
ORD00416,CUST0244,2026-03-31,Placed,West
ORD00417,CUST0276,2025-11-07,Delivered,North
ORD00419,CUST0288,2025-06-04,Cancelled,North
ORD00420,CUST0234,2024-08-22,Shipped,East
ORD00421,CUST0454,2025-04-03,Delivered,East
ORD00422,CUST0427,2025-04-15,Returned,North
ORD00423,CUST0193,2025-09-26,Cancelled,South
ORD00424,CUST0417,2026-04-05,Cancelled,East
ORD00425,CUST0058,2025-11-25,Returned,South
ORD00426,CUST0068,2024-12-29,Delivered,West
ORD00427,CUST0139,2024-07-26,Returned,North
ORD00428,CUST0178,2025-11-27,Shipped,South
ORD00429,CUST0060,2024-12-21,Shipped,North
ORD00430,CUST0468,2026-01-04,Placed,East
ORD00431,CUST0204,2025-02-21,Delivered,East
ORD00432,CUST0476,2025-01-31,Returned,West
ORD00433,CUST0127,2026-03-23,Placed,South
ORD00434,CUST0382,2024-09-08,Cancelled,West
ORD00435,CUST0182,2025-03-14,Cancelled,East
ORD00436,CUST0353,2025-03-08,Shipped,East
ORD00437,CUST0093,2025-08-15,Delivered,North
ORD00438,CUST0396,2025-09-18,Placed,South
ORD00439,CUST0586,2025-03-26,Shipped,South
ORD00440,CUST0231,2026-03-05,Shipped,East
ORD00441,CUST0420,2024-07-22,Returned,North
ORD00442,CUST0010,2024-10-14,Cancelled,South
ORD00443,CUST0178,2026-01-01,Returned,North
ORD00444,CUST0230,2025-04-02,Delivered,East
ORD00445,CUST0282,2025-04-09,Cancelled,West
ORD00446,CUST0358,2025-05-21,Cancelled,East
ORD00447,CUST0224,2026-01-31,Cancelled,East
ORD00448,CUST0534,2025-10-02,Returned,West
ORD00449,CUST0599,2025-11-08,Placed,North
ORD00450,CUST0524,2024-08-09,Delivered,East
ORD00451,CUST0306,2026-04-25,Placed,West
ORD00452,CUST0066,2024-12-01,Delivered,East
ORD00453,CUST0333,2024-12-15,Delivered,East
ORD00454,CUST0306,2025-03-31,Shipped,South
ORD00455,CUST0530,2026-04-26,Shipped,North
ORD00456,CUST0414,2025-04-06,Delivered,South
ORD00457,CUST0027,2026-07-04,Cancelled,East
ORD00458,CUST0266,2025-12-22,Cancelled,West
ORD00459,CUST0398,2025-07-25,Placed,South
ORD00460,CUST0352,2026-06-29,Shipped,West
ORD00461,CUST0368,2025-07-21,Returned,East
ORD00462,CUST0175,2026-03-29,Returned,South
ORD00463,CUST0301,2024-08-14,Placed,West
ORD00464,CUST0132,2025-12-01,Delivered,South
ORD00465,CUST0344,2024-10-31,Placed,South
ORD00466,CUST0364,2025-07-26,Shipped,East
ORD00467,CUST0431,2024-11-15,Delivered,East
ORD00468,CUST0267,2025-11-17,Returned,East
ORD00469,CUST0475,2025-07-10,Placed,West
ORD00470,CUST0055,2026-06-10,Returned,North
ORD00471,CUST0484,2026-05-21,Shipped,North
ORD00472,CUST0391,2025-09-08,Returned,East
ORD00473,CUST0424,2026-06-13,Placed,South
ORD00474,CUST0141,2025-04-04,Shipped,East
ORD00475,CUST0420,2025-07-12,Returned,West
ORD00476,CUST0147,2026-03-18,Delivered,South
ORD00477,CUST0083,2026-04-11,Cancelled,East
ORD00478,CUST0182,2025-06-04,Delivered,North
ORD00479,CUST0005,2026-07-08,Cancelled,East
ORD00480,CUST0215,2026-02-14,Shipped,South
ORD00481,CUST0502,2024-08-30,Placed,South
ORD00482,CUST0445,2026-04-27,Cancelled,West
ORD00483,CUST0440,2025-08-26,Cancelled,West
ORD00484,CUST0005,2025-03-07,Placed,South
ORD00485,CUST0383,2025-09-29,Placed,East
ORD00486,CUST0544,2026-02-01,Shipped,North
ORD00487,CUST0005,2025-12-26,Shipped,South
ORD00488,CUST0353,2025-03-20,Delivered,South
ORD00489,CUST0106,2025-09-22,Cancelled,East
ORD00491,CUST0306,2024-08-01,Delivered,West
ORD00492,CUST0533,2024-12-26,Returned,East
ORD00493,CUST0445,2025-10-09,Shipped,East
ORD00494,CUST0502,2026-01-01,Delivered,South
ORD00496,CUST0234,2026-03-31,Shipped,South
ORD00497,CUST0217,2026-06-29,Placed,South
ORD00498,CUST0127,2026-06-07,Delivered,North
ORD00499,CUST0385,2026-03-28,Delivered,North
ORD00500,CUST0050,2025-04-18,Placed,North
ORD00501,CUST0050,2024-09-07,Placed,West
ORD00503,CUST0561,2025-02-20,Delivered,West
ORD00504,CUST0157,2026-05-02,Shipped,North
ORD00505,CUST0309,2024-08-11,Cancelled,North
ORD00506,CUST0533,2025-04-07,Delivered,South
ORD00507,CUST0429,2025-05-05,Placed,North
ORD00508,CUST0290,2025-11-16,Placed,North
ORD00509,CUST0510,2025-09-05,Shipped,South
ORD00510,CUST0270,2026-05-03,Returned,South
ORD00511,CUST0367,2024-11-23,Cancelled,East
ORD00512,CUST0165,2025-10-04,Placed,West
ORD00513,CUST0213,2025-10-31,Cancelled,East
ORD00514,CUST0241,2025-05-16,Placed,North
ORD00515,CUST0092,2024-12-10,Placed,West
ORD00516,CUST0153,2025-10-23,Placed,North
ORD00517,CUST0104,2024-10-16,Delivered,South
ORD00518,CUST0468,2026-05-20,Delivered,East
ORD00519,CUST0476,2026-03-17,Placed,North
ORD00520,CUST0179,2026-02-21,Placed,East
ORD00521,CUST0369,2025-03-14,Delivered,West
ORD00522,CUST0119,2026-01-16,Placed,North
ORD00523,CUST0010,2026-05-15,Shipped,South
ORD00524,CUST0337,2025-03-19,Delivered,West
ORD00525,CUST0275,2026-01-20,Placed,East
ORD00526,CUST0351,2024-08-11,Shipped,North
ORD00527,CUST0411,2025-02-13,Cancelled,West
ORD00528,CUST0279,2025-06-04,Cancelled,West
ORD00529,CUST0432,2024-09-23,Shipped,North
ORD00530,CUST0136,2025-08-08,Placed,South
ORD00531,CUST0107,2026-05-30,Cancelled,West
ORD00533,CUST0389,2025-05-02,Delivered,North
ORD00534,CUST0134,2025-07-04,Cancelled,West
ORD00535,CUST0116,2026-04-23,Cancelled,West
ORD00536,CUST0048,2025-03-10,Placed,East
ORD00537,CUST0322,2025-01-01,Placed,South
ORD00538,CUST0347,2025-08-29,Returned,North
ORD00540,CUST0355,2024-11-30,Cancelled,South
ORD00541,CUST0572,2024-10-13,Returned,North
ORD00542,CUST0012,2025-05-04,Shipped,West
ORD00543,CUST0508,2026-03-19,Shipped,North
ORD00544,CUST0504,2024-08-16,Delivered,South
ORD00545,CUST0339,2026-03-14,Delivered,North
ORD00546,CUST0520,2024-12-21,Shipped,West
ORD00548,CUST0471,2024-09-27,Cancelled,West
ORD00549,CUST0091,2025-06-27,Cancelled,West
ORD00550,CUST0324,2025-08-15,Placed,West
ORD00551,CUST0019,2024-08-06,Placed,West
ORD00552,CUST0423,2026-03-30,Placed,North
ORD00553,CUST0094,,Returned,East
ORD00554,CUST0521,2026-06-20,Returned,South
ORD00555,CUST0468,2025-08-10,Delivered,East
ORD00556,CUST0056,2024-11-14,Shipped,West
ORD00557,CUST0340,2024-12-12,Returned,West
ORD00558,CUST0373,2025-04-08,Cancelled,North
ORD00559,CUST0100,2026-07-05,Shipped,North
ORD00560,CUST0350,2025-07-28,Delivered,East
ORD00561,CUST0561,2026-02-06,Returned,East
ORD00562,CUST0109,2026-05-27,Placed,South
ORD00563,CUST0505,2025-08-28,Shipped,West
ORD00564,CUST0110,2025-03-16,Delivered,South
ORD00565,CUST0193,2026-03-12,Placed,West
ORD00566,CUST0221,2025-03-29,Cancelled,South
ORD00567,CUST0347,2024-11-06,Placed,West
ORD00568,CUST0048,2026-03-07,Returned,North
ORD00569,CUST0462,2026-05-26,Cancelled,South
ORD00570,CUST0511,2024-10-02,Placed,North
ORD00571,CUST0567,2026-04-17,Cancelled,West
ORD00572,CUST0521,2026-07-16,Shipped,South
ORD00573,CUST0132,2025-08-22,Placed,West
ORD00574,CUST0330,2025-12-25,Returned,West
ORD00575,CUST0429,2024-10-29,Returned,South
ORD00576,CUST0281,2024-12-24,Cancelled,East
ORD00577,CUST0302,2026-01-31,Cancelled,South
ORD00578,CUST0142,2024-08-15,Cancelled,East
ORD00579,CUST0561,2025-07-09,Delivered,South
ORD00580,CUST0206,2025-05-15,Shipped,East
ORD00581,CUST0354,2026-01-23,Shipped,South
ORD00582,CUST0516,2026-05-20,Returned,East
ORD00583,CUST0119,2025-08-27,Delivered,West
ORD00584,CUST0597,2024-10-15,Returned,West
ORD00585,CUST0547,2024-07-21,Delivered,West
ORD00586,CUST0014,2025-03-16,Returned,North
ORD00588,CUST0055,2024-08-21,Placed,South
ORD00589,CUST0274,2026-01-02,Shipped,East
ORD00590,CUST0257,2026-05-07,Shipped,North
ORD00591,CUST0303,2025-10-22,Shipped,North
ORD00592,CUST0368,2026-05-26,Cancelled,North
ORD00593,CUST0576,2024-09-23,Shipped,West
ORD00594,CUST0244,2025-04-02,Returned,East
ORD00595,CUST0049,2025-07-15,Cancelled,West
ORD00596,CUST0427,2026-06-08,Delivered,North
ORD00597,CUST0014,2024-08-22,Delivered,South
ORD00598,CUST0454,2024-10-06,Shipped,East
ORD00599,CUST0560,2025-08-26,Returned,South
ORD00600,CUST0199,2026-03-05,Delivered,West
ORD00601,CUST0182,2025-12-11,Placed,South
ORD00602,CUST0178,2026-02-17,Returned,North
ORD00603,CUST0387,2025-03-17,Placed,West
ORD00604,CUST0286,2024-08-04,Returned,East
ORD00605,CUST0134,2025-10-09,Shipped,East
ORD00606,CUST0006,2026-02-27,Delivered,West
ORD00607,CUST0159,2025-03-17,Placed,South
ORD00608,CUST0331,2025-11-26,Returned,North
ORD00609,CUST0309,2026-06-10,Cancelled,East
ORD00610,CUST0075,2024-12-27,Delivered,South
ORD00611,CUST0189,2025-03-24,Returned,North
ORD00612,CUST0518,2024-12-20,Shipped,West
ORD00613,CUST0557,2024-12-14,Returned,West
ORD00614,CUST0095,2025-02-25,Delivered,South
ORD00615,CUST0219,2025-02-17,Delivered,East
ORD00616,CUST0370,2025-09-04,Delivered,South
ORD00617,CUST0544,2025-03-22,Cancelled,North
ORD00618,CUST0118,2026-03-10,Delivered,West
ORD00619,CUST0247,2025-06-25,Returned,South
ORD00620,CUST0041,2025-12-21,Delivered,West
ORD00621,CUST0117,2024-10-17,Cancelled,East
ORD00622,CUST0554,2025-02-14,Delivered,North
ORD00623,CUST0530,2024-11-10,Delivered,West
ORD00624,CUST0499,2024-11-17,Placed,East
ORD00625,CUST0198,2025-02-15,Delivered,North
ORD00626,CUST0099,2024-10-14,Shipped,North
ORD00627,CUST0068,2024-07-29,Shipped,South
ORD00628,CUST0435,2025-11-13,Placed,South
ORD00629,CUST0551,2025-09-25,Cancelled,North
ORD00630,CUST0158,2025-08-21,Placed,West
ORD00631,CUST0340,2024-10-05,Placed,North
ORD00632,CUST0076,2024-12-25,Placed,South
ORD00633,CUST0258,2025-09-12,Returned,North
ORD00634,CUST0589,2025-04-16,Shipped,East
ORD00635,CUST0418,2025-09-17,Cancelled,West
ORD00636,CUST0415,2025-03-22,Cancelled,East
ORD00637,CUST0018,2025-02-13,Cancelled,North
ORD00638,CUST0548,2024-11-04,Placed,North
ORD00639,CUST0600,2026-01-16,Placed,North
ORD00640,CUST0367,2026-04-03,Returned,North
ORD00641,CUST0297,2025-02-23,Delivered,North
ORD00642,CUST0289,2025-10-06,Cancelled,West
ORD00643,CUST0405,2025-01-24,Placed,West
ORD00644,CUST0161,2024-11-28,Returned,South
ORD00645,CUST0140,2024-09-11,Cancelled,East
ORD00646,CUST0148,2025-03-16,Delivered,East
ORD00647,CUST0012,2025-11-06,Returned,South
ORD00648,CUST0127,2026-06-11,Placed,North
ORD00649,CUST0587,2025-04-07,Returned,West
ORD00650,CUST0551,2025-09-10,Returned,North
ORD00651,CUST0313,2025-06-27,Shipped,East
ORD00652,CUST0217,2024-08-26,Cancelled,South
ORD00653,CUST0165,2024-10-27,Shipped,South
ORD00654,CUST0259,2024-08-09,Shipped,North
ORD00655,CUST0186,2025-07-18,Returned,North
ORD00656,CUST0563,2026-06-19,Cancelled,North
ORD00657,CUST0298,2025-12-24,Placed,East
ORD00658,CUST0101,2024-08-26,Shipped,West
ORD00659,CUST0339,2024-10-08,Delivered,South
ORD00660,CUST0241,2025-05-11,Placed,East
ORD00661,CUST0072,2024-08-28,Shipped,East
ORD00662,CUST0498,2024-09-22,Cancelled,East
ORD00663,CUST0314,2025-06-14,Returned,South
ORD00664,CUST0580,2025-05-18,Returned,East
ORD00665,CUST0324,2024-12-04,Cancelled,South
ORD00666,CUST0005,2026-01-16,Delivered,South
ORD00667,CUST0227,2025-10-24,Cancelled,East
ORD00669,CUST0492,2025-10-21,Cancelled,West
ORD00670,CUST0368,2025-11-18,Delivered,West
ORD00671,CUST0565,2026-04-28,Placed,South
ORD00672,CUST0084,2026-01-05,Delivered,South
ORD00673,CUST0552,2026-01-12,Shipped,East
ORD00674,CUST0079,2025-06-29,Placed,North
ORD00675,CUST0520,2025-11-08,Placed,West
ORD00676,CUST0218,2025-04-20,Placed,East
ORD00677,CUST0557,2025-03-17,Returned,West
ORD00678,CUST0153,2025-04-02,Delivered,West
ORD00679,CUST0229,2026-04-13,Returned,East
ORD00680,CUST0138,2024-12-18,Cancelled,North
ORD00681,CUST0407,2026-01-22,Delivered,North
ORD00682,CUST0245,2026-02-27,Returned,South
ORD00683,CUST0527,2025-12-21,Shipped,West
ORD00684,CUST0164,2026-04-07,Shipped,South
ORD00685,CUST0496,2025-09-05,Delivered,North
ORD00686,CUST0225,2024-09-17,Cancelled,South
ORD00687,CUST0065,2026-07-04,Delivered,East
ORD00688,CUST0240,2026-02-25,Placed,South
ORD00690,CUST0481,2025-07-14,Cancelled,North
ORD00691,CUST0041,2025-10-02,Delivered,North
ORD00692,CUST0534,2024-10-28,Delivered,East
ORD00693,CUST0593,2024-09-28,Returned,South
ORD00694,CUST0386,2026-04-10,Cancelled,East
ORD00695,CUST0080,2026-04-02,Returned,East
ORD00696,CUST0386,2026-07-02,Shipped,West
ORD00697,CUST0362,2026-01-11,Delivered,West
ORD00698,CUST0494,2025-07-16,Returned,North
ORD00699,CUST0514,2024-10-01,Shipped,West
ORD00700,CUST0170,2025-07-06,Shipped,North
ORD00701,CUST0527,2025-03-16,Delivered,South
ORD00702,CUST0154,2025-12-31,Shipped,South
ORD00703,CUST0371,2025-11-30,Returned,North
ORD00704,CUST0236,2026-01-20,Cancelled,East
ORD00705,CUST0117,2026-03-05,Cancelled,West
ORD00706,CUST0491,2025-07-14,Shipped,South
ORD00707,CUST0421,2025-07-18,Placed,South
ORD00708,CUST0045,2025-01-13,Shipped,South
ORD00709,CUST0138,2025-01-07,Returned,North
ORD00710,CUST0587,2024-11-06,Shipped,North
ORD00711,CUST0171,2026-05-17,Delivered,South
ORD00712,CUST0530,2026-06-13,Cancelled,North
ORD00714,CUST0460,2025-02-03,Returned,West
ORD00715,CUST0494,2026-06-27,Shipped,South
ORD00716,CUST0421,2025-04-26,Returned,South
ORD00717,CUST0597,2025-05-18,Shipped,East
ORD00718,CUST0172,2024-12-07,Delivered,West
ORD00719,CUST0071,2026-01-12,Shipped,West
ORD00720,CUST0395,2026-06-30,Shipped,North
ORD00721,CUST0017,2025-12-16,Shipped,West
ORD00722,CUST0154,2025-03-31,Returned,North
ORD00723,CUST0182,2026-03-22,Cancelled,North
ORD00724,CUST0545,2026-05-17,Returned,North
ORD00725,CUST0096,2026-06-03,Cancelled,South
ORD00726,CUST0553,2025-03-27,Placed,West
ORD00727,CUST0535,2025-07-05,Cancelled,East
ORD00728,CUST0045,2025-07-31,Returned,West
ORD00729,CUST0235,2024-08-10,Cancelled,West
ORD00730,CUST0359,2024-09-06,Returned,North
ORD00731,CUST0436,2025-07-22,Shipped,East
ORD00732,CUST0489,2024-10-13,Shipped,North
ORD00733,CUST0291,2025-04-16,Returned,West
ORD00734,CUST0264,2025-07-24,Shipped,North
ORD00736,CUST0533,2026-05-05,Placed,West
ORD00737,CUST0211,2024-11-27,Delivered,West
ORD00738,CUST0371,2025-02-22,Placed,South
ORD00739,CUST0437,2026-03-06,Returned,East
ORD00740,CUST0268,2025-04-14,Returned,West
ORD00741,CUST0579,2025-10-30,Delivered,East
ORD00742,CUST0407,2025-10-07,Shipped,West
ORD00743,CUST0566,2024-10-24,Returned,West
ORD00744,CUST0184,2025-08-16,Delivered,West
ORD00745,CUST0260,2024-10-05,Delivered,East
ORD00746,CUST0408,2025-05-29,Shipped,North
ORD00747,CUST0236,2026-04-14,Cancelled,South
ORD00748,CUST0103,2026-01-23,Shipped,West
ORD00749,CUST0347,2026-03-28,Returned,North
ORD00750,CUST0165,2024-10-09,Cancelled,North
ORD00751,CUST0094,2025-03-28,Shipped,West
ORD00752,CUST0446,2025-09-22,Placed,North
ORD00753,CUST0270,2025-12-04,Shipped,East
ORD00754,CUST0082,2024-09-11,Returned,North
ORD00755,CUST0394,2026-03-25,Cancelled,East
ORD00756,CUST0059,2025-03-09,Shipped,West
ORD00757,CUST0450,2025-09-04,Placed,South
ORD00758,CUST0531,2025-07-11,Delivered,South
ORD00759,CUST0035,2025-05-25,Returned,South
ORD00760,CUST0174,2025-10-19,Placed,East
ORD00761,CUST0245,2025-06-04,Placed,South
ORD00762,CUST0089,2025-01-19,Delivered,West
ORD00763,CUST0362,2025-11-12,Cancelled,West
ORD00764,CUST0206,2025-01-23,Returned,North
ORD00765,CUST0071,2025-09-16,Placed,East
ORD00767,CUST0356,2025-07-27,Delivered,South
ORD00768,CUST0200,2025-05-12,Cancelled,West
ORD00769,CUST0589,2024-09-07,Placed,East
ORD00770,CUST0180,2025-04-08,Cancelled,North
ORD00771,CUST0573,,Placed,East
ORD00772,CUST0349,2026-04-11,Placed,East
ORD00773,CUST0551,2026-01-08,Returned,East
ORD00774,CUST0454,2025-10-20,Cancelled,West
ORD00776,CUST0472,2026-03-19,Returned,North
ORD00777,CUST0494,2025-06-21,Placed,East
ORD00778,CUST0070,,Cancelled,South
ORD00779,CUST0236,2026-03-21,Delivered,West
ORD00780,CUST0362,2025-04-09,Returned,North
ORD00781,CUST0270,2025-09-13,Shipped,East
ORD00782,CUST0096,2026-01-08,Cancelled,East
ORD00783,CUST0078,2025-01-17,Returned,South
ORD00784,CUST0488,2024-11-29,Delivered,East
ORD00785,CUST0224,2025-12-14,Returned,East
ORD00786,CUST0188,2025-12-20,Shipped,West
ORD00787,CUST0205,2024-09-16,Shipped,South
ORD00788,CUST0272,2026-02-12,Shipped,South
ORD00789,CUST0208,2026-07-11,Shipped,East
ORD00790,CUST0160,2026-01-21,Placed,North
ORD00791,CUST0081,2025-10-06,Cancelled,North
ORD00792,CUST0555,2026-04-28,Placed,West
ORD00793,CUST0381,2025-07-30,Returned,East
ORD00794,CUST0505,2024-10-14,Returned,East
ORD00795,CUST0503,2025-10-20,Shipped,East
ORD00796,CUST0408,2025-10-23,Shipped,South
ORD00797,CUST0056,2025-07-12,Returned,West
ORD00798,CUST0490,2025-03-27,Returned,North
ORD00799,CUST0515,2025-09-22,Delivered,West
ORD00800,CUST0179,2024-10-01,Cancelled,North
ORD00801,CUST0531,2026-04-17,Cancelled,East
ORD00802,CUST0009,2025-06-28,Placed,South
ORD00803,CUST0389,2024-12-01,Returned,North
ORD00804,CUST0334,2025-03-14,Delivered,East
ORD00805,CUST0192,2025-05-29,Returned,East
ORD00806,CUST0243,2024-09-10,Delivered,West
ORD00807,CUST0352,2025-10-25,Delivered,South
ORD00808,CUST0511,2024-10-10,Cancelled,South
ORD00809,CUST0430,2026-01-01,Delivered,East
ORD00810,CUST0411,2026-04-11,Delivered,West
ORD00811,CUST0185,2025-10-24,Returned,South
ORD00812,CUST0590,2026-03-09,Shipped,North
ORD00813,CUST0277,2026-04-15,Shipped,West
ORD00814,CUST0391,2025-05-08,Shipped,South
ORD00815,CUST0154,2025-03-29,Cancelled,North
ORD00816,CUST0181,2025-08-05,Cancelled,West
ORD00817,CUST0138,2025-11-30,Returned,East
ORD00818,CUST0499,2025-12-12,Delivered,East
ORD00819,CUST0576,2024-09-03,Returned,North
ORD00820,CUST0408,2024-09-26,Placed,South
ORD00821,CUST0062,2025-01-03,Shipped,East
ORD00822,CUST0488,,Placed,West
ORD00823,CUST0343,2024-11-02,Delivered,East
ORD00824,CUST0369,2026-06-07,Returned,East
ORD00825,CUST0353,2025-10-12,Placed,West
ORD00826,CUST0125,2026-06-19,Delivered,South
ORD00827,CUST0591,2026-02-24,Returned,South
ORD00828,CUST0292,2025-11-24,Delivered,East
ORD00829,CUST0523,2026-04-08,Cancelled,West
ORD00830,CUST0081,2024-07-18,Cancelled,East
ORD00831,CUST0475,2026-02-26,Shipped,South
ORD00832,CUST0346,2024-11-08,Cancelled,West
ORD00833,CUST0074,2025-12-13,Placed,South
ORD00834,CUST0352,2024-11-10,Shipped,East
ORD00835,CUST0325,2025-07-04,Delivered,East
ORD00836,CUST0405,2025-09-03,Delivered,West
ORD00837,CUST0372,2025-03-01,Returned,West
ORD00838,CUST0424,2025-05-16,Shipped,South
ORD00839,CUST0024,2025-11-08,Shipped,South
ORD00841,CUST0171,2025-06-30,Cancelled,North
ORD00842,CUST0098,2024-12-16,Placed,West
ORD00843,CUST0562,2024-12-24,Placed,North
ORD00844,CUST0407,2025-12-29,Returned,North
ORD00845,CUST0107,2026-05-30,Delivered,South
ORD00846,CUST0087,2025-03-20,Cancelled,East
ORD00847,CUST0235,2025-03-07,Shipped,East
ORD00848,CUST0454,2025-10-03,Shipped,South
ORD00849,CUST0540,2026-03-26,Shipped,North
ORD00850,CUST0036,2026-06-27,Delivered,East
ORD00851,CUST0488,2025-12-27,Cancelled,East
ORD00853,CUST0553,2026-07-01,Shipped,West
ORD00854,CUST0578,2026-07-15,Cancelled,East
ORD00855,CUST0356,2025-06-20,Cancelled,South
ORD00856,CUST0092,2026-01-26,Cancelled,East
ORD00857,CUST0375,2026-06-28,Cancelled,East
ORD00858,CUST0160,2025-04-11,Delivered,North
ORD00859,CUST0001,2024-09-25,Returned,South
ORD00861,CUST0548,2024-07-24,Placed,West
ORD00862,CUST0489,2025-11-04,Delivered,North
ORD00863,CUST0441,2025-08-18,Delivered,South
ORD00864,CUST0008,2025-05-27,Returned,East
ORD00865,CUST0194,2026-05-07,Cancelled,West
ORD00866,CUST0405,2024-10-25,Shipped,South
ORD00867,CUST0400,2026-05-11,Cancelled,South
ORD00868,CUST0270,2025-03-03,Placed,West
ORD00869,CUST0246,2024-09-04,Returned,East
ORD00870,CUST0292,2025-04-30,Returned,East
ORD00871,CUST0423,2026-06-17,Shipped,North
ORD00872,CUST0187,2025-09-17,Shipped,East
ORD00873,CUST0114,2024-08-28,Cancelled,West
ORD00874,CUST0279,2024-07-18,Returned,West
ORD00875,CUST0193,2026-01-15,Delivered,North
ORD00876,CUST0156,2025-09-25,Placed,North
ORD00877,CUST0191,2026-04-16,Placed,East
ORD00878,CUST0276,2025-04-23,Shipped,West
ORD00879,CUST0009,2024-10-11,Shipped,North
ORD00880,CUST0155,2026-05-17,Placed,West
ORD00881,CUST0223,2025-02-22,Delivered,West
ORD00882,CUST0320,2026-05-21,Cancelled,East
ORD00883,CUST0475,2024-08-11,Placed,East
ORD00884,CUST0083,2025-01-16,Shipped,North
ORD00885,CUST0273,2025-06-18,Cancelled,North
ORD00886,CUST0557,2026-01-14,Cancelled,South
ORD00887,CUST0197,2025-10-19,Delivered,West
ORD00888,CUST0013,2025-05-20,Placed,South
ORD00889,CUST0395,2025-11-15,Cancelled,South
ORD00890,CUST0035,2025-03-22,Shipped,West
ORD00891,CUST0097,2026-01-21,Returned,South
ORD00892,CUST0485,2025-05-11,Cancelled,East
ORD00893,CUST0331,2025-05-29,Shipped,North
ORD00894,CUST0563,2025-05-10,Returned,North
ORD00895,CUST0260,2025-06-21,Cancelled,East
ORD00896,CUST0204,2025-09-14,Delivered,North
ORD00897,CUST0224,2024-12-29,Placed,South
ORD00898,CUST0445,2025-12-14,Delivered,North
ORD00899,CUST0172,2024-11-29,Delivered,North
ORD00900,CUST0406,2025-07-21,Shipped,North
ORD00901,CUST0044,2024-11-03,Returned,West
ORD00902,CUST0159,2024-12-11,Delivered,North
ORD00903,CUST0255,2025-09-22,Shipped,West
ORD00904,CUST0094,2025-05-12,Returned,East
ORD00905,CUST0062,2026-05-04,Placed,East
ORD00906,CUST0158,2026-07-06,Returned,North
ORD00907,CUST0129,2025-04-23,Cancelled,South
ORD00908,CUST0325,2026-05-01,Returned,East
ORD00909,CUST0450,2025-06-07,Shipped,North
ORD00910,CUST0387,2024-11-14,Delivered,South
ORD00911,CUST0257,2025-02-27,Placed,West
ORD00912,CUST0449,2026-05-26,Returned,East
ORD00914,CUST0581,2024-10-23,Shipped,East
ORD00915,CUST0332,2024-10-30,Cancelled,East
ORD00917,CUST0544,2024-09-11,Shipped,West
ORD00918,CUST0303,2025-12-03,Delivered,East
ORD00919,CUST0465,2024-07-30,Placed,West
ORD00920,CUST0190,2024-11-06,Placed,East
ORD00921,CUST0245,2026-01-29,Delivered,North
ORD00922,CUST0552,2026-06-05,Cancelled,South
ORD00923,CUST0537,2025-07-31,Cancelled,South
ORD00924,CUST0290,2025-12-11,Delivered,West
ORD00925,CUST0330,2025-06-22,Placed,North
ORD00926,CUST0536,2024-10-31,Placed,North
ORD00927,CUST0133,2024-09-21,Shipped,North
ORD00929,CUST0197,2025-11-28,Placed,North
ORD00931,CUST0539,2025-06-06,Returned,East
ORD00932,CUST0051,2026-05-17,Delivered,South
ORD00933,CUST0073,2025-07-07,Placed,South
ORD00934,CUST0504,2026-06-12,Placed,West
ORD00935,CUST0063,2026-03-22,Delivered,West
ORD00936,CUST0378,2026-01-09,Placed,East
ORD00937,CUST0542,2025-10-30,Placed,North
ORD00938,CUST0312,2026-07-10,Placed,South
ORD00939,CUST0532,2025-06-13,Placed,North
ORD00940,CUST0237,2025-11-14,Returned,West
ORD00941,CUST0195,2024-12-04,Shipped,South
ORD00942,CUST0584,2025-07-05,Shipped,West
ORD00943,CUST0109,2025-08-17,Returned,East
ORD00944,CUST0470,2025-06-12,Cancelled,North
ORD00945,CUST0171,2025-09-19,Shipped,West
ORD00946,CUST0517,2026-04-15,Delivered,South
ORD00947,CUST0547,2025-07-02,Returned,West
ORD00948,CUST0361,2025-05-12,Delivered,East
ORD00949,CUST0381,2025-04-19,Cancelled,West
ORD00950,CUST0332,2025-01-09,Returned,South
ORD00951,CUST0577,2024-12-09,Returned,South
ORD00952,CUST0385,2025-06-12,Returned,East
ORD00953,CUST0369,2025-10-30,Cancelled,West
ORD00954,CUST0407,2024-07-23,Placed,North
ORD00955,CUST0292,2025-10-09,Returned,North
ORD00956,CUST0531,2025-08-08,Shipped,East
ORD00957,CUST0007,2026-05-06,Delivered,South
ORD00958,CUST0220,2026-02-05,Delivered,North
ORD00959,CUST0283,2025-01-17,Returned,South
ORD00960,CUST0097,2026-01-22,Placed,West
ORD00961,CUST0365,2025-08-11,Shipped,South
ORD00962,CUST0272,2025-02-12,Delivered,South
ORD00963,CUST0239,2025-06-02,Delivered,East
ORD00964,CUST0095,2026-07-07,Returned,West
ORD00965,CUST0583,2025-09-15,Shipped,North
ORD00966,CUST0333,2025-10-08,Cancelled,South
ORD00967,CUST0500,2025-04-29,Returned,North
ORD00968,CUST0308,2024-08-12,Placed,West
ORD00969,CUST0081,2024-08-16,Placed,East
ORD00970,CUST0357,2025-10-02,Cancelled,West
ORD00971,CUST0124,2025-07-28,Shipped,North
ORD00972,CUST0392,2026-01-16,Placed,East
ORD00973,CUST0537,2025-04-30,Placed,East
ORD00974,CUST0553,2024-10-13,Returned,South
ORD00975,CUST0335,2025-10-11,Returned,South
ORD00976,CUST0157,2025-07-27,Placed,West
ORD00977,CUST0457,2026-01-05,Returned,North
ORD00978,CUST0228,2024-09-18,Cancelled,East
ORD00980,CUST0345,2026-02-05,Placed,West
ORD00981,CUST0586,2026-02-06,Placed,West
ORD00982,CUST0269,2025-08-30,Placed,West
ORD00983,CUST0514,2026-05-16,Cancelled,South
ORD00984,CUST0139,2026-02-20,Cancelled,South
ORD00986,CUST0575,2025-02-20,Returned,South
ORD00987,CUST0249,2025-07-14,Placed,East
ORD00988,CUST0441,2025-08-23,Delivered,North
ORD00989,CUST0116,2024-09-16,Cancelled,West
ORD00990,CUST0375,2025-08-28,Delivered,South
ORD00991,CUST0329,2026-06-09,Delivered,North
ORD00992,CUST0313,2025-11-03,Shipped,East
ORD00993,CUST0453,2024-09-24,Returned,South
ORD00994,CUST0452,2025-01-24,Placed,South
ORD00995,CUST0205,2025-07-19,Delivered,South
ORD00996,CUST0088,2025-11-19,Placed,North
ORD00997,CUST0249,2026-02-14,Returned,South
ORD00998,CUST0295,2025-12-15,Placed,East
ORD00999,CUST0114,2025-12-19,Delivered,West
ORD01000,CUST0483,2024-09-16,Placed,East
ORD01001,CUST0215,2025-12-31,Returned,South
ORD01002,CUST0209,2025-11-22,Returned,East
ORD01003,CUST0562,2025-09-09,Cancelled,South
ORD01004,CUST0019,2026-03-29,Cancelled,North
ORD01005,CUST0262,2025-10-11,Shipped,North
ORD01006,CUST0291,2025-03-17,Shipped,East
ORD01007,CUST0055,2025-11-06,Cancelled,North
ORD01008,CUST0069,2024-08-27,Cancelled,East
ORD01009,CUST0369,2026-06-19,Placed,North
ORD01010,CUST0300,2025-04-10,Cancelled,South
ORD01011,CUST0390,2025-09-06,Returned,North
ORD01012,CUST0324,2026-03-14,Cancelled,North
ORD01013,CUST0191,2024-07-26,Shipped,West
ORD01014,CUST0575,2025-07-17,Placed,North
ORD01015,CUST0254,2025-07-05,Returned,East
ORD01016,CUST0342,2025-08-20,Cancelled,West
ORD01017,CUST0161,2026-06-21,Placed,East
ORD01018,CUST0361,2025-07-17,Delivered,East
ORD01019,CUST0242,2025-10-06,Returned,East
ORD01020,CUST0064,2026-02-07,Delivered,West
ORD01021,CUST0031,2025-04-01,Returned,East
ORD01023,CUST0403,2025-04-18,Shipped,North
ORD01024,CUST0392,2026-03-29,Returned,South
ORD01025,CUST0428,2025-03-03,Shipped,South
ORD01026,CUST0437,2025-02-27,Delivered,East
ORD01027,CUST0460,2024-11-25,Returned,South
ORD01028,CUST0212,2024-08-14,Shipped,South
ORD01029,CUST0142,2026-01-08,Delivered,South
ORD01030,CUST0441,2026-07-04,Shipped,South
ORD01031,CUST0326,2025-10-25,Placed,North
ORD01032,CUST0189,2026-02-20,Delivered,South
ORD01033,CUST0031,2025-03-11,Delivered,West
ORD01034,CUST0422,2026-02-02,Delivered,West
ORD01035,CUST0281,2026-03-19,Shipped,South
ORD01036,CUST0110,2025-09-28,Shipped,South
ORD01037,CUST0027,2025-02-05,Returned,East
ORD01038,CUST0581,2024-09-03,Returned,South
ORD01039,CUST0238,2025-11-18,Shipped,North
ORD01040,CUST0368,2025-07-20,Placed,West
ORD01041,CUST0138,2025-10-10,Returned,West
ORD01042,CUST0383,2024-11-26,Shipped,West
ORD01043,CUST0504,2025-10-05,Cancelled,South
ORD01044,CUST0168,2024-08-27,Shipped,South
ORD01045,CUST0034,2025-12-09,Cancelled,North
ORD01046,CUST0277,,Cancelled,South
ORD01047,CUST0208,2026-04-07,Shipped,North
ORD01048,CUST0182,2026-02-10,Cancelled,West
ORD01049,CUST0333,2025-11-14,Cancelled,South
ORD01050,CUST0438,2024-08-08,Cancelled,North
ORD01051,CUST0390,2025-02-25,Delivered,West
ORD01052,CUST0586,2025-07-29,Returned,North
ORD01053,CUST0534,2024-09-20,Placed,West
ORD01054,CUST0468,2024-10-24,Placed,South
ORD01055,CUST0532,2025-08-14,Returned,West
ORD01056,CUST0041,2024-09-15,Returned,West
ORD01057,CUST0529,2026-05-10,Placed,South
ORD01058,CUST0299,2026-03-18,Cancelled,West
ORD01059,CUST0312,2025-02-18,Delivered,West
ORD01060,CUST0171,2025-01-29,Cancelled,East
ORD01061,CUST0056,2024-10-28,Returned,South
ORD01062,CUST0475,2025-11-08,Cancelled,North
ORD01063,CUST0513,2025-02-21,Placed,South
ORD01064,CUST0600,2025-02-16,Returned,South
ORD01065,CUST0403,2026-05-15,Cancelled,East
ORD01066,CUST0462,2025-02-02,Placed,South
ORD01067,CUST0465,2024-07-29,Returned,South
ORD01068,CUST0466,2026-02-13,Placed,East
ORD01069,CUST0332,2024-10-12,Shipped,North
ORD01070,CUST0094,2025-10-30,Placed,West
ORD01071,CUST0372,2024-11-30,Placed,West
ORD01072,CUST0524,2026-06-24,Returned,South
ORD01074,CUST0045,2026-02-11,Shipped,East
ORD01075,CUST0580,2024-11-12,Shipped,South
ORD01076,CUST0149,2025-12-11,Shipped,North
ORD01077,CUST0430,2025-06-29,Delivered,East
ORD01078,CUST0457,2025-05-01,Delivered,South
ORD01079,CUST0121,2026-04-06,Shipped,South
ORD01080,CUST0004,2024-12-01,Returned,East
ORD01081,CUST0013,2025-02-05,Cancelled,West
ORD01082,CUST0511,2026-03-17,Returned,North
ORD01083,CUST0506,2026-01-13,Shipped,South
ORD01084,CUST0488,2025-01-17,Cancelled,West
ORD01085,CUST0453,2025-07-29,Placed,North
ORD01086,CUST0251,2024-12-05,Returned,East
ORD01087,CUST0571,2026-03-30,Shipped,North
ORD01088,CUST0190,2025-08-31,Shipped,North
ORD01089,CUST0358,2026-05-18,Placed,South
ORD01090,CUST0034,2024-08-12,Returned,East
ORD01091,CUST0340,2025-04-10,Placed,North
ORD01092,CUST0112,2024-09-21,Cancelled,South
ORD01093,CUST0166,2024-11-07,Delivered,South
ORD01094,CUST0467,2025-10-23,Returned,East
ORD01095,CUST0037,2026-07-13,Placed,East
ORD01096,CUST0331,2026-04-17,Delivered,West
ORD01097,CUST0070,2024-11-14,Cancelled,North
ORD01098,CUST0300,2026-04-29,Cancelled,South
ORD01099,CUST0125,2025-08-07,Delivered,East
ORD01100,CUST0540,2026-02-22,Cancelled,South
ORD01101,CUST0215,2025-06-03,Returned,North
ORD01102,CUST0112,2026-03-08,Returned,North
ORD01104,CUST0438,2025-01-18,Returned,East
ORD01105,CUST0266,2025-12-13,Returned,East
ORD01106,CUST0133,2025-06-24,Returned,West
ORD01107,CUST0533,2026-02-01,Cancelled,West
ORD01108,CUST0185,2025-11-25,Returned,South
ORD01109,CUST0298,2024-11-24,Shipped,North
ORD01110,CUST0122,2024-12-28,Placed,West
ORD01111,CUST0121,2025-10-09,Shipped,West
ORD01113,CUST0359,2026-05-02,Returned,South
ORD01114,CUST0012,2025-04-12,Shipped,East
ORD01115,CUST0261,2024-08-29,Placed,East
ORD01116,CUST0308,2025-11-28,Returned,East
ORD01118,CUST0350,2026-02-24,Cancelled,North
ORD01119,CUST0180,2026-04-15,Shipped,East
ORD01120,CUST0347,2024-10-16,Cancelled,West
ORD01121,CUST0037,2024-08-27,Shipped,West
ORD01122,CUST0160,2024-11-25,Cancelled,East
ORD01123,CUST0474,2025-07-13,Cancelled,North
ORD01124,CUST0534,2025-05-23,Delivered,East
ORD01125,CUST0569,2025-07-22,Returned,North
ORD01126,CUST0214,2025-03-09,Returned,East
ORD01127,CUST0363,2025-07-22,Placed,South
ORD01128,CUST0288,2026-02-17,Placed,East
ORD01129,CUST0385,2026-02-22,Returned,South
ORD01131,CUST0192,2025-09-04,Returned,North
ORD01132,CUST0316,2025-01-15,Delivered,North
ORD01133,CUST0279,2025-05-08,Cancelled,North
ORD01134,CUST0509,2025-12-30,Shipped,East
ORD01135,CUST0463,2026-01-17,Delivered,South
ORD01136,CUST0538,2025-05-16,Delivered,South
ORD01137,CUST0115,2025-07-21,Delivered,North
ORD01138,CUST0207,2025-02-06,Placed,West
ORD01139,CUST0519,2024-11-07,Placed,West
ORD01140,CUST0513,2025-09-03,Shipped,South
ORD01141,CUST0349,2026-05-24,Cancelled,East
ORD01142,CUST0336,2025-06-20,Shipped,North
ORD01143,CUST0529,2024-07-27,Shipped,South
ORD01144,CUST0038,2025-02-27,Cancelled,West
ORD01145,CUST0535,2026-07-08,Placed,North
ORD01146,CUST0319,2026-03-29,Placed,North
ORD01147,CUST0342,2025-07-01,Cancelled,North
ORD01148,CUST0106,2025-05-10,Returned,East
ORD01149,CUST0024,2025-12-27,Returned,East
ORD01150,CUST0215,2025-03-20,Delivered,South
ORD01151,CUST0198,2025-09-02,Delivered,East
ORD01152,CUST0546,2025-12-30,Delivered,West
ORD01153,CUST0121,2024-08-18,Delivered,South
ORD01154,CUST0162,2024-10-01,Delivered,North
ORD01156,CUST0212,2025-09-03,Returned,East
ORD01157,CUST0563,2025-11-25,Delivered,East
ORD01158,CUST0145,2025-04-18,Delivered,South
ORD01159,CUST0176,2026-05-04,Placed,East
ORD01160,CUST0347,2025-06-18,Returned,West
ORD01161,CUST0052,2025-11-04,Shipped,North
ORD01162,CUST0483,2026-07-01,Placed,North
ORD01163,CUST0393,2025-12-06,Placed,North
ORD01164,CUST0437,2026-05-15,Cancelled,South
ORD01165,CUST0457,2025-02-14,Returned,East
ORD01166,CUST0320,2025-04-04,Delivered,South
ORD01167,CUST0547,2025-02-12,Placed,West
ORD01168,CUST0582,2025-02-10,Shipped,North
ORD01169,CUST0480,,Placed,West
ORD01170,CUST0318,2024-10-02,Cancelled,West
ORD01171,CUST0238,2025-02-01,Shipped,South
ORD01172,CUST0265,2025-12-08,Delivered,West
ORD01173,CUST0188,2025-10-14,Delivered,East
ORD01174,CUST0465,2025-05-17,Cancelled,North
ORD01175,CUST0067,2025-07-11,Cancelled,North
ORD01176,CUST0360,2026-03-10,Cancelled,West
ORD01178,CUST0589,2026-02-19,Shipped,North
ORD01179,CUST0416,2025-01-21,Placed,East
ORD01180,CUST0570,2026-02-08,Placed,East
ORD01181,CUST0546,2025-12-21,Cancelled,West
ORD01182,CUST0424,2025-10-18,Shipped,South
ORD01183,CUST0562,2026-03-08,Shipped,West
ORD01184,CUST0394,2024-12-16,Placed,East
ORD01185,CUST0214,2025-08-25,Returned,West
ORD01186,CUST0446,2025-04-06,Returned,East
ORD01187,CUST0558,2025-12-26,Shipped,South
ORD01188,CUST0080,2026-01-05,Returned,West
ORD01189,CUST0118,2024-12-04,Returned,West
ORD01190,CUST0334,2025-03-18,Returned,North
ORD01191,CUST0456,2025-09-16,Shipped,East
ORD01193,CUST0389,2025-12-22,Delivered,West
ORD01194,CUST0063,2024-07-24,Placed,South
ORD01195,CUST0143,2026-04-24,Returned,North
ORD01196,CUST0151,2024-09-08,Shipped,West
ORD01197,CUST0545,2024-07-27,Delivered,West
ORD01198,CUST0592,2025-06-02,Cancelled,South
ORD01199,CUST0211,2024-10-01,Delivered,East
ORD01200,CUST0584,2025-08-29,Delivered,West
ORD01201,CUST0353,2024-10-06,Placed,North
ORD01203,CUST0302,2025-06-29,Placed,East
ORD01204,CUST0563,2025-04-17,Placed,North
ORD01205,CUST0574,2025-01-04,Delivered,North
ORD01207,CUST0443,2025-02-23,Returned,West
ORD01208,CUST0326,2025-01-29,Cancelled,West
ORD01209,CUST0391,2024-12-14,Cancelled,South
ORD01210,CUST0178,2024-08-13,Cancelled,South
ORD01211,CUST0193,2024-08-05,Returned,West
ORD01212,CUST0369,2025-11-11,Cancelled,South
ORD01213,CUST0296,2024-09-27,Shipped,South
ORD01214,CUST0012,2024-08-31,Placed,North
ORD01215,CUST0148,2026-07-16,Cancelled,West
ORD01216,CUST0140,2025-10-22,Placed,South
ORD01217,CUST0426,2025-12-10,Cancelled,West
ORD01218,CUST0185,2026-06-12,Cancelled,West
ORD01219,CUST0566,2026-04-27,Cancelled,West
ORD01220,CUST0364,2025-01-02,Shipped,South
ORD01221,CUST0435,2025-10-26,Returned,North
ORD01222,CUST0592,2025-11-25,Cancelled,South
ORD01223,CUST0514,2024-10-20,Delivered,West
ORD01224,CUST0560,2026-01-18,Returned,East
ORD01225,CUST0035,2024-10-19,Placed,West
ORD01226,CUST0378,2024-09-23,Placed,West
ORD01227,CUST0082,2026-05-14,Shipped,East
ORD01229,CUST0536,2024-10-26,Returned,North
ORD01230,CUST0252,2025-05-06,Cancelled,North
ORD01231,CUST0553,2025-12-09,Returned,East
ORD01232,CUST0055,2026-03-03,Delivered,North
ORD01233,CUST0481,2026-06-16,Cancelled,West
ORD01234,CUST0588,2025-12-03,Delivered,West
ORD01235,CUST0362,2025-09-30,Delivered,East
ORD01236,CUST0172,2026-04-02,Placed,East
ORD01238,CUST0485,2026-06-13,Returned,South
ORD01239,CUST0587,2024-10-12,Placed,East
ORD01240,CUST0028,2026-01-09,Delivered,West
ORD01241,CUST0085,2024-12-08,Shipped,North
ORD01242,CUST0285,2025-01-30,Delivered,South
ORD01243,CUST0288,2025-03-03,Delivered,East
ORD01244,CUST0015,2025-07-15,Placed,South
ORD01245,CUST0155,2025-12-13,Cancelled,East
ORD01246,CUST0180,2026-07-15,Delivered,South
ORD01247,CUST0497,2024-09-14,Shipped,North
ORD01248,CUST0352,2025-11-26,Placed,South
ORD01249,CUST0158,2025-07-05,Cancelled,West
ORD01250,CUST0393,2026-07-04,Shipped,West
ORD01251,CUST0172,2025-02-17,Shipped,East
ORD01252,CUST0056,2026-03-07,Delivered,North
ORD01253,CUST0054,2025-06-14,Shipped,West
ORD01254,CUST0409,2026-01-06,Cancelled,East
ORD01255,CUST0488,2026-06-19,Returned,South
ORD01256,CUST0389,2025-12-18,Cancelled,West
ORD01257,CUST0269,2026-03-07,Shipped,West
ORD01258,CUST0013,2026-03-08,Delivered,West
ORD01259,CUST0392,2025-03-26,Delivered,North
ORD01260,CUST0100,2025-02-02,Returned,East
ORD01261,CUST0443,2024-11-20,Returned,East
ORD01262,CUST0344,2026-03-16,Delivered,East
ORD01263,CUST0101,2024-09-13,Delivered,West
ORD01264,CUST0473,2025-02-18,Shipped,South
ORD01265,CUST0533,,Delivered,South
ORD01266,CUST0321,2024-09-04,Returned,North
ORD01267,CUST0009,2025-05-11,Placed,North
ORD01268,CUST0422,2025-05-15,Placed,North
ORD01269,CUST0457,2025-04-02,Delivered,South
ORD01270,CUST0291,2024-09-02,Delivered,South
ORD01271,CUST0035,2025-02-03,Placed,North
ORD01272,CUST0059,2026-04-10,Returned,South
ORD01273,CUST0125,2025-02-08,Placed,North
ORD01275,CUST0114,2025-06-25,Shipped,East
ORD01276,CUST0302,2024-09-09,Cancelled,North
ORD01277,CUST0465,2025-08-03,Delivered,West
ORD01278,CUST0332,2026-07-09,Delivered,South
ORD01279,CUST0076,2024-12-20,Delivered,North
ORD01280,CUST0392,2025-11-04,Cancelled,East
ORD01281,CUST0062,2025-05-18,Delivered,East
ORD01282,CUST0183,2024-12-03,Cancelled,North
ORD01284,CUST0183,2025-08-04,Cancelled,North
ORD01285,CUST0148,2024-10-10,Returned,West
ORD01286,CUST0224,2024-11-06,Returned,North
ORD01287,CUST0453,2025-09-10,Delivered,North
ORD01288,CUST0036,2026-03-07,Placed,North
ORD01290,CUST0020,2025-01-03,Cancelled,South
ORD01292,CUST0273,2025-11-29,Shipped,East
ORD01293,CUST0401,2024-10-08,Returned,North
ORD01294,CUST0528,2026-06-26,Cancelled,West
ORD01295,CUST0447,2025-06-25,Cancelled,North
ORD01296,CUST0554,2026-01-24,Shipped,North
ORD01297,CUST0394,2025-02-04,Cancelled,North
ORD01298,CUST0581,2024-10-06,Returned,East
ORD01299,CUST0342,2024-08-14,Delivered,West
ORD01300,CUST0057,2024-09-12,Placed,East
ORD01301,CUST0548,2024-09-10,Delivered,North
ORD01302,CUST0471,2025-10-04,Delivered,South
ORD01303,CUST0181,2026-02-03,Returned,North
ORD01304,CUST0394,2025-01-28,Shipped,East
ORD01305,CUST0400,2026-03-13,Placed,East
ORD01306,CUST0499,2025-06-29,Placed,West
ORD01307,CUST0195,2024-08-01,Shipped,North
ORD01308,CUST0198,,Placed,South
ORD01309,CUST0501,2025-08-08,Cancelled,North
ORD01310,CUST0554,2024-11-10,Delivered,West
ORD01311,CUST0547,2025-12-07,Cancelled,North
ORD01312,CUST0038,2025-11-27,Delivered,North
ORD01314,CUST0122,2026-07-12,Shipped,West
ORD01315,CUST0550,2024-08-16,Shipped,South
ORD01316,CUST0074,2025-12-16,Placed,South
ORD01317,CUST0501,2025-05-17,Placed,West
ORD01319,CUST0015,2024-11-12,Shipped,North
ORD01321,CUST0175,2025-03-31,Returned,North
ORD01322,CUST0109,2026-06-20,Placed,West
ORD01323,CUST0226,2025-05-17,Placed,South
ORD01324,CUST0437,2025-10-07,Delivered,West
ORD01325,CUST0333,2024-07-20,Placed,South
ORD01326,CUST0330,2025-08-22,Shipped,North
ORD01327,CUST0178,2026-01-18,Delivered,North
ORD01328,CUST0124,2026-07-18,Delivered,South
ORD01330,CUST0567,2025-08-03,Shipped,West
ORD01331,CUST0250,2025-07-24,Returned,North
ORD01332,CUST0137,2025-06-21,Placed,West
ORD01333,CUST0162,2025-05-27,Placed,West
ORD01334,CUST0083,2026-05-04,Placed,North
ORD01335,CUST0184,2026-02-03,Placed,East
ORD01336,CUST0427,2026-03-16,Cancelled,South
ORD01337,CUST0212,2026-04-09,Shipped,East
ORD01338,CUST0536,2026-03-20,Cancelled,West
ORD01339,CUST0245,2024-09-10,Shipped,North
ORD01340,CUST0185,2025-09-10,Cancelled,North
ORD01341,CUST0309,2025-01-09,Delivered,West
ORD01342,CUST0005,2024-07-20,Returned,South
ORD01343,CUST0197,2025-05-12,Placed,North
ORD01344,CUST0371,2026-01-04,Returned,South
ORD01345,CUST0476,2026-04-14,Shipped,East
ORD01346,CUST0055,2026-03-15,Shipped,North
ORD01349,CUST0056,2025-10-01,Delivered,East
ORD01350,CUST0215,2025-09-06,Cancelled,East
ORD01351,CUST0343,2026-07-14,Returned,West
ORD01352,CUST0045,2025-04-22,Placed,North
ORD01353,CUST0551,2025-04-02,Shipped,South
ORD01354,CUST0030,2025-12-29,Cancelled,North
ORD01355,CUST0073,2025-03-10,Shipped,West
ORD01356,CUST0594,2025-05-25,Delivered,West
ORD01357,CUST0204,2024-08-29,Delivered,South
ORD01359,CUST0101,2025-12-02,Shipped,West
ORD01360,CUST0205,2024-09-26,Cancelled,South
ORD01361,CUST0076,2025-04-27,Cancelled,West
ORD01362,CUST0056,2025-09-06,Cancelled,South
ORD01363,CUST0222,2026-05-11,Returned,West
ORD01364,CUST0183,2025-04-08,Cancelled,East
ORD01365,CUST0140,2024-09-18,Cancelled,South
ORD01366,CUST0368,2026-05-02,Delivered,South
ORD01367,CUST0344,2025-07-10,Shipped,North
ORD01368,CUST0583,2026-02-28,Placed,East
ORD01369,CUST0140,2026-03-05,Placed,West
ORD01370,CUST0470,2025-02-28,Cancelled,South
ORD01372,CUST0161,2024-12-22,Returned,South
ORD01373,CUST0592,2024-12-02,Returned,South
ORD01374,CUST0089,2025-09-21,Cancelled,West
ORD01375,CUST0222,2024-08-17,Returned,West
ORD01376,CUST0474,2025-05-12,Delivered,North
ORD01377,CUST0439,2025-12-13,Shipped,South
ORD01378,CUST0336,2024-12-13,Cancelled,South
ORD01379,CUST0153,2025-03-07,Returned,North
ORD01380,CUST0428,2026-01-09,Placed,North
ORD01381,CUST0482,2025-05-17,Returned,North
ORD01382,CUST0436,2026-06-14,Returned,West
ORD01383,CUST0491,2024-10-08,Placed,West
ORD01384,CUST0508,2025-11-19,Shipped,North
ORD01385,CUST0572,2026-01-04,Placed,West
ORD01386,CUST0224,2025-04-23,Shipped,East
ORD01387,CUST0303,2025-07-30,Shipped,North
ORD01388,CUST0017,2024-09-21,Cancelled,East
ORD01389,CUST0166,2026-06-05,Cancelled,North
ORD01390,CUST0466,2025-11-21,Cancelled,South
ORD01391,CUST0416,,Shipped,East
ORD01393,CUST0395,2024-12-12,Delivered,North
ORD01394,CUST0304,2024-11-03,Cancelled,East
ORD01395,CUST0556,2024-08-14,Returned,South
ORD01396,CUST0083,2024-12-14,Returned,East
ORD01397,CUST0057,2024-08-06,Returned,East
ORD01398,CUST0053,2026-01-28,Placed,West
ORD01400,CUST0375,2025-01-19,Delivered,South
ORD01401,CUST0573,2025-08-01,Placed,South
ORD01402,CUST0142,2025-05-15,Delivered,South
ORD01403,CUST0553,2024-09-04,Placed,West
ORD01404,CUST0595,2026-03-25,Shipped,South
ORD01405,CUST0329,2025-09-10,Delivered,East
ORD01406,CUST0516,2025-11-29,Cancelled,East
ORD01407,CUST0056,2025-03-14,Placed,East
ORD01408,CUST0354,2025-08-10,Cancelled,West
ORD01409,CUST0514,2025-09-05,Returned,North
ORD01410,CUST0482,2026-04-26,Returned,East
ORD01411,CUST0463,2026-04-09,Returned,East
ORD01412,CUST0068,2025-07-01,Shipped,West
ORD01413,CUST0090,2024-07-30,Placed,West
ORD01414,CUST0184,2024-08-15,Delivered,North
ORD01415,CUST0112,2025-04-07,Shipped,East
ORD01416,CUST0115,2024-08-30,Shipped,West
ORD01417,CUST0155,2025-04-06,Shipped,North
ORD01418,CUST0301,2026-03-21,Cancelled,South
ORD01419,CUST0486,2026-01-29,Delivered,West
ORD01420,CUST0455,2024-08-20,Placed,East
ORD01421,CUST0194,2025-05-28,Placed,North
ORD01422,CUST0238,2024-10-17,Returned,East
ORD01423,CUST0422,2024-12-29,Returned,East
ORD01425,CUST0469,2025-12-07,Delivered,South
ORD01426,CUST0314,2025-12-18,Shipped,East
ORD01428,CUST0296,2025-07-09,Placed,South
ORD01429,CUST0362,2026-07-18,Delivered,West
ORD01430,CUST0171,2025-12-26,Returned,South
ORD01431,CUST0549,2026-05-24,Delivered,South
ORD01432,CUST0180,2026-05-28,Shipped,South
ORD01433,CUST0244,2025-09-07,Placed,North
ORD01434,CUST0325,2024-11-10,Returned,South
ORD01435,CUST0452,2026-02-13,Delivered,East
ORD01436,CUST0189,2025-10-10,Shipped,North
ORD01437,CUST0325,2025-01-14,Delivered,South
ORD01438,CUST0382,2026-07-06,Cancelled,South
ORD01439,CUST0547,2024-09-11,Delivered,North
ORD01440,CUST0026,2024-08-15,Cancelled,West
ORD01441,CUST0149,2026-02-09,Cancelled,East
ORD01442,CUST0160,2024-11-04,Placed,East
ORD01443,CUST0303,2025-08-01,Cancelled,East
ORD01444,CUST0588,2025-12-07,Shipped,West
ORD01445,CUST0347,2024-08-01,Placed,West
ORD01446,CUST0042,2025-07-19,Shipped,North
ORD01447,CUST0316,2026-06-22,Placed,West
ORD01448,CUST0226,2026-07-01,Cancelled,East
ORD01449,CUST0095,2025-11-10,Delivered,North
ORD01450,CUST0200,2024-08-22,Returned,South
ORD01451,CUST0285,2025-01-22,Shipped,North
ORD01452,CUST0086,2026-01-13,Returned,West
ORD01453,CUST0090,2025-12-03,Returned,West
ORD01454,CUST0200,2024-10-27,Cancelled,East
ORD01455,CUST0524,2024-07-29,Placed,East
ORD01456,CUST0408,2024-11-28,Shipped,West
ORD01457,CUST0379,2025-11-21,Cancelled,East
ORD01458,CUST0013,2024-08-25,Delivered,East
ORD01459,CUST0360,2026-06-20,Delivered,West
ORD01461,CUST0455,2026-04-16,Cancelled,West
ORD01462,CUST0296,2026-03-26,Shipped,West
ORD01463,CUST0425,2024-10-01,Shipped,North
ORD01464,CUST0148,2025-07-07,Shipped,East
ORD01466,CUST0068,2024-11-27,Returned,West
ORD01467,CUST0091,2026-04-27,Placed,West
ORD01468,CUST0280,2025-10-20,Cancelled,South
ORD01469,CUST0570,2024-09-05,Cancelled,South
ORD01470,CUST0205,2026-04-14,Shipped,West
ORD01471,CUST0297,2026-04-13,Returned,West
ORD01472,CUST0044,2024-10-08,Delivered,East
ORD01473,CUST0506,2024-10-14,Returned,West
ORD01474,CUST0230,2025-08-08,Placed,North
ORD01475,CUST0158,2025-10-23,Delivered,East
ORD01476,CUST0484,2026-03-30,Placed,East
ORD01477,CUST0428,2025-11-08,Shipped,West
ORD01478,CUST0251,2025-01-05,Placed,North
ORD01479,CUST0284,2024-09-05,Cancelled,North
ORD01480,CUST0371,2026-04-03,Returned,West
ORD01481,CUST0580,2024-12-22,Cancelled,East
ORD01482,CUST0488,2025-06-14,Placed,East
ORD01483,CUST0525,2025-04-06,Returned,North
ORD01485,CUST0150,2026-04-28,Delivered,West
ORD01486,CUST0139,2026-02-11,Delivered,South
ORD01487,CUST0055,2025-12-26,Delivered,East
ORD01488,CUST0430,2025-05-26,Delivered,North
ORD01489,CUST0297,2025-03-26,Delivered,North
ORD01490,CUST0527,2024-10-19,Shipped,South
ORD01491,CUST0097,2025-12-31,Returned,South
ORD01492,CUST0557,2025-10-08,Delivered,East
ORD01493,CUST0309,2025-09-15,Delivered,East
ORD01494,CUST0099,2024-11-01,Returned,East
ORD01495,CUST0148,2025-03-24,Placed,South
ORD01496,CUST0531,2026-04-28,Delivered,East
ORD01497,CUST0497,2026-03-26,Cancelled,East
ORD01499,CUST0159,2026-03-03,Returned,South
ORD01500,CUST0193,2024-08-22,Returned,North
ORD01501,CUST0428,2025-10-21,Cancelled,North
ORD01502,CUST0120,2024-11-29,Shipped,North
ORD01503,CUST0492,2025-04-04,Delivered,East
ORD01505,CUST0536,2024-10-19,Delivered,South
ORD01506,CUST0312,2025-02-15,Placed,North
ORD01507,CUST0228,2024-11-04,Shipped,South
ORD01508,CUST0233,2026-02-26,Delivered,South
ORD01509,CUST0215,2025-06-05,Shipped,North
ORD01510,CUST0436,2024-11-25,Placed,North
ORD01511,CUST0020,2026-01-09,Cancelled,West
ORD01512,CUST0044,2025-05-01,Shipped,North
ORD01513,CUST0034,2025-09-20,Returned,North
ORD01514,CUST0481,2024-11-23,Placed,East
ORD01516,CUST0011,2025-01-23,Placed,North
ORD01517,CUST0211,2026-07-06,Returned,South
ORD01518,CUST0190,2025-10-13,Delivered,North
ORD01519,CUST0093,2024-08-18,Shipped,East
ORD01520,CUST0594,2024-10-29,Delivered,East
ORD01521,CUST0165,2024-10-03,Returned,South
ORD01522,CUST0518,2026-03-24,Returned,North
ORD01523,CUST0102,2026-05-07,Returned,North
ORD01524,CUST0542,2025-11-21,Shipped,South
ORD01525,CUST0289,2025-11-05,Shipped,North
ORD01526,CUST0102,2025-05-06,Shipped,West
ORD01527,CUST0376,2026-03-14,Returned,South
ORD01528,CUST0451,2024-11-17,Placed,South
ORD01530,CUST0220,2026-06-01,Returned,South
ORD01531,CUST0418,2025-07-31,Placed,East
ORD01532,CUST0127,2024-09-18,Cancelled,North
ORD01533,CUST0533,2024-07-22,Shipped,West
ORD01534,CUST0370,2024-07-23,Delivered,North
ORD01535,CUST0085,2024-12-04,Delivered,West
ORD01536,CUST0119,2026-07-07,Cancelled,East
ORD01537,CUST0468,2024-09-25,Returned,East
ORD01538,CUST0455,2026-01-17,Shipped,West
ORD01539,CUST0298,2025-12-06,Cancelled,South
ORD01540,CUST0072,2025-10-22,Cancelled,East
ORD01541,CUST0184,2026-06-06,Placed,West
ORD01542,CUST0108,2025-02-23,Cancelled,West
ORD01543,CUST0536,2025-06-06,Placed,North
ORD01544,CUST0147,2026-01-07,Cancelled,West
ORD01545,CUST0105,2026-04-06,Shipped,North
ORD01546,CUST0373,2026-03-25,Shipped,East
ORD01547,CUST0206,2026-03-10,Returned,West
ORD01548,CUST0126,2025-07-22,Shipped,West
ORD01549,CUST0512,2026-01-06,Delivered,East
ORD01550,CUST0410,2024-10-24,Delivered,West
ORD01551,CUST0415,2024-12-25,Cancelled,East
ORD01552,CUST0151,2024-11-06,Cancelled,North
ORD01553,CUST0126,2025-11-26,Delivered,West
ORD01554,CUST0510,2025-02-13,Shipped,South
ORD01555,CUST0031,2025-08-28,Placed,North
ORD01556,CUST0070,2025-07-02,Cancelled,North
ORD01557,CUST0184,2025-06-03,Cancelled,East
ORD01558,CUST0157,2025-01-19,Delivered,North
ORD01559,CUST0079,2026-07-16,Returned,West
ORD01560,CUST0478,2024-11-30,Shipped,East
ORD01561,CUST0510,2025-11-04,Cancelled,East
ORD01562,CUST0556,2026-01-06,Delivered,North
ORD01563,CUST0033,2024-08-16,Cancelled,North
ORD01564,CUST0393,2025-10-24,Cancelled,East
ORD01565,CUST0386,2024-12-04,Cancelled,West
ORD01566,CUST0037,2026-01-26,Placed,South
ORD01567,CUST0571,2025-08-10,Delivered,South
ORD01568,CUST0504,2025-11-05,Cancelled,South
ORD01569,CUST0320,2024-09-24,Cancelled,West
ORD01570,CUST0113,2025-11-17,Returned,West
ORD01571,CUST0568,2026-04-20,Returned,West
ORD01572,CUST0488,2026-03-17,Returned,South
ORD01573,CUST0519,2025-03-08,Placed,West
ORD01574,CUST0270,2025-04-14,Cancelled,West
ORD01575,CUST0362,2025-06-08,Delivered,East
ORD01576,CUST0063,2024-07-21,Placed,North
ORD01577,CUST0132,2025-09-24,Delivered,East
ORD01578,CUST0598,2025-01-17,Placed,East
ORD01579,CUST0390,2024-12-14,Placed,West
ORD01580,CUST0354,2024-10-17,Delivered,West
ORD01581,CUST0360,2025-09-02,Placed,South
ORD01582,CUST0254,2024-09-30,Shipped,East
ORD01583,CUST0087,2025-11-10,Placed,East
ORD01584,CUST0118,2025-04-25,Delivered,South
ORD01585,CUST0021,2026-05-19,Returned,East
ORD01586,CUST0039,2026-03-01,Cancelled,West
ORD01587,CUST0582,2025-09-10,Returned,West
ORD01588,CUST0274,2025-08-16,Placed,West
ORD01589,CUST0023,2025-01-04,Delivered,West
ORD01590,CUST0585,2025-07-13,Cancelled,East
ORD01591,CUST0587,2026-03-08,Placed,West
ORD01592,CUST0103,2025-11-16,Shipped,East
ORD01593,CUST0509,2025-12-12,Returned,East
ORD01594,CUST0171,2024-12-26,Returned,East
ORD01595,CUST0373,2025-02-17,Cancelled,South
ORD01597,CUST0295,2024-12-15,Delivered,North
ORD01598,CUST0305,2024-10-13,Returned,West
ORD01599,CUST0232,2026-03-28,Returned,North
ORD01600,CUST0593,2024-11-10,Placed,East
ORD01601,CUST0280,2026-01-01,Placed,West
ORD01602,CUST0438,2026-05-04,Shipped,East
ORD01603,CUST0079,2026-06-25,Delivered,East
ORD01604,CUST0444,2025-07-21,Returned,East
ORD01605,CUST0205,2025-08-08,Cancelled,West
ORD01606,CUST0258,2024-12-01,Returned,West
ORD01607,CUST0561,2024-11-19,Shipped,North
ORD01608,CUST0529,2025-12-20,Shipped,West
ORD01609,CUST0219,2026-07-04,Cancelled,East
ORD01610,CUST0546,2024-08-20,Returned,West
ORD01611,CUST0580,2024-08-28,Placed,South
ORD01612,CUST0374,2025-11-30,Cancelled,South
ORD01613,CUST0247,2025-04-26,Shipped,East
ORD01614,CUST0446,2025-02-24,Cancelled,East
ORD01615,CUST0066,2024-12-27,Shipped,West
ORD01616,CUST0274,2025-06-20,Delivered,South
ORD01617,CUST0263,2025-01-29,Returned,South
ORD01618,CUST0416,2025-04-03,Shipped,North
ORD01619,CUST0154,2025-11-09,Shipped,North
ORD01620,CUST0252,2026-04-04,Delivered,West
ORD01621,CUST0498,2026-06-09,Returned,West
ORD01622,CUST0433,2026-02-27,Placed,South
ORD01623,CUST0164,2025-07-04,Delivered,South
ORD01624,CUST0030,2024-08-20,Delivered,East
ORD01625,CUST0564,2024-10-07,Shipped,North
ORD01626,CUST0498,2026-02-13,Placed,North
ORD01627,CUST0086,2024-08-27,Delivered,East
ORD01628,CUST0066,2026-07-06,Cancelled,East
ORD01629,CUST0093,2025-09-08,Cancelled,South
ORD01630,CUST0242,2024-12-01,Placed,North
ORD01631,CUST0535,2024-11-17,Returned,East
ORD01632,CUST0509,2026-03-20,Placed,South
ORD01633,CUST0126,2024-08-09,Delivered,East
ORD01634,CUST0599,2025-07-29,Cancelled,South
ORD01635,CUST0434,2025-08-21,Shipped,South
ORD01636,CUST0110,2024-10-16,Shipped,South
ORD01637,CUST0282,2024-09-11,Cancelled,West
ORD01638,CUST0261,2026-06-13,Returned,North
ORD01639,CUST0503,2025-01-16,Returned,East
ORD01640,CUST0116,2026-01-29,Delivered,West
ORD01641,CUST0487,2025-06-28,Shipped,East
ORD01642,CUST0149,2025-10-21,Delivered,West
ORD01643,CUST0377,2025-10-11,Delivered,North
ORD01644,CUST0036,2025-03-28,Placed,South
ORD01645,CUST0260,2025-06-08,Returned,West
ORD01646,CUST0317,2024-12-19,Delivered,North
ORD01647,CUST0548,2026-02-18,Shipped,West
ORD01648,CUST0398,2025-12-25,Placed,West
ORD01649,CUST0262,2026-06-15,Delivered,North
ORD01650,CUST0242,2025-03-27,Delivered,South
ORD01651,CUST0165,2025-01-12,Cancelled,East
ORD01652,CUST0417,2026-03-15,Placed,East
ORD01653,CUST0083,2024-10-11,Cancelled,West
ORD01654,CUST0423,2025-03-28,Delivered,West
ORD01655,CUST0103,2025-01-10,Shipped,East
ORD01656,CUST0519,2024-10-02,Placed,East
ORD01657,CUST0431,2025-01-18,Returned,East
ORD01658,CUST0465,2026-02-11,Placed,North
ORD01659,CUST0189,2025-06-03,Cancelled,South
ORD01660,CUST0004,2026-05-24,Cancelled,South
ORD01661,CUST0313,2024-12-20,Delivered,North
ORD01662,CUST0114,2025-05-05,Shipped,South
ORD01663,CUST0529,2026-06-10,Shipped,West
ORD01664,CUST0328,2025-01-05,Cancelled,West
ORD01665,CUST0137,2024-09-13,Delivered,South
ORD01666,CUST0336,2025-07-18,Delivered,South
ORD01667,CUST0087,2025-10-15,Cancelled,East
ORD01669,CUST0585,2024-08-29,Shipped,North
ORD01670,CUST0024,2026-06-09,Returned,South
ORD01671,CUST0092,2025-06-21,Cancelled,South
ORD01672,CUST0269,2024-11-07,Shipped,North
ORD01673,CUST0411,2025-01-01,Returned,West
ORD01674,CUST0267,2026-07-08,Shipped,North
ORD01675,CUST0377,2025-11-03,Shipped,North
ORD01676,CUST0015,2025-07-06,Returned,West
ORD01677,CUST0465,2024-12-03,Cancelled,North
ORD01678,CUST0230,2025-05-14,Shipped,South
ORD01679,CUST0273,2025-05-04,Delivered,West
ORD01680,CUST0392,2024-10-31,Shipped,West
ORD01681,CUST0212,2025-07-08,Returned,South
ORD01682,CUST0290,2026-01-28,Shipped,West
ORD01683,CUST0185,2024-12-15,Cancelled,South
ORD01684,CUST0030,2025-11-20,Delivered,East
ORD01685,CUST0242,2025-04-22,Returned,West
ORD01686,CUST0255,2025-02-12,Delivered,West
ORD01687,CUST0088,,Placed,West
ORD01688,CUST0137,2025-04-04,Delivered,West
ORD01689,CUST0218,2024-10-24,Cancelled,West
ORD01690,CUST0263,2024-08-11,Placed,North
ORD01691,CUST0571,2026-01-06,Placed,North
ORD01692,CUST0341,2025-10-02,Shipped,West
ORD01693,CUST0363,2024-09-02,Returned,North
ORD01694,CUST0006,2025-02-20,Delivered,West
ORD01695,CUST0310,2024-11-01,Cancelled,East
ORD01696,CUST0136,2024-10-12,Returned,North
ORD01697,CUST0595,2026-05-10,Shipped,East
ORD01698,CUST0174,2025-07-14,Returned,West
ORD01699,CUST0348,2025-07-09,Cancelled,South
ORD01700,CUST0092,2025-06-07,Delivered,West
ORD01702,CUST0321,2026-02-28,Placed,South
ORD01703,CUST0512,2025-04-10,Delivered,East
ORD01704,CUST0441,2025-01-04,Delivered,East
ORD01705,CUST0271,2026-06-06,Returned,East
ORD01706,CUST0447,2025-03-04,Shipped,East
ORD01707,CUST0504,2025-10-29,Shipped,West
ORD01708,CUST0055,2024-11-16,Shipped,South
ORD01709,CUST0056,2026-03-23,Shipped,South
ORD01710,CUST0037,2026-03-27,Cancelled,East
ORD01711,CUST0168,2025-11-25,Cancelled,West
ORD01712,CUST0119,2025-11-04,Cancelled,North
ORD01713,CUST0453,2026-06-21,Delivered,West
ORD01714,CUST0469,2024-11-26,Cancelled,North
ORD01715,CUST0152,2025-10-10,Placed,East
ORD01716,CUST0096,2025-09-20,Shipped,East
ORD01717,CUST0185,2026-05-13,Shipped,East
ORD01718,CUST0577,2025-01-12,Returned,South
ORD01719,CUST0598,2024-09-23,Placed,South
ORD01720,CUST0427,2025-06-02,Placed,South
ORD01721,CUST0511,2026-05-14,Placed,East
ORD01722,CUST0027,2025-08-27,Delivered,North
ORD01723,CUST0404,2025-08-01,Delivered,North
ORD01724,CUST0332,2026-05-18,Shipped,North
ORD01725,CUST0084,2025-01-02,Cancelled,West
ORD01726,CUST0465,2025-10-20,Delivered,North
ORD01727,CUST0338,2025-07-20,Placed,West
ORD01728,CUST0333,2026-04-29,Returned,South
ORD01729,CUST0217,2025-07-12,Placed,East
ORD01730,CUST0331,2025-02-19,Placed,North
ORD01731,CUST0561,2024-07-29,Returned,West
ORD01732,CUST0095,2026-02-05,Cancelled,East
ORD01733,CUST0183,2025-06-15,Shipped,West
ORD01735,CUST0167,2026-05-26,Cancelled,West
ORD01737,CUST0306,2025-01-26,Cancelled,West
ORD01738,CUST0318,2025-03-29,Returned,South
ORD01739,CUST0368,2025-06-20,Placed,East
ORD01740,CUST0525,2025-10-11,Shipped,West
ORD01741,CUST0457,2025-01-06,Cancelled,West
ORD01742,CUST0275,2026-06-10,Returned,West
ORD01743,CUST0093,2026-07-08,Cancelled,East
ORD01744,CUST0191,2025-10-20,Cancelled,West
ORD01745,CUST0096,2024-11-10,Placed,East
ORD01746,CUST0475,2026-06-27,Shipped,South
ORD01747,CUST0508,2025-10-06,Returned,North
ORD01748,CUST0298,2026-06-15,Cancelled,West
ORD01749,CUST0082,2024-07-21,Cancelled,East
ORD01750,CUST0153,2025-06-07,Shipped,East
ORD01751,CUST0255,2024-08-21,Returned,West
ORD01752,CUST0303,2024-08-18,Returned,North
ORD01753,CUST0565,2025-07-18,Placed,North
ORD01754,CUST0526,2026-02-07,Placed,West
ORD01755,CUST0423,2026-03-06,Placed,West
ORD01756,CUST0583,2025-08-13,Delivered,East
ORD01757,CUST0261,2024-08-13,Returned,North
ORD01758,CUST0516,2025-06-13,Placed,North
ORD01759,CUST0474,2025-09-03,Shipped,South
ORD01760,CUST0403,2025-05-20,Placed,North
ORD01761,CUST0427,2025-07-25,Delivered,East
ORD01762,CUST0466,2026-04-07,Cancelled,East
ORD01763,CUST0350,2026-03-29,Shipped,South
ORD01764,CUST0190,2026-01-10,Placed,East
ORD01765,CUST0109,2026-04-16,Cancelled,North
ORD01766,CUST0006,2024-10-02,Cancelled,North
ORD01767,CUST0014,2025-07-04,Shipped,West
ORD01768,CUST0472,2025-08-06,Cancelled,West
ORD01769,CUST0311,2025-01-20,Returned,East
ORD01770,CUST0405,2024-09-20,Delivered,North
ORD01771,CUST0129,2025-09-24,Shipped,North
ORD01772,CUST0196,2026-02-22,Placed,North
ORD01773,CUST0193,2024-07-27,Placed,South
ORD01774,CUST0493,2026-01-07,Shipped,South
ORD01776,CUST0089,2025-05-29,Delivered,West
ORD01777,CUST0152,2025-01-03,Cancelled,West
ORD01778,CUST0023,2024-10-29,Placed,South
ORD01779,CUST0157,2025-04-22,Cancelled,West
ORD01780,CUST0483,2025-03-04,Placed,West
ORD01781,CUST0600,2025-01-19,Shipped,South
ORD01782,CUST0302,2025-12-03,Returned,West
ORD01783,CUST0053,2024-09-26,Delivered,North
ORD01784,CUST0106,2024-07-30,Cancelled,West
ORD01785,CUST0508,2025-07-25,Returned,East
ORD01786,CUST0038,2025-12-19,Cancelled,West
ORD01787,CUST0498,2025-03-11,Returned,West
ORD01788,CUST0238,2024-11-20,Placed,North
ORD01789,CUST0433,2026-01-15,Returned,East
ORD01790,CUST0567,2025-07-09,Placed,East
ORD01791,CUST0428,2026-05-15,Cancelled,North
ORD01792,CUST0507,2025-10-04,Returned,East
ORD01793,CUST0460,2026-02-18,Cancelled,North
ORD01794,CUST0166,2025-10-14,Delivered,South
ORD01795,CUST0481,2024-08-05,Delivered,West
ORD01796,CUST0238,2025-07-06,Returned,South
ORD01797,CUST0348,2025-07-13,Returned,West
ORD01798,CUST0135,2026-03-09,Delivered,West
ORD01799,CUST0427,2024-11-02,Delivered,West
ORD01800,CUST0166,2026-05-28,Returned,South
ORD01801,CUST0290,2026-01-15,Placed,West
ORD01802,CUST0133,2025-05-28,Shipped,South
ORD01803,CUST0161,2024-12-08,Returned,West
ORD01804,CUST0104,2026-03-23,Cancelled,West
ORD01805,CUST0311,2026-05-25,Shipped,South
ORD01806,CUST0571,2025-05-01,Placed,North
ORD01807,CUST0368,2025-11-16,Delivered,East
ORD01808,CUST0163,2025-07-13,Shipped,North
ORD01809,CUST0066,2026-01-15,Delivered,West
ORD01810,CUST0117,2025-11-21,Returned,South
ORD01811,CUST0124,2024-07-19,Returned,South
ORD01812,CUST0499,2026-05-17,Delivered,East
ORD01813,CUST0364,2025-11-17,Placed,East
ORD01814,CUST0155,2024-09-10,Returned,North
ORD01816,CUST0114,2026-06-11,Placed,North
ORD01817,CUST0576,2026-01-05,Placed,North
ORD01818,CUST0172,2025-04-02,Placed,South
ORD01819,CUST0371,2025-09-03,Shipped,East
ORD01820,CUST0453,2024-08-12,Returned,West
ORD01821,CUST0102,2025-03-05,Shipped,East
ORD01822,CUST0343,2025-06-13,Shipped,North
ORD01823,CUST0207,2026-02-22,Cancelled,West
ORD01824,CUST0007,2025-02-12,Shipped,West
ORD01825,CUST0350,2026-01-11,Delivered,South
ORD01826,CUST0088,2025-11-05,Delivered,East
ORD01827,CUST0425,2025-09-12,Delivered,South
ORD01828,CUST0156,2025-10-07,Returned,West
ORD01829,CUST0234,2026-03-27,Shipped,West
ORD01830,CUST0424,2024-12-25,Cancelled,West
ORD01831,CUST0529,2026-03-21,Delivered,North
ORD01832,CUST0454,2025-12-31,Shipped,North
ORD01833,CUST0530,2024-09-18,Placed,North
ORD01835,CUST0169,2026-06-02,Cancelled,North
ORD01836,CUST0403,2025-04-04,Placed,South
ORD01837,CUST0589,2026-02-09,Placed,East
ORD01838,CUST0430,2026-07-12,Cancelled,East
ORD01839,CUST0322,2024-08-29,Delivered,North
ORD01840,CUST0287,2025-08-21,Returned,South
ORD01841,CUST0414,2026-06-24,Cancelled,South
ORD01842,CUST0558,2025-12-24,Returned,West
ORD01843,CUST0354,2025-04-26,Cancelled,South
ORD01844,CUST0309,2026-06-07,Placed,North
ORD01845,CUST0551,2024-08-27,Delivered,West
ORD01846,CUST0130,2024-10-12,Returned,East
ORD01847,CUST0219,2025-05-11,Placed,East
ORD01848,CUST0534,2025-04-27,Delivered,South
ORD01849,CUST0024,2025-07-14,Placed,East
ORD01850,CUST0248,2025-11-10,Delivered,West
ORD01851,CUST0518,2024-08-18,Placed,North
ORD01852,CUST0382,2025-04-27,Delivered,East
ORD01854,CUST0460,2024-12-01,Delivered,North
ORD01855,CUST0465,2025-12-03,Delivered,South
ORD01856,CUST0596,2025-09-25,Returned,South
ORD01857,CUST0359,2026-01-16,Delivered,East
ORD01858,CUST0587,2024-09-08,Shipped,West
ORD01859,CUST0533,2025-09-26,Shipped,North
ORD01860,CUST0336,2026-01-19,Returned,South
ORD01861,CUST0370,2026-03-10,Cancelled,North
ORD01862,CUST0151,2024-12-24,Cancelled,West
ORD01863,CUST0084,2024-11-02,Placed,North
ORD01864,CUST0436,2025-04-04,Shipped,West
ORD01865,CUST0220,2025-01-19,Cancelled,North
ORD01866,CUST0379,2025-09-10,Returned,West
ORD01867,CUST0573,2024-10-14,Returned,West
ORD01868,CUST0271,2025-12-04,Returned,West
ORD01869,CUST0434,2025-07-24,Cancelled,West
ORD01870,CUST0427,2026-02-10,Shipped,South
ORD01871,CUST0518,2026-07-17,Shipped,West
ORD01872,CUST0469,2026-02-22,Shipped,North
ORD01873,CUST0218,2025-10-11,Cancelled,West
ORD01875,CUST0122,2026-01-14,Returned,West
ORD01877,CUST0586,2026-02-23,Delivered,North
ORD01878,CUST0536,2026-02-16,Shipped,North
ORD01879,CUST0381,2026-02-28,Delivered,East
ORD01880,CUST0311,2025-01-09,Delivered,West
ORD01881,CUST0029,2025-03-23,Shipped,South
ORD01882,CUST0432,2025-04-17,Placed,East
ORD01883,CUST0291,2026-06-15,Shipped,South
ORD01884,CUST0501,2025-02-10,Placed,North
ORD01886,CUST0046,2025-12-28,Cancelled,West
ORD01887,CUST0587,2025-06-11,Delivered,West
ORD01888,CUST0346,2025-02-18,Cancelled,West
ORD01889,CUST0136,2024-08-29,Shipped,West
ORD01890,CUST0461,2024-09-05,Cancelled,South
ORD01891,CUST0334,2025-05-03,Placed,West
ORD01892,CUST0397,2025-04-12,Shipped,West
ORD01893,CUST0348,2025-07-04,Returned,North
ORD01894,CUST0454,2025-07-30,Delivered,North
ORD01895,CUST0170,2025-08-11,Placed,East
ORD01896,CUST0575,2025-08-31,Placed,North
ORD01897,CUST0198,2026-04-23,Returned,North
ORD01898,CUST0584,2024-10-21,Returned,South
ORD01899,CUST0488,2025-07-18,Returned,North
ORD01900,CUST0124,2026-01-20,Returned,South
ORD01901,CUST0020,2025-09-04,Delivered,South
ORD01902,CUST0252,2025-12-26,Returned,West
ORD01903,CUST0087,2026-04-20,Returned,East
ORD01904,CUST0412,2025-09-04,Returned,North
ORD01905,CUST0504,2026-06-16,Placed,East
ORD01907,CUST0025,2025-07-04,Returned,East
ORD01908,CUST0392,2025-11-12,Delivered,North
ORD01910,CUST0293,2026-03-31,Shipped,South
ORD01911,CUST0262,2025-12-22,Placed,South
ORD01912,CUST0315,2026-01-07,Cancelled,South
ORD01913,CUST0061,2026-04-07,Returned,East
ORD01914,CUST0186,2026-07-18,Placed,North
ORD01915,CUST0306,2026-06-03,Cancelled,North
ORD01916,CUST0328,2024-09-06,Shipped,West
ORD01917,CUST0332,2024-12-11,Delivered,West
ORD01918,CUST0124,2026-06-10,Placed,South
ORD01919,CUST0246,2026-06-04,Returned,South
ORD01920,CUST0505,2025-07-08,Returned,West
ORD01921,CUST0118,2024-09-23,Delivered,North
ORD01922,CUST0326,2024-09-18,Cancelled,West
ORD01923,CUST0068,2025-05-17,Cancelled,North
ORD01924,CUST0418,2026-06-15,Shipped,North
ORD01925,CUST0276,2024-12-03,Returned,North
ORD01926,CUST0253,2025-02-26,Returned,South
ORD01927,CUST0312,2024-09-15,Returned,West
ORD01928,CUST0457,2024-10-10,Placed,South
ORD01929,CUST0146,2024-11-22,Delivered,South
ORD01930,CUST0252,2025-02-17,Returned,West
ORD01932,CUST0002,2026-01-10,Cancelled,East
ORD01933,CUST0172,2024-11-09,Placed,North
ORD01934,CUST0494,2025-08-07,Delivered,East
ORD01935,CUST0390,2024-11-11,Delivered,South
ORD01936,CUST0600,2026-05-28,Returned,East
ORD01937,CUST0047,2024-12-23,Shipped,North
ORD01938,CUST0308,2025-08-26,Placed,West
ORD01939,CUST0126,2025-11-17,Shipped,East
ORD01941,CUST0351,2025-03-02,Delivered,West
ORD01942,CUST0280,2025-06-06,Shipped,East
ORD01943,CUST0350,2025-12-30,Shipped,West
ORD01944,CUST0337,2025-09-11,Placed,South
ORD01945,CUST0003,2026-07-11,Returned,West
ORD01946,CUST0005,2024-10-28,Placed,South
ORD01947,CUST0424,2025-07-21,Returned,West
ORD01948,CUST0403,2025-04-13,Returned,North
ORD01949,CUST0080,2025-06-09,Returned,North
ORD01950,CUST0456,2025-06-27,Placed,East
ORD01951,CUST0386,2026-02-10,Returned,East
ORD01952,CUST0397,2025-11-30,Shipped,North
ORD01953,CUST0128,2024-08-03,Cancelled,East
ORD01954,CUST0198,2025-03-01,Cancelled,North
ORD01955,CUST0227,2024-12-11,Placed,East
ORD01956,CUST0367,2024-09-04,Shipped,North
ORD01957,CUST0311,2024-08-04,Shipped,South
ORD01958,CUST0506,2026-05-26,Delivered,North
ORD01959,CUST0288,2026-04-01,Cancelled,South
ORD01960,CUST0008,2025-01-14,Shipped,West
ORD01961,CUST0114,2026-04-27,Delivered,West
ORD01962,CUST0175,2025-08-25,Returned,South
ORD01963,CUST0580,2025-11-30,Returned,South
ORD01964,CUST0067,2025-04-04,Returned,South
ORD01965,CUST0067,2025-06-02,Shipped,East
ORD01966,CUST0584,2025-10-10,Shipped,East
ORD01967,CUST0197,2025-04-10,Placed,East
ORD01968,CUST0574,2025-12-09,Cancelled,North
ORD01969,CUST0438,2025-12-01,Placed,East
ORD01970,CUST0443,2026-03-21,Cancelled,East
ORD01971,CUST0125,2025-03-28,Returned,West
ORD01972,CUST0508,2025-07-30,Delivered,North
ORD01973,CUST0230,2025-10-21,Placed,East
ORD01974,CUST0431,2025-12-17,Returned,West
ORD01975,CUST0324,2026-01-10,Placed,West
ORD01976,CUST0200,2025-09-02,Delivered,North
ORD01977,CUST0586,2026-05-02,Placed,South
ORD01978,CUST0434,2025-09-17,Placed,South
ORD01979,CUST0202,2025-06-28,Shipped,East
ORD01980,CUST0319,2025-07-08,Placed,North
ORD01981,CUST0029,2025-03-11,Cancelled,West
ORD01982,CUST0025,2025-10-01,Returned,East
ORD01983,CUST0257,2024-10-28,Shipped,North
ORD01984,CUST0485,2026-06-15,Shipped,East
ORD01985,CUST0056,2026-03-23,Delivered,South
ORD01986,CUST0075,2025-03-13,Returned,West
ORD01987,CUST0098,2024-11-28,Cancelled,North
ORD01988,CUST0088,2026-03-23,Placed,North
ORD01989,CUST0387,2025-02-04,Delivered,North
ORD01990,CUST0131,2025-01-10,Placed,West
ORD01991,CUST0057,2025-07-29,Delivered,West
ORD01992,CUST0068,2025-05-02,Placed,North
ORD01993,CUST0573,2025-02-26,Placed,East
ORD01994,CUST0391,2026-03-07,Cancelled,North
ORD01995,CUST0421,2026-05-05,Shipped,North
ORD01996,CUST0465,2024-08-23,Cancelled,West
ORD01997,CUST0439,2024-11-10,Returned,North
ORD01998,CUST0348,2025-04-18,Placed,West
ORD01999,CUST0530,2025-02-23,Delivered,South
ORD02000,CUST0111,2025-07-07,Placed,North
ORD02001,CUST0070,2024-11-24,Returned,South
ORD02002,CUST0587,2025-11-10,Shipped,East
ORD02003,CUST0364,2026-07-05,Cancelled,West
ORD02004,CUST0456,2024-11-19,Shipped,South
ORD02005,CUST0141,2026-01-21,Placed,North
ORD02006,CUST0131,2025-09-06,Delivered,West
ORD02007,CUST0526,2025-02-24,Delivered,East
ORD02008,CUST0598,2024-12-06,Returned,South
ORD02009,CUST0151,2024-12-01,Cancelled,East
ORD02010,CUST0352,2026-04-30,Delivered,East
ORD02012,CUST0059,2026-01-07,Shipped,North
ORD02013,CUST0433,2026-06-20,Delivered,South
ORD02014,CUST0206,2025-12-17,Shipped,North
ORD02015,CUST0350,2026-03-27,Shipped,West
ORD02016,CUST0479,2024-11-14,Returned,East
ORD02017,CUST0593,2024-11-20,Returned,East
ORD02018,CUST0307,2025-01-18,Cancelled,East
ORD02019,CUST0167,2024-10-16,Placed,West
ORD02020,CUST0044,2024-08-18,Cancelled,South
ORD02021,CUST0004,2025-03-20,Shipped,South
ORD02022,CUST0478,2025-10-07,Returned,South
ORD02023,CUST0245,2024-10-24,Cancelled,East
ORD02024,CUST0385,2025-06-25,Shipped,West
ORD02025,CUST0189,2025-02-05,Placed,East
ORD02026,CUST0011,2025-05-01,Placed,East
ORD02027,CUST0031,2024-12-08,Returned,North
ORD02028,CUST0146,2024-12-24,Delivered,West
ORD02029,CUST0200,2025-09-27,Returned,East
ORD02030,CUST0045,2026-01-18,Placed,South
ORD02031,CUST0203,2024-08-13,Delivered,South
ORD02032,CUST0225,2025-12-16,Delivered,South
ORD02033,CUST0348,2025-03-21,Returned,South
ORD02035,CUST0181,2024-11-09,Delivered,North
ORD02036,CUST0022,2025-05-03,Shipped,West
ORD02037,CUST0114,2025-07-01,Delivered,South
ORD02038,CUST0313,2025-09-10,Cancelled,South
ORD02039,CUST0379,2024-11-21,Delivered,South
ORD02040,CUST0540,2025-09-05,Returned,West
ORD02041,CUST0067,2025-03-09,Placed,South
ORD02042,CUST0134,2024-10-20,Shipped,South
ORD02043,CUST0546,2026-07-02,Cancelled,East
ORD02044,CUST0326,2024-08-06,Returned,West
ORD02045,CUST0251,2025-05-28,Placed,South
ORD02046,CUST0549,2026-07-11,Delivered,South
ORD02047,CUST0336,2025-08-09,Shipped,North
ORD02048,CUST0287,2026-03-06,Shipped,West
ORD02050,CUST0067,2025-07-08,Shipped,West
ORD02051,CUST0522,2026-07-08,Delivered,West
ORD02052,CUST0532,2025-03-23,Cancelled,South
ORD02053,CUST0330,2024-11-16,Delivered,West
ORD02054,CUST0507,2024-07-21,Cancelled,East
ORD02055,CUST0596,2026-02-11,Cancelled,North
ORD02056,CUST0213,2025-09-15,Shipped,South
ORD02057,CUST0463,2025-08-16,Shipped,West
ORD02058,CUST0224,2025-04-01,Delivered,West
ORD02059,CUST0387,2025-12-02,Returned,South
ORD02060,CUST0384,2026-01-16,Delivered,North
ORD02061,CUST0138,2025-03-04,Placed,East
ORD02062,CUST0456,2025-07-21,Returned,East
ORD02063,CUST0236,2026-06-13,Returned,North
ORD02064,CUST0477,2025-02-28,Returned,East
ORD02065,CUST0437,2026-02-23,Cancelled,West
ORD02066,CUST0443,2025-10-06,Cancelled,East
ORD02067,CUST0510,2025-12-17,Delivered,East
ORD02068,CUST0392,2024-11-09,Placed,South
ORD02069,CUST0453,2026-03-31,Shipped,East
ORD02070,CUST0078,2025-09-30,Delivered,North
ORD02071,CUST0302,2026-02-03,Returned,North
ORD02072,CUST0284,2026-06-22,Shipped,North
ORD02073,CUST0122,2026-07-04,Placed,East
ORD02074,CUST0040,2025-06-26,Returned,South
ORD02075,CUST0342,2025-04-07,Shipped,East
ORD02076,CUST0257,2026-01-04,Delivered,East
ORD02077,CUST0196,2024-10-13,Returned,South
ORD02078,CUST0557,2026-02-06,Delivered,North
ORD02079,CUST0307,2025-07-25,Delivered,East
ORD02080,CUST0414,2026-06-17,Cancelled,North
ORD02081,CUST0484,2024-08-18,Returned,South
ORD02082,CUST0408,2024-11-03,Shipped,South
ORD02083,CUST0215,2025-12-26,Cancelled,South
ORD02084,CUST0529,2025-09-18,Returned,West
ORD02086,CUST0321,2025-03-14,Shipped,West
ORD02087,CUST0428,2024-08-06,Shipped,West
ORD02088,CUST0461,2025-05-25,Returned,North
ORD02089,CUST0384,2025-11-09,Shipped,South
ORD02090,CUST0313,2026-05-02,Placed,West
ORD02091,CUST0364,2025-01-05,Delivered,South
ORD02092,CUST0430,2025-06-29,Cancelled,West
ORD02093,CUST0551,2025-04-21,Delivered,East
ORD02094,CUST0024,2024-09-27,Returned,North
ORD02095,CUST0143,2025-03-28,Shipped,East
ORD02096,CUST0582,2024-08-29,Returned,West
ORD02097,CUST0391,2025-11-02,Shipped,West
ORD02098,CUST0066,2025-11-28,Returned,West
ORD02099,CUST0193,2024-12-16,Cancelled,North
ORD02100,CUST0337,2025-10-14,Returned,West
ORD02101,CUST0312,2025-08-30,Placed,South
ORD02102,CUST0107,2025-01-06,Returned,South
ORD02103,CUST0033,2026-03-16,Returned,West
ORD02104,CUST0028,2026-07-14,Shipped,South
ORD02106,CUST0211,2025-02-18,Shipped,East
ORD02107,CUST0537,2024-12-17,Placed,West
ORD02108,CUST0059,2024-08-04,Delivered,North
ORD02109,CUST0176,2024-09-20,Delivered,West
ORD02110,CUST0401,2025-09-09,Shipped,North
ORD02111,CUST0133,2026-05-08,Returned,West
ORD02112,CUST0490,2025-06-28,Placed,West
ORD02113,CUST0212,2025-12-25,Shipped,South
ORD02114,CUST0318,2025-12-21,Cancelled,West
ORD02115,CUST0163,2024-09-23,Returned,East
ORD02116,CUST0208,2025-08-19,Returned,West
ORD02117,CUST0283,2025-05-20,Shipped,North
ORD02118,CUST0147,2024-12-16,Cancelled,North
ORD02119,CUST0409,2025-08-02,Returned,South
ORD02120,CUST0539,2025-03-21,Delivered,West
ORD02121,CUST0472,2025-10-29,Cancelled,North
ORD02122,CUST0094,2025-10-30,Delivered,West
ORD02123,CUST0356,2025-08-19,Delivered,West
ORD02124,CUST0180,2024-08-30,Cancelled,South
ORD02125,CUST0184,2026-06-23,Returned,West
ORD02126,CUST0469,2025-12-17,Cancelled,South
ORD02127,CUST0583,2025-04-24,Placed,West
ORD02128,CUST0045,2025-05-22,Shipped,South
ORD02129,CUST0281,2024-11-09,Returned,East
ORD02131,CUST0422,2026-05-12,Returned,North
ORD02132,CUST0378,2025-06-15,Placed,North
ORD02133,CUST0517,2025-05-01,Delivered,West
ORD02134,CUST0462,2025-05-13,Shipped,East
ORD02135,CUST0213,2025-05-03,Returned,North
ORD02136,CUST0474,2024-07-27,Placed,North
ORD02137,CUST0473,2025-02-24,Cancelled,East
ORD02138,CUST0409,2025-04-11,Shipped,West
ORD02139,CUST0039,2025-04-16,Placed,East
ORD02140,CUST0118,2025-03-14,Shipped,East
ORD02141,CUST0476,2025-06-29,Cancelled,West
ORD02142,CUST0070,2026-05-28,Placed,South
ORD02143,CUST0449,2025-09-26,Shipped,West
ORD02144,CUST0286,2024-09-24,Shipped,South
ORD02145,CUST0019,2025-01-01,Returned,North
ORD02146,CUST0182,2026-02-03,Delivered,North
ORD02147,CUST0548,2026-06-07,Cancelled,South
ORD02148,CUST0080,2025-06-28,Placed,East
ORD02149,CUST0158,2026-02-13,Cancelled,East
ORD02150,CUST0183,2025-06-05,Shipped,North
ORD02151,CUST0546,2026-04-03,Shipped,West
ORD02152,CUST0049,2025-06-26,Returned,North
ORD02153,CUST0400,2025-02-27,Delivered,West
ORD02154,CUST0054,2024-11-22,Returned,North
ORD02155,CUST0050,2026-04-04,Cancelled,South
ORD02156,CUST0256,2026-02-03,Delivered,South
ORD02157,CUST0205,2026-06-15,Placed,North
ORD02158,CUST0432,2025-06-12,Placed,North
ORD02159,CUST0346,2026-02-03,Shipped,North
ORD02160,CUST0226,2026-06-14,Placed,South
ORD02161,CUST0172,2025-06-04,Placed,West
ORD02162,CUST0525,2024-11-03,Placed,East
ORD02163,CUST0331,2026-04-27,Returned,South
ORD02164,CUST0213,2025-10-17,Returned,West
ORD02165,CUST0439,2025-10-25,Placed,South
ORD02166,CUST0219,2024-09-22,Placed,East
ORD02167,CUST0332,2024-11-06,Shipped,North
ORD02168,CUST0412,2024-12-26,Delivered,North
ORD02170,CUST0226,2025-07-21,Placed,East
ORD02171,CUST0378,2026-05-22,Placed,North
ORD02172,CUST0224,2025-08-30,Cancelled,East
ORD02173,CUST0512,2025-04-04,Placed,South
ORD02174,CUST0258,2024-09-07,Placed,East
ORD02176,CUST0180,2025-10-19,Delivered,West
ORD02177,CUST0070,2026-02-25,Delivered,North
ORD02178,CUST0600,2025-05-05,Cancelled,West
ORD02179,CUST0524,2024-09-24,Shipped,North
ORD02180,CUST0239,2024-07-23,Placed,North
ORD02181,CUST0317,2025-06-01,Shipped,West
ORD02182,CUST0250,2025-11-26,Returned,North
ORD02183,CUST0062,2026-06-28,Shipped,East
ORD02184,CUST0511,2025-02-15,Delivered,South
ORD02185,CUST0156,2025-06-04,Cancelled,South
ORD02186,CUST0039,2024-11-30,Shipped,West
ORD02187,CUST0337,2025-09-22,Shipped,East
ORD02188,CUST0326,2025-07-11,Placed,West
ORD02189,CUST0296,2026-01-20,Placed,South
ORD02190,CUST0340,2025-10-02,Delivered,South
ORD02191,CUST0211,2026-02-24,Returned,North
ORD02192,CUST0255,2026-06-28,Shipped,West
ORD02193,CUST0534,2024-11-01,Delivered,South
ORD02194,CUST0453,2024-12-19,Placed,North
ORD02195,CUST0504,2024-12-09,Placed,South
ORD02196,CUST0054,2026-04-25,Shipped,South
ORD02197,CUST0129,2025-05-10,Placed,South
ORD02198,CUST0563,2025-02-27,Shipped,South
ORD02199,CUST0520,2025-09-21,Placed,West
ORD02200,CUST0479,2025-08-03,Delivered,South
ORD02201,CUST0203,2024-08-19,Shipped,West
ORD02202,CUST0181,2026-04-18,Returned,South
ORD02203,CUST0311,2026-04-20,Delivered,West
ORD02204,CUST0207,2025-03-09,Delivered,West
ORD02205,CUST0082,2026-04-27,Delivered,West
ORD02206,CUST0387,2025-10-15,Shipped,West
ORD02207,CUST0452,2025-03-11,Cancelled,West
ORD02208,CUST0160,2025-08-05,Cancelled,North
ORD02209,CUST0391,2025-09-25,Cancelled,North
ORD02210,CUST0308,2026-02-12,Returned,South
ORD02211,CUST0567,2025-07-12,Shipped,East
ORD02212,CUST0390,2025-01-08,Cancelled,East
ORD02213,CUST0465,2024-08-07,Delivered,West
ORD02214,CUST0576,2026-03-24,Returned,West
ORD02215,CUST0074,2024-07-19,Delivered,South
ORD02216,CUST0481,2024-11-14,Shipped,South
ORD02217,CUST0195,2025-02-07,Placed,North
ORD02218,CUST0513,2025-03-08,Delivered,West
ORD02219,CUST0415,2025-11-27,Cancelled,West
ORD02220,CUST0383,2026-04-26,Cancelled,West
ORD02221,CUST0316,2025-11-24,Returned,North
ORD02222,CUST0419,2025-07-20,Placed,North
ORD02223,CUST0395,2024-10-22,Returned,South
ORD02225,CUST0357,2025-12-17,Returned,West
ORD02226,CUST0378,2026-06-11,Placed,West
ORD02227,CUST0435,2025-02-26,Shipped,South
ORD02228,CUST0490,2025-06-07,Placed,East
ORD02229,CUST0029,2024-12-04,Shipped,East
ORD02230,CUST0467,2025-08-04,Shipped,East
ORD02231,CUST0254,2026-06-22,Returned,South
ORD02232,CUST0013,2026-01-03,Placed,North
ORD02233,CUST0394,2025-11-30,Cancelled,North
ORD02235,CUST0170,2024-08-09,Cancelled,East
ORD02236,CUST0310,2024-10-18,Returned,West
ORD02239,CUST0147,2025-08-04,Delivered,South
ORD02240,CUST0408,2024-09-07,Delivered,North
ORD02241,CUST0173,2025-10-26,Cancelled,North
ORD02243,CUST0538,2025-04-24,Cancelled,East
ORD02244,CUST0442,2025-10-12,Shipped,South
ORD02245,CUST0384,2025-07-26,Shipped,South
ORD02247,CUST0515,2025-06-21,Placed,West
ORD02248,CUST0581,2026-05-23,Shipped,South
ORD02249,CUST0206,2025-02-03,Placed,South
ORD02250,CUST0197,2025-11-17,Delivered,West
ORD02251,CUST0452,2026-01-01,Returned,North
ORD02252,CUST0171,2025-07-22,Placed,East
ORD02253,CUST0088,2026-01-08,Cancelled,North
ORD02255,CUST0031,2024-10-18,Returned,South
ORD02256,CUST0490,2025-05-03,Cancelled,North
ORD02257,CUST0010,2025-08-20,Placed,East
ORD02258,CUST0008,2026-02-07,Returned,North
ORD02259,CUST0100,2025-10-07,Shipped,North
ORD02260,CUST0385,2024-07-31,Returned,East
ORD02261,CUST0498,2026-05-05,Cancelled,East
ORD02262,CUST0440,2025-02-04,Delivered,East
ORD02263,CUST0352,2024-11-21,Delivered,South
ORD02264,CUST0370,2025-10-12,Cancelled,West
ORD02265,CUST0059,2024-09-01,Delivered,East
ORD02266,CUST0103,2024-11-08,Placed,West
ORD02267,CUST0412,2025-03-23,Shipped,North
ORD02268,CUST0126,2025-07-11,Returned,East
ORD02269,CUST0255,2026-05-31,Delivered,West
ORD02270,CUST0487,2026-01-07,Returned,West
ORD02271,CUST0193,2024-10-31,Placed,East
ORD02272,CUST0018,2025-04-21,Delivered,North
ORD02273,CUST0334,2024-11-21,Cancelled,South
ORD02274,CUST0497,2024-08-28,Cancelled,North
ORD02275,CUST0357,2025-02-14,Cancelled,West
ORD02276,CUST0103,2025-04-24,Cancelled,East
ORD02277,CUST0200,2025-06-08,Shipped,North
ORD02278,CUST0131,2025-11-24,Cancelled,North
ORD02279,CUST0309,2026-06-26,Returned,West
ORD02280,CUST0173,2025-04-20,Cancelled,North
ORD02281,CUST0494,2024-08-24,Returned,South
ORD02282,CUST0250,2025-02-28,Shipped,South
ORD02283,CUST0092,2025-03-01,Placed,West
ORD02284,CUST0030,2025-09-02,Shipped,East
ORD02285,CUST0393,2025-11-26,Delivered,South
ORD02286,CUST0264,2026-07-15,Cancelled,North
ORD02287,CUST0140,2024-09-15,Returned,West
ORD02288,CUST0093,2025-08-21,Delivered,South
ORD02289,CUST0590,2024-12-15,Returned,North
ORD02290,CUST0352,2026-03-05,Cancelled,West
ORD02291,CUST0576,2025-11-17,Cancelled,South
ORD02292,CUST0229,2024-12-07,Delivered,North
ORD02293,CUST0298,2026-03-03,Placed,North
ORD02294,CUST0092,2024-09-29,Delivered,South
ORD02295,CUST0119,2025-10-26,Returned,East
ORD02297,CUST0591,2024-11-24,Placed,East
ORD02298,CUST0064,2025-09-13,Returned,South
ORD02299,CUST0398,2025-03-25,Cancelled,East
ORD02300,CUST0374,2026-05-26,Shipped,South
ORD02301,CUST0110,2025-03-20,Cancelled,North
ORD02302,CUST0552,2026-04-21,Cancelled,East
ORD02303,CUST0149,2026-05-05,Delivered,South
ORD02304,CUST0512,2026-01-01,Cancelled,South
ORD02305,CUST0291,2026-03-31,Shipped,North
ORD02306,CUST0328,2025-03-08,Delivered,North
ORD02307,CUST0281,2025-02-13,Returned,West
ORD02308,CUST0221,2026-01-01,Cancelled,East
ORD02309,CUST0386,2026-01-11,Placed,East
ORD02310,CUST0157,2026-01-03,Shipped,South
ORD02311,CUST0054,2025-04-25,Shipped,West
ORD02312,CUST0402,2024-09-30,Delivered,South
ORD02314,CUST0346,2025-10-11,Cancelled,West
ORD02315,CUST0357,2025-04-17,Cancelled,West
ORD02316,CUST0074,2026-04-18,Returned,East
ORD02317,CUST0290,2024-11-06,Shipped,West
ORD02318,CUST0100,2024-07-28,Shipped,East
ORD02319,CUST0595,2024-11-01,Placed,East
ORD02320,CUST0469,2025-08-24,Shipped,South
ORD02321,CUST0453,2025-02-21,Cancelled,East
ORD02322,CUST0149,2025-05-03,Shipped,South
ORD02323,CUST0201,2026-03-14,Placed,East
ORD02324,CUST0590,2025-07-29,Placed,South
ORD02325,CUST0386,2025-06-03,Cancelled,South
ORD02326,CUST0058,2025-04-08,Placed,East
ORD02327,CUST0486,2026-07-03,Shipped,North
ORD02328,CUST0121,2026-06-25,Returned,East
ORD02329,CUST0445,2024-11-21,Shipped,West
ORD02330,CUST0251,2024-10-05,Placed,North
ORD02331,CUST0247,2025-01-03,Cancelled,West
ORD02332,CUST0310,2024-11-15,Returned,South
ORD02333,CUST0385,2025-08-12,Placed,West
ORD02334,CUST0392,2025-01-05,Delivered,West
ORD02335,CUST0377,2026-04-24,Placed,North
ORD02338,CUST0024,2026-06-14,Returned,West
ORD02339,CUST0281,2025-09-24,Placed,South
ORD02340,CUST0394,2025-11-06,Cancelled,West
ORD02342,CUST0102,2026-04-24,Delivered,North
ORD02343,CUST0551,2025-08-30,Shipped,West
ORD02344,CUST0021,2026-05-06,Cancelled,West
ORD02345,CUST0066,2025-09-04,Returned,North
ORD02346,CUST0213,2026-01-22,Placed,South
ORD02347,CUST0185,2025-09-19,Placed,West
ORD02348,CUST0322,2026-01-14,Placed,North
ORD02349,CUST0132,2026-02-25,Returned,South
ORD02350,CUST0166,2026-04-02,Placed,East
ORD02352,CUST0519,2025-06-07,Delivered,East
ORD02353,CUST0558,2025-07-10,Shipped,West
ORD02354,CUST0001,2026-06-29,Shipped,East
ORD02355,CUST0048,2024-09-15,Returned,East
ORD02357,CUST0591,2026-04-15,Cancelled,East
ORD02358,CUST0536,2024-10-27,Delivered,South
ORD02359,CUST0102,2026-07-05,Placed,South
ORD02360,CUST0038,2024-07-31,Shipped,South
ORD02361,CUST0307,2025-07-25,Shipped,South
ORD02362,CUST0566,2025-04-14,Shipped,East
ORD02363,CUST0285,2025-03-17,Shipped,West
ORD02364,CUST0077,2026-01-05,Returned,East
ORD02365,CUST0267,2025-04-25,Cancelled,South
ORD02366,CUST0410,2024-11-02,Cancelled,North
ORD02367,CUST0261,2026-04-13,Cancelled,South
ORD02368,CUST0549,2025-06-26,Shipped,North
ORD02369,CUST0276,2026-06-09,Shipped,East
ORD02370,CUST0578,2025-10-25,Returned,South
ORD02371,CUST0430,2025-08-28,Shipped,East
ORD02372,CUST0445,2026-03-03,Cancelled,North
ORD02373,CUST0254,2025-04-09,Placed,East
ORD02374,CUST0128,2024-11-28,Returned,North
ORD02375,CUST0562,2026-01-20,Cancelled,North
ORD02376,CUST0338,2025-03-11,Placed,East
ORD02377,CUST0342,2024-08-09,Delivered,South
ORD02378,CUST0232,2026-02-16,Delivered,North
ORD02379,CUST0101,2026-04-11,Cancelled,South
ORD02380,CUST0388,2024-10-18,Placed,North
ORD02381,CUST0180,2025-01-06,Returned,East
ORD02382,CUST0502,2024-10-25,Placed,East
ORD02383,CUST0586,2026-05-14,Delivered,East
ORD02384,CUST0102,2026-01-08,Placed,South
ORD02385,CUST0326,2024-11-05,Cancelled,South
ORD02386,CUST0354,2026-01-03,Returned,West
ORD02387,CUST0489,2025-01-09,Returned,South
ORD02388,CUST0266,2025-03-13,Placed,South
ORD02389,CUST0130,2024-10-23,Shipped,West
ORD02390,CUST0582,2024-12-27,Delivered,North
ORD02391,CUST0380,2024-10-27,Shipped,West
ORD02392,CUST0469,2024-09-17,Shipped,West
ORD02393,CUST0363,2025-06-12,Cancelled,East
ORD02394,CUST0283,2026-01-05,Cancelled,South
ORD02395,CUST0313,2026-03-02,Placed,East
ORD02396,CUST0417,2026-03-18,Delivered,North
ORD02397,CUST0082,2024-10-12,Placed,South
ORD02398,CUST0096,2024-09-16,Shipped,North
ORD02399,CUST0087,2024-08-01,Delivered,West
ORD02400,CUST0011,2026-03-11,Cancelled,South
ORD02401,CUST0492,2025-07-29,Cancelled,North
ORD02402,CUST0416,2026-02-26,Placed,South
ORD02403,CUST0008,2025-06-17,Cancelled,East
ORD02404,CUST0251,2024-08-20,Returned,North
ORD02405,CUST0460,2024-12-17,Shipped,South
ORD02406,CUST0180,2024-10-09,Placed,East
ORD02407,CUST0137,2024-08-12,Returned,East
ORD02408,CUST0053,2026-03-25,Cancelled,West
ORD02409,CUST0389,2025-12-12,Shipped,East
ORD02410,CUST0116,,Delivered,South
ORD02411,CUST0553,2025-10-21,Placed,East
ORD02412,CUST0307,2024-09-02,Cancelled,East
ORD02413,CUST0272,2025-07-17,Shipped,North
ORD02414,CUST0583,2024-10-18,Cancelled,South
ORD02415,CUST0313,2026-06-23,Returned,North
ORD02416,CUST0475,2025-01-30,Returned,West
ORD02417,CUST0059,2024-08-20,Delivered,North
ORD02418,CUST0472,2024-09-07,Delivered,East
ORD02420,CUST0359,2025-12-18,Shipped,West
ORD02421,CUST0364,2024-07-25,Placed,North
ORD02422,CUST0442,2026-02-24,Cancelled,South
ORD02423,CUST0087,2024-09-30,Returned,South
ORD02424,CUST0421,2026-03-17,Placed,West
ORD02425,CUST0008,2024-10-22,Shipped,East
ORD02426,CUST0232,2026-07-02,Cancelled,West
ORD02427,CUST0384,2025-10-28,Delivered,East
ORD02428,CUST0439,2024-12-24,Shipped,East
ORD02429,CUST0112,2025-10-17,Cancelled,West
ORD02430,CUST0166,2026-06-17,Shipped,East
ORD02431,CUST0445,2024-12-20,Placed,East
ORD02432,CUST0204,2024-12-08,Placed,South
ORD02433,CUST0292,2025-12-20,Placed,South
ORD02434,CUST0405,2025-04-17,Cancelled,East
ORD02435,CUST0033,2024-08-09,Shipped,South
ORD02436,CUST0491,2024-09-26,Delivered,North
ORD02437,CUST0432,2024-11-08,Cancelled,West
ORD02438,CUST0131,2026-05-06,Delivered,West
ORD02439,CUST0514,2026-02-17,Cancelled,South
ORD02440,CUST0113,2025-02-18,Placed,North
ORD02441,CUST0130,2025-10-11,Shipped,East
ORD02442,CUST0513,2025-04-14,Placed,South
ORD02443,CUST0054,2025-04-17,Delivered,West
ORD02444,CUST0009,2024-11-19,Cancelled,West
ORD02445,CUST0297,2026-05-13,Delivered,West
ORD02446,CUST0085,2025-08-10,Cancelled,South
ORD02448,CUST0256,2026-02-03,Delivered,North
ORD02449,CUST0270,2025-11-06,Shipped,West
ORD02450,CUST0204,2025-01-21,Cancelled,North
ORD02452,CUST0194,2025-10-03,Returned,South
ORD02453,CUST0235,2024-09-09,Placed,South
ORD02454,CUST0411,2024-10-02,Placed,East
ORD02455,CUST0197,2026-04-15,Shipped,West
ORD02456,CUST0019,2025-10-10,Returned,South
ORD02457,CUST0094,2026-03-02,Placed,West
ORD02459,CUST0237,2025-09-01,Shipped,East
ORD02461,CUST0523,2026-01-24,Cancelled,North
ORD02462,CUST0312,2024-12-13,Placed,East
ORD02463,CUST0373,2025-02-21,Delivered,East
ORD02464,CUST0429,2024-11-28,Shipped,East
ORD02465,CUST0049,2026-06-18,Shipped,North
ORD02466,CUST0001,2026-02-23,Placed,East
ORD02467,CUST0218,2025-09-08,Delivered,West
ORD02468,CUST0287,2024-07-21,Returned,North
ORD02469,CUST0442,2026-02-01,Shipped,East
ORD02471,CUST0312,2026-07-05,Placed,North
ORD02472,CUST0014,2024-12-31,Returned,South
ORD02473,CUST0340,2026-07-02,Delivered,East
ORD02474,CUST0542,2025-08-13,Returned,East
ORD02475,CUST0244,2026-05-10,Delivered,South
ORD02476,CUST0599,2026-01-18,Cancelled,North
ORD02477,CUST0109,2025-07-21,Shipped,North
ORD02478,CUST0043,2025-04-28,Returned,South
ORD02480,CUST0077,2025-10-18,Returned,East
ORD02481,CUST0309,2024-12-08,Cancelled,South
ORD02482,CUST0547,2025-06-24,Shipped,North
ORD02483,CUST0131,2025-12-23,Shipped,West
ORD02485,CUST0375,2024-12-05,Cancelled,North
ORD02486,CUST0447,2026-04-27,Placed,West
ORD02487,CUST0430,2025-04-19,Returned,North
ORD02489,CUST0133,2025-06-12,Delivered,North
ORD02490,CUST0580,2024-12-31,Placed,South
ORD02491,CUST0408,2025-08-21,Cancelled,North
ORD02492,CUST0170,2025-01-10,Cancelled,West
ORD02493,CUST0576,2025-05-30,Cancelled,West
ORD02494,CUST0279,2024-10-13,Shipped,South
ORD02496,CUST0010,2025-03-19,Returned,West
ORD02497,CUST0516,2024-10-22,Returned,East
ORD02498,CUST0311,2025-07-14,Shipped,East
ORD02499,CUST0275,2024-10-11,Returned,North
ORD02501,CUST0547,2024-10-31,Shipped,East
ORD02502,CUST0041,2025-08-07,Shipped,East
ORD02503,CUST0137,2026-03-02,Delivered,North
ORD02504,CUST0255,2025-04-24,Shipped,North
ORD02505,CUST0002,2026-01-16,Delivered,East
ORD02506,CUST0333,2025-02-26,Placed,East
ORD02507,CUST0137,2025-09-23,Cancelled,East
ORD02508,CUST0333,2026-01-29,Placed,North
ORD02509,CUST0365,2024-08-18,Shipped,East
ORD02510,CUST0181,2024-09-19,Delivered,North
ORD02511,CUST0551,2025-03-29,Returned,North
ORD02512,CUST0392,2025-08-05,Delivered,South
ORD02513,CUST0453,2024-10-15,Shipped,East
ORD02514,CUST0276,2025-05-12,Shipped,West
ORD02515,CUST0160,2025-02-23,Cancelled,South
ORD02517,CUST0491,2025-10-27,Placed,West
ORD02518,CUST0186,2026-02-09,Cancelled,South
ORD02519,CUST0181,2025-03-17,Shipped,West
ORD02520,CUST0185,2026-01-02,Delivered,North
ORD02521,CUST0318,2026-05-02,Shipped,South
ORD02522,CUST0404,2025-06-27,Returned,South
ORD02523,CUST0072,2025-01-09,Shipped,North
ORD02524,CUST0437,2025-09-21,Shipped,West
ORD02525,CUST0413,2025-05-30,Placed,South
ORD02526,CUST0013,2025-02-28,Returned,North
ORD02527,CUST0387,2026-05-13,Cancelled,North
ORD02529,CUST0136,2024-12-11,Shipped,North
ORD02530,CUST0275,2026-05-14,Shipped,North
ORD02531,CUST0010,2024-09-10,Placed,East
ORD02532,CUST0088,2026-06-12,Shipped,South
ORD02533,CUST0492,2026-05-02,Returned,West
ORD02535,CUST0491,2025-07-22,Shipped,South
ORD02536,CUST0058,2026-07-17,Returned,East
ORD02537,CUST0557,2025-12-27,Placed,North
ORD02538,CUST0046,2025-04-29,Placed,East
ORD02539,CUST0106,2024-12-04,Returned,West
ORD02540,CUST0146,2024-07-27,Placed,South
ORD02541,CUST0025,2025-12-23,Shipped,West
ORD02542,CUST0395,2025-08-03,Shipped,East
ORD02543,CUST0294,2025-12-22,Shipped,West
ORD02544,CUST0116,2024-10-07,Cancelled,South
ORD02545,CUST0113,2025-05-21,Shipped,North
ORD02546,CUST0289,2025-06-23,Delivered,North
ORD02547,CUST0342,2025-08-27,Placed,East
ORD02548,CUST0087,2025-12-11,Placed,South
ORD02549,CUST0183,2025-12-25,Cancelled,East
ORD02550,CUST0186,2024-09-22,Cancelled,South
ORD02551,CUST0309,2024-10-18,Returned,East
ORD02552,CUST0357,2024-11-06,Placed,East
ORD02553,CUST0512,2025-05-20,Delivered,East
ORD02554,CUST0079,2025-05-25,Placed,South
ORD02555,CUST0151,2026-01-08,Delivered,South
ORD02556,CUST0400,2025-10-19,Cancelled,West
ORD02557,CUST0069,2024-10-05,Placed,West
ORD02558,CUST0286,2026-02-13,Shipped,North
ORD02559,CUST0331,2026-07-06,Shipped,South
ORD02560,CUST0395,2026-06-11,Delivered,East
ORD02561,CUST0507,2024-11-26,Cancelled,West
ORD02562,CUST0424,2024-09-06,Returned,East
ORD02563,CUST0142,2025-04-26,Shipped,West
ORD02564,CUST0429,2024-12-19,Returned,West
ORD02565,CUST0552,2025-04-07,Returned,West
ORD02566,CUST0546,2024-12-20,Returned,South
ORD02567,CUST0394,2025-10-23,Placed,West
ORD02568,CUST0540,2026-05-04,Returned,South
ORD02571,CUST0372,2025-01-14,Returned,West
ORD02572,CUST0137,2026-04-29,Placed,North
ORD02573,CUST0358,2025-06-12,Delivered,South
ORD02574,CUST0302,2026-02-01,Cancelled,South
ORD02575,CUST0565,2025-08-09,Cancelled,South
ORD02576,CUST0216,2025-02-19,Shipped,North
ORD02577,CUST0142,2026-03-04,Placed,South
ORD02578,CUST0387,2026-01-23,Placed,West
ORD02579,CUST0381,2026-03-04,Placed,North
ORD02580,CUST0596,2025-10-12,Placed,West
ORD02582,CUST0375,2025-02-15,Shipped,North
ORD02583,CUST0251,2026-02-25,Placed,North
ORD02584,CUST0583,2026-03-23,Cancelled,South
ORD02585,CUST0187,2026-04-01,Cancelled,South
ORD02586,CUST0541,2025-11-30,Delivered,West
ORD02587,CUST0422,2025-05-24,Delivered,West
ORD02588,CUST0014,2025-04-20,Delivered,North
ORD02590,CUST0178,2025-12-17,Returned,South
ORD02591,CUST0012,2025-10-29,Cancelled,West
ORD02592,CUST0466,2025-05-28,Returned,East
ORD02593,CUST0586,2025-07-29,Returned,East
ORD02594,CUST0233,2025-08-19,Cancelled,South
ORD02595,CUST0279,2025-02-19,Placed,West
ORD02596,CUST0129,2024-11-09,Shipped,West
ORD02597,CUST0058,2026-03-06,Shipped,West
ORD02598,CUST0189,2025-07-06,Returned,North
ORD02599,CUST0480,2024-10-09,Cancelled,East
ORD02600,CUST0415,2024-10-20,Cancelled,South
ORD02601,CUST0056,2025-01-28,Delivered,West
ORD02603,CUST0107,2025-08-08,Placed,East
ORD02604,CUST0344,2025-01-13,Placed,South
ORD02605,CUST0289,2025-11-18,Shipped,North
ORD02606,CUST0067,2024-10-30,Shipped,North
ORD02607,CUST0317,2024-08-10,Shipped,South
ORD02608,CUST0034,2024-10-03,Shipped,East
ORD02609,CUST0088,2026-02-11,Returned,North
ORD02610,CUST0578,2024-08-28,Cancelled,North
ORD02611,CUST0050,2026-04-23,Delivered,North
ORD02612,CUST0317,2024-09-08,Placed,East
ORD02613,CUST0290,2025-08-08,Cancelled,South
ORD02614,CUST0323,2025-12-26,Cancelled,East
ORD02615,CUST0133,2024-08-07,Placed,East
ORD02616,CUST0418,2024-12-04,Returned,North
ORD02617,CUST0515,2025-05-11,Shipped,North
ORD02618,CUST0392,2025-10-30,Cancelled,North
ORD02619,CUST0298,2025-12-27,Shipped,South
ORD02620,CUST0475,2025-03-28,Placed,North
ORD02621,CUST0238,2024-11-13,Shipped,South
ORD02622,CUST0165,2025-03-10,Returned,East
ORD02624,CUST0298,2025-11-14,Delivered,West
ORD02625,CUST0041,2024-09-30,Cancelled,South
ORD02626,CUST0214,2026-02-28,Returned,North
ORD02627,CUST0157,2024-09-15,Returned,West
ORD02628,CUST0100,2025-12-13,Placed,South
ORD02629,CUST0317,2026-02-21,Returned,North
ORD02630,CUST0511,2025-08-25,Placed,West
ORD02631,CUST0322,2026-03-06,Shipped,East
ORD02632,CUST0166,,Placed,East
ORD02633,CUST0591,2026-03-25,Delivered,East
ORD02634,CUST0092,2025-07-14,Placed,South
ORD02635,CUST0472,2024-12-21,Delivered,West
ORD02636,CUST0263,2025-03-03,Cancelled,South
ORD02637,CUST0127,2025-12-14,Returned,West
ORD02638,CUST0041,2025-08-08,Delivered,East
ORD02639,CUST0411,2025-08-02,Cancelled,South
ORD02640,CUST0452,2025-08-14,Delivered,East
ORD02641,CUST0383,2025-02-06,Placed,West
ORD02642,CUST0519,2025-09-12,Cancelled,East
ORD02644,CUST0251,2026-04-07,Returned,North
ORD02645,CUST0159,2026-05-16,Placed,East
ORD02646,CUST0385,2025-09-10,Shipped,West
ORD02647,CUST0075,2025-09-15,Shipped,West
ORD02648,CUST0474,2024-07-31,Placed,East
ORD02649,CUST0478,2026-03-03,Cancelled,West
ORD02650,CUST0112,2024-08-11,Placed,South
ORD02651,CUST0111,2025-06-17,Cancelled,West
ORD02652,CUST0205,2026-06-01,Cancelled,East
ORD02653,CUST0067,2026-06-28,Delivered,East
ORD02655,CUST0118,2025-05-11,Delivered,West
ORD02656,CUST0040,2025-07-02,Returned,South
ORD02657,CUST0482,2025-03-19,Shipped,South
ORD02659,CUST0390,2025-05-06,Placed,East
ORD02660,CUST0441,2025-06-26,Cancelled,South
ORD02661,CUST0056,2025-07-10,Shipped,North
ORD02662,CUST0434,2024-08-14,Delivered,East
ORD02663,CUST0181,2024-08-12,Placed,South
ORD02664,CUST0071,2024-12-02,Delivered,West
ORD02665,CUST0084,2025-09-23,Delivered,West
ORD02666,CUST0430,2025-12-12,Returned,South
ORD02667,CUST0266,2026-05-17,Shipped,North
ORD02668,CUST0095,2026-03-15,Cancelled,East
ORD02669,CUST0305,2025-03-10,Shipped,South
ORD02670,CUST0358,2026-06-05,Cancelled,West
ORD02671,CUST0487,2026-01-17,Returned,South
ORD02673,CUST0011,2025-08-03,Returned,South
ORD02674,CUST0080,2025-06-17,Returned,South
ORD02675,CUST0332,2024-10-30,Delivered,North
ORD02676,CUST0155,2025-03-17,Cancelled,South
ORD02677,CUST0512,2026-01-24,Delivered,North
ORD02678,CUST0417,2025-05-16,Delivered,North
ORD02679,CUST0462,2025-07-31,Shipped,West
ORD02680,CUST0593,2026-03-03,Placed,North
ORD02682,CUST0560,2025-10-02,Shipped,West
ORD02683,CUST0222,2025-12-24,Delivered,South
ORD02684,CUST0196,2025-08-03,Returned,North
ORD02685,CUST0380,2025-12-12,Delivered,North
ORD02686,CUST0310,2025-09-21,Delivered,North
ORD02687,CUST0512,,Cancelled,West
ORD02688,CUST0421,2025-09-09,Delivered,East
ORD02689,CUST0556,2025-10-05,Cancelled,East
ORD02690,CUST0117,2025-07-17,Shipped,West
ORD02691,CUST0439,2025-07-22,Delivered,South
ORD02692,CUST0567,2025-09-27,Returned,South
ORD02693,CUST0556,2026-05-12,Cancelled,West
ORD02694,CUST0292,2024-11-16,Cancelled,East
ORD02695,CUST0102,2025-08-15,Placed,North
ORD02696,CUST0092,,Placed,West
ORD02697,CUST0107,2025-05-17,Cancelled,North
ORD02698,CUST0455,2025-02-07,Returned,North
ORD02699,CUST0297,2025-08-06,Cancelled,South
ORD02700,CUST0229,2025-10-20,Cancelled,West
ORD02701,CUST0118,2025-05-07,Shipped,West
ORD02702,CUST0128,2025-11-09,Delivered,West
ORD02703,CUST0423,2025-12-25,Cancelled,North
ORD02704,CUST0384,2025-04-17,Shipped,East
ORD02705,CUST0275,2026-03-05,Delivered,East
ORD02706,CUST0425,2025-02-23,Shipped,North
ORD02708,CUST0027,2024-09-03,Shipped,East
ORD02709,CUST0532,2024-08-08,Returned,East
ORD02710,CUST0344,2025-10-19,Shipped,West
ORD02711,CUST0248,2024-08-22,Returned,West
ORD02712,CUST0198,2024-10-25,Returned,West
ORD02713,CUST0053,2026-04-29,Returned,West
ORD02714,CUST0132,2025-04-28,Cancelled,South
ORD02715,CUST0413,2025-04-14,Delivered,South
ORD02716,CUST0448,2026-04-07,Shipped,North
ORD02717,CUST0130,2026-02-14,Returned,North
ORD02718,CUST0591,2025-10-14,Cancelled,East
ORD02719,CUST0567,2024-08-07,Shipped,East
ORD02720,CUST0209,2026-03-04,Placed,North
ORD02721,CUST0027,2026-06-10,Cancelled,North
ORD02722,CUST0157,2025-11-15,Placed,North
ORD02723,CUST0586,2025-04-09,Cancelled,North
ORD02724,CUST0134,2025-05-09,Cancelled,East
ORD02725,CUST0192,2024-10-01,Shipped,South
ORD02726,CUST0305,2025-06-15,Shipped,South
ORD02727,CUST0388,2025-04-12,Delivered,North
ORD02728,CUST0282,2025-04-21,Placed,South
ORD02729,CUST0024,2025-06-02,Returned,North
ORD02730,CUST0114,2025-04-16,Cancelled,North
ORD02731,CUST0110,2024-08-30,Shipped,East
ORD02732,CUST0269,2025-12-13,Shipped,North
ORD02733,CUST0080,2025-01-23,Cancelled,East
ORD02735,CUST0503,2025-01-16,Placed,West
ORD02736,CUST0076,2025-12-03,Cancelled,North
ORD02737,CUST0216,2025-03-17,Cancelled,West
ORD02738,CUST0322,2025-10-21,Cancelled,South
ORD02739,CUST0185,2024-09-21,Delivered,North
ORD02740,CUST0183,2026-06-25,Returned,North
ORD02741,CUST0121,2026-01-03,Delivered,East
ORD02742,CUST0496,2024-09-06,Returned,North
ORD02744,CUST0125,2025-03-11,Shipped,North
ORD02745,CUST0549,2024-10-14,Placed,South
ORD02747,CUST0223,2024-11-26,Placed,East
ORD02748,CUST0142,2024-08-02,Shipped,North
ORD02749,CUST0130,2025-09-09,Delivered,East
ORD02750,CUST0494,2025-03-28,Shipped,North
ORD02751,CUST0357,2024-08-16,Returned,East
ORD02752,CUST0479,2025-07-10,Cancelled,West
ORD02753,CUST0525,2025-12-10,Cancelled,South
ORD02754,CUST0257,2026-05-19,Shipped,South
ORD02756,CUST0598,2025-10-02,Returned,East
ORD02758,CUST0444,2026-06-18,Cancelled,West
ORD02759,CUST0279,2025-06-10,Delivered,North
ORD02760,CUST0393,2025-02-10,Cancelled,South
ORD02761,CUST0581,2024-08-02,Delivered,East
ORD02762,CUST0066,2026-01-09,Cancelled,South
ORD02763,CUST0035,2025-07-17,Returned,East
ORD02764,CUST0420,2025-10-17,Delivered,East
ORD02765,CUST0408,2024-08-04,Placed,North
ORD02766,CUST0185,2025-03-20,Delivered,West
ORD02767,CUST0191,2025-05-07,Delivered,South
ORD02768,CUST0075,2025-10-04,Shipped,East
ORD02770,CUST0126,2025-03-25,Placed,East
ORD02771,CUST0012,2025-10-05,Delivered,South
ORD02772,CUST0477,2024-10-01,Returned,East
ORD02773,CUST0239,2026-04-06,Returned,North
ORD02774,CUST0395,2025-08-01,Delivered,South
ORD02775,CUST0540,2024-10-03,Shipped,North
ORD02776,CUST0575,2026-01-05,Delivered,North
ORD02777,CUST0588,2025-12-24,Cancelled,West
ORD02778,CUST0326,2024-12-24,Delivered,South
ORD02779,CUST0202,2025-04-04,Placed,West
ORD02780,CUST0511,2025-08-07,Placed,East
ORD02781,CUST0432,2025-08-12,Placed,North
ORD02782,CUST0464,2026-04-09,Shipped,East
ORD02783,CUST0393,2026-03-04,Shipped,North
ORD02785,CUST0473,2025-04-07,Delivered,South
ORD02786,CUST0413,2024-11-24,Placed,North
ORD02787,CUST0346,2025-11-07,Placed,North
ORD02788,CUST0482,2025-03-07,Placed,West
ORD02789,CUST0309,2025-04-26,Delivered,East
ORD02790,CUST0355,2025-06-21,Cancelled,North
ORD02791,CUST0570,2024-12-21,Delivered,West
ORD02792,CUST0049,2025-08-07,Cancelled,East
ORD02793,CUST0466,2025-11-23,Cancelled,North
ORD02794,CUST0383,2026-05-07,Returned,North
ORD02795,CUST0030,2026-03-21,Shipped,North
ORD02797,CUST0331,2026-05-01,Cancelled,South
ORD02798,CUST0175,2026-05-09,Placed,South
ORD02799,CUST0378,2025-09-07,Returned,North
ORD02800,CUST0054,2024-12-31,Delivered,North
ORD02801,CUST0114,2025-02-26,Placed,East
ORD02802,CUST0077,2025-02-08,Delivered,East
ORD02803,CUST0389,2024-08-23,Delivered,South
ORD02804,CUST0142,2025-03-05,Returned,West
ORD02805,CUST0123,2025-10-06,Shipped,East
ORD02806,CUST0152,2025-05-26,Returned,West
ORD02807,CUST0458,2026-04-03,Placed,South
ORD02808,CUST0592,2025-01-09,Cancelled,West
ORD02809,CUST0288,2025-11-15,Delivered,West
ORD02810,CUST0232,2026-02-15,Placed,East
ORD02811,CUST0304,2024-09-27,Placed,East
ORD02812,CUST0572,2026-01-26,Shipped,South
ORD02813,CUST0080,2026-05-04,Placed,West
ORD02814,CUST0062,2025-10-10,Shipped,North
ORD02815,CUST0222,2024-09-29,Cancelled,West
ORD02816,CUST0193,2025-10-20,Cancelled,North
ORD02817,CUST0349,2025-04-05,Shipped,East
ORD02818,CUST0320,2025-02-15,Cancelled,South
ORD02819,CUST0517,2024-09-08,Placed,South
ORD02820,CUST0225,2025-09-30,Delivered,West
ORD02821,CUST0464,2026-04-01,Returned,South
ORD02822,CUST0410,2025-09-03,Shipped,North
ORD02823,CUST0285,2025-07-22,Cancelled,South
ORD02824,CUST0315,2025-06-14,Returned,North
ORD02825,CUST0151,2024-12-27,Cancelled,North
ORD02826,CUST0113,2025-04-13,Shipped,North
ORD02827,CUST0472,2026-03-28,Shipped,East
ORD02828,CUST0030,2024-09-15,Cancelled,West
ORD02829,CUST0361,2025-12-06,Delivered,North
ORD02830,CUST0564,2026-04-18,Placed,East
ORD02831,CUST0442,2025-03-09,Shipped,South
ORD02832,CUST0407,2025-08-13,Returned,West
ORD02833,CUST0521,2026-04-03,Delivered,North
ORD02834,CUST0452,2025-03-07,Delivered,East
ORD02835,CUST0101,2025-06-19,Placed,West
ORD02836,CUST0433,2025-12-15,Shipped,East
ORD02837,CUST0194,2025-09-10,Cancelled,South
ORD02838,CUST0283,2025-03-18,Returned,West
ORD02840,CUST0052,2025-06-04,Shipped,North
ORD02841,CUST0225,2025-05-26,Placed,North
ORD02842,CUST0037,2025-01-29,Returned,East
ORD02843,CUST0245,2025-11-15,Placed,North
ORD02844,CUST0283,2025-08-22,Shipped,West
ORD02845,CUST0402,2025-07-05,Cancelled,North
ORD02846,CUST0226,2025-12-21,Delivered,West
ORD02847,CUST0211,2026-03-02,Shipped,South
ORD02848,CUST0356,2025-09-16,Delivered,East
ORD02849,CUST0004,2024-12-05,Placed,South
ORD02850,CUST0516,2026-06-02,Returned,West
ORD02851,CUST0313,2024-08-01,Shipped,South
ORD02852,CUST0323,2025-11-17,Placed,South
ORD02853,CUST0192,2026-01-15,Delivered,West
ORD02854,CUST0146,2025-08-22,Placed,West
ORD02855,CUST0439,2026-05-19,Delivered,North
ORD02856,CUST0182,2024-12-09,Delivered,North
ORD02857,CUST0175,2025-10-09,Placed,East
ORD02858,CUST0486,2025-08-09,Returned,North
ORD02859,CUST0501,2024-12-30,Shipped,West
ORD02860,CUST0113,2025-12-13,Placed,North
ORD02861,CUST0581,2026-04-18,Delivered,South
ORD02862,CUST0538,2026-02-14,Returned,South
ORD02863,CUST0151,2026-07-16,Placed,North
ORD02864,CUST0312,2025-07-15,Delivered,West
ORD02865,CUST0503,2025-02-11,Delivered,East
ORD02866,CUST0499,2026-07-15,Delivered,East
ORD02867,CUST0470,2025-11-25,Placed,East
ORD02868,CUST0309,2025-09-04,Delivered,West
ORD02869,CUST0116,2026-04-07,Delivered,North
ORD02870,CUST0152,2025-11-07,Cancelled,South
ORD02871,CUST0146,2026-05-11,Delivered,West
ORD02872,CUST0032,2026-03-07,Shipped,West
ORD02873,CUST0369,2026-06-22,Shipped,North
ORD02874,CUST0199,2025-06-19,Cancelled,North
ORD02875,CUST0281,2026-07-13,Returned,West
ORD02876,CUST0540,2025-09-30,Shipped,East
ORD02877,CUST0358,2026-02-02,Delivered,West
ORD02878,CUST0428,2025-11-16,Delivered,East
ORD02879,CUST0196,2024-09-02,Placed,East
ORD02880,CUST0126,2025-08-27,Cancelled,West
ORD02881,CUST0581,2024-12-20,Delivered,East
ORD02882,CUST0113,2025-04-26,Placed,West
ORD02883,CUST0151,2025-07-12,Cancelled,South
ORD02884,CUST0536,2024-11-09,Delivered,South
ORD02885,CUST0311,2025-01-20,Cancelled,East
ORD02886,CUST0067,2024-11-11,Delivered,North
ORD02887,CUST0465,2026-02-17,Placed,South
ORD02889,CUST0055,2026-03-04,Cancelled,East
ORD02890,CUST0006,2025-03-08,Cancelled,East
ORD02891,CUST0001,2026-05-04,Placed,East
ORD02892,CUST0142,2025-06-21,Delivered,East
ORD02894,CUST0089,2025-03-22,Delivered,South
ORD02895,CUST0202,2026-05-17,Cancelled,North
ORD02896,CUST0298,2026-04-23,Shipped,North
ORD02897,CUST0485,2026-06-25,Delivered,South
ORD02898,CUST0396,2024-09-06,Cancelled,West
ORD02899,CUST0101,2025-11-22,Delivered,East
ORD02900,CUST0319,2024-12-23,Shipped,West
ORD02901,CUST0331,2026-05-06,Returned,South
ORD02902,CUST0205,2025-06-03,Delivered,South
ORD02903,CUST0427,2025-02-10,Returned,South
ORD02904,CUST0309,2026-04-18,Delivered,North
ORD02905,CUST0305,2025-02-25,Returned,West
ORD02906,CUST0559,2025-12-01,Shipped,West
ORD02907,CUST0448,2024-11-19,Placed,South
ORD02908,CUST0540,2025-02-02,Cancelled,East
ORD02909,CUST0516,2026-01-02,Delivered,West
ORD02910,CUST0363,2025-10-27,Cancelled,West
ORD02911,CUST0431,2025-01-17,Cancelled,West
ORD02912,CUST0029,2025-05-29,Returned,North
ORD02913,CUST0432,2025-01-19,Placed,South
ORD02914,CUST0310,2024-10-14,Shipped,East
ORD02915,CUST0131,2024-11-11,Returned,East
ORD02916,CUST0055,2024-12-14,Cancelled,South
ORD02917,CUST0413,2024-08-08,Placed,West
ORD02919,CUST0087,2026-03-29,Placed,East
ORD02920,CUST0110,2026-04-21,Delivered,North
ORD02921,CUST0298,2025-03-16,Returned,West
ORD02922,CUST0340,2025-07-13,Placed,North
ORD02923,CUST0599,2025-07-30,Returned,North
ORD02924,CUST0210,2025-09-25,Returned,South
ORD02925,CUST0576,2025-06-21,Cancelled,South
ORD02926,CUST0229,2025-06-10,Shipped,East
ORD02927,CUST0319,2025-12-02,Placed,West
ORD02928,CUST0206,2026-06-21,Placed,North
ORD02929,CUST0001,2024-08-15,Shipped,North
ORD02930,CUST0533,2024-12-21,Placed,South
ORD02932,CUST0026,2025-02-14,Returned,West
ORD02933,CUST0401,2024-10-31,Placed,North
ORD02935,CUST0189,2025-02-03,Shipped,East
ORD02936,CUST0450,2026-03-23,Returned,North
ORD02937,CUST0443,2026-04-03,Shipped,North
ORD02938,CUST0190,2025-02-18,Shipped,South
ORD02939,CUST0175,2025-12-11,Returned,South
ORD02940,CUST0488,2025-09-18,Cancelled,East
ORD02942,CUST0377,2025-11-30,Delivered,West
ORD02943,CUST0396,2026-05-11,Placed,West
ORD02944,CUST0427,2024-08-19,Cancelled,South
ORD02945,CUST0029,2026-01-30,Delivered,West
ORD02946,CUST0124,2025-07-30,Returned,West
ORD02947,CUST0012,2026-03-17,Returned,East
ORD02948,CUST0035,2024-08-02,Returned,West
ORD02949,CUST0044,2024-08-29,Delivered,South
ORD02950,CUST0480,2026-05-16,Cancelled,East
ORD02951,CUST0010,2026-06-14,Shipped,East
ORD02952,CUST0513,2024-09-21,Returned,South
ORD02953,CUST0358,2025-03-18,Returned,West
ORD02954,CUST0526,2025-10-28,Placed,South
ORD02955,CUST0156,2025-03-06,Delivered,East
ORD02956,CUST0471,2026-05-22,Shipped,East
ORD02957,CUST0311,2024-09-05,Cancelled,North
ORD02958,CUST0496,2026-06-17,Cancelled,West
ORD02959,CUST0185,2025-05-30,Returned,East
ORD02960,CUST0133,2026-06-14,Delivered,East
ORD02961,CUST0599,2025-04-26,Returned,West
ORD02962,CUST0070,2025-12-21,Placed,North
ORD02963,CUST0163,2025-12-10,Shipped,North
ORD02964,CUST0109,2026-06-05,Cancelled,West
ORD02965,CUST0332,2024-09-26,Shipped,South
ORD02966,CUST0108,2025-05-22,Shipped,West
ORD02967,CUST0431,2026-05-01,Placed,North
ORD02968,CUST0257,2026-01-31,Placed,North
ORD02969,CUST0075,2026-05-03,Cancelled,East
ORD02970,CUST0031,2024-11-04,Shipped,East
ORD02971,CUST0111,2025-01-17,Cancelled,West
ORD02972,CUST0137,2024-10-12,Returned,South
ORD02973,CUST0201,2025-10-04,Delivered,West
ORD02974,CUST0449,2026-02-08,Delivered,South
ORD02975,CUST0207,2025-08-10,Shipped,West
ORD02976,CUST0542,2026-07-12,Shipped,North
ORD02977,CUST0597,2024-10-19,Placed,North
ORD02978,CUST0209,2025-08-27,Placed,South
ORD02979,CUST0006,2025-12-15,Delivered,West
ORD02980,CUST0582,2026-04-22,Returned,North
ORD02981,CUST0349,2025-10-11,Shipped,West
ORD02982,CUST0195,2026-03-12,Shipped,West
ORD02983,CUST0513,2026-07-11,Delivered,East
ORD02984,CUST0573,2025-08-29,Shipped,North
ORD02985,CUST0450,2025-01-29,Cancelled,West
ORD02986,CUST0073,2025-08-07,Returned,North
ORD02987,CUST0131,2026-06-05,Returned,East
ORD02988,CUST0104,2024-09-26,Placed,West
ORD02989,CUST0237,2025-01-18,Placed,East
ORD02990,CUST0024,2025-10-26,Shipped,East
ORD02992,CUST0070,2026-03-10,Shipped,East
ORD02993,CUST0077,2026-04-05,Returned,South
ORD02994,CUST0531,2025-03-18,Returned,East
ORD02995,CUST0409,2025-03-30,Returned,North
ORD02996,CUST0560,2026-04-25,Placed,West
ORD02997,CUST0270,2025-10-14,Placed,North
ORD02998,CUST0347,2026-02-10,Cancelled,East
ORD02999,CUST0206,2025-05-16,Delivered,North
ORD03000,CUST0143,2026-04-04,Shipped,East
