item_id,order_id,product_id,quantity,unit_price,discount_percent
ITEM00001,ORD02718,PROD0064,2,4024.41,20
ITEM00002,ORD02499,PROD0037,3,7851.29,15
ITEM00004,ORD01109,PROD0043,1,429.46,20
ITEM00005,ORD00923,PROD0359,4,3899.1,5
ITEM00006,ORD00088,PROD0057,1,6222.86,5
ITEM00007,ORD02189,PROD0389,1,4487.09,0
ITEM00008,ORD01586,PROD0387,2,3523.29,15
ITEM00009,ORD02251,PROD0142,1,3587.93,20
ITEM00010,ORD01507,PROD0361,2,2843.54,0
ITEM00011,ORD00976,PROD0238,1,4770.65,5
ITEM00012,ORD01692,PROD0550,5,509.37,0
ITEM00013,ORD02949,PROD0256,1,751.4,5
ITEM00014,ORD01797,PROD0185,3,493.2,10
ITEM00015,ORD02468,PROD0251,3,1168.27,15
ITEM00016,ORD01961,PROD0126,1,749.57,20
ITEM00017,ORD00844,PROD0507,3,7196.48,5
ITEM00018,ORD01817,PROD0310,3,6274.64,10
ITEM00019,ORD02678,PROD0251,5,7159.88,10
ITEM00020,ORD02859,PROD0555,5,969.37,10
ITEM00021,ORD01683,PROD0498,3,765.8,5
ITEM00022,ORD02134,PROD0237,3,5973.98,5
ITEM00023,ORD00503,PROD0382,2,431.56,5
ITEM00024,ORD02861,PROD0451,4,7631.4,0
ITEM00026,ORD01231,PROD0087,1,2340.88,20
ITEM00027,ORD01573,PROD0508,1,6922.77,15
ITEM00028,ORD01819,PROD0046,2,1764.98,5
ITEM00029,ORD02704,PROD0442,5,560.24,10
ITEM00030,ORD00129,PROD0555,3,7507.21,20
ITEM00031,ORD01378,PROD0269,5,1849.87,0
ITEM00033,ORD00234,PROD0112,5,3196.67,25
ITEM00034,ORD02777,PROD0295,5,3788.49,20
ITEM00035,ORD02946,PROD0582,5,2191.79,15
ITEM00036,ORD01915,PROD0244,2,7275.54,10
ITEM00038,ORD01212,PROD0346,5,3247.62,20
ITEM00039,ORD01124,PROD0371,3,5324.96,25
ITEM00040,ORD02491,PROD0013,1,2559.13,25
ITEM00041,ORD01315,PROD0271,2,3633.9,0
ITEM00042,ORD01802,PROD0010,4,440.48,10
ITEM00043,ORD01967,PROD0570,2,3357.6,20
ITEM00046,ORD01064,PROD0507,2,1935.24,5
ITEM00047,ORD00602,PROD0051,2,1048.41,0
ITEM00048,ORD00755,PROD0519,4,4702.14,0
ITEM00049,ORD02267,PROD0234,1,7620.87,10
ITEM00050,ORD01055,PROD0017,3,4392.46,0
ITEM00052,ORD01818,PROD0116,5,757.98,5
ITEM00053,ORD01335,PROD0585,3,6658.73,25
ITEM00054,ORD01704,PROD0074,4,7025.45,5
ITEM00055,ORD00102,PROD0335,5,6337.09,10
ITEM00056,ORD01672,PROD0384,4,7548.46,10
ITEM00057,ORD02548,PROD0032,2,3041.17,10
ITEM00058,ORD00615,PROD0027,1,4930.95,10
ITEM00059,ORD02093,PROD0521,5,5745.8,5
ITEM00060,ORD01552,PROD0597,1,5307.92,5
ITEM00061,ORD01561,PROD0081,1,7675.21,5
ITEM00062,ORD02316,PROD0516,5,5098.05,25
ITEM00063,ORD01713,PROD0552,1,6803.62,150
ITEM00064,ORD00211,PROD0484,5,4234.64,10
ITEM00067,ORD00473,PROD0247,4,5902.47,15
ITEM00068,ORD01483,PROD0082,3,4549.59,0
ITEM00070,ORD00942,PROD0584,2,7416.88,5
ITEM00071,ORD01670,PROD0599,2,4903.53,10
ITEM00072,ORD01400,PROD0322,1,789.82,15
ITEM00073,ORD02069,PROD0152,5,4029.47,5
ITEM00074,ORD00737,PROD0465,1,1459.15,15
ITEM00075,ORD01079,PROD0568,4,5981.4,5
ITEM00076,ORD00140,PROD0442,1,5566.87,0
ITEM00077,ORD00543,PROD0528,5,7361.19,15
ITEM00078,ORD01452,PROD0131,4,5620.89,5
ITEM00079,ORD02917,PROD0301,1,2793.95,10
ITEM00080,ORD02423,PROD0111,1,728.96,10
ITEM00081,ORD01839,PROD0419,4,5964.48,15
ITEM00082,ORD01185,PROD0489,2,5907.53,25
ITEM00083,ORD02415,PROD0522,1,1345.21,0
ITEM00084,ORD02432,PROD0379,4,3128.09,15
ITEM00085,ORD00724,PROD0521,5,2342.5,0
ITEM00086,ORD00952,PROD0305,4,2827.77,20
ITEM00087,ORD02121,PROD0538,5,4139.59,15
ITEM00088,ORD01169,PROD0331,4,2650.84,5
ITEM00091,ORD00486,PROD0295,3,3970.09,5
ITEM00092,ORD00694,PROD0296,3,7912.12,0
ITEM00093,ORD00949,PROD0286,2,903.41,20
ITEM00094,ORD02084,PROD0173,1,4847.37,0
ITEM00095,ORD02212,PROD0551,2,202.32,0
ITEM00096,ORD01514,PROD0209,3,7543.18,20
ITEM00097,ORD01747,PROD0456,5,1140.5,15
ITEM00098,ORD01209,PROD0113,1,3638.58,15
ITEM00099,ORD02021,PROD0270,1,6936.35,10
ITEM00100,ORD02997,PROD0120,3,6458.58,25
ITEM00101,ORD00912,PROD0077,3,1380.31,10
ITEM00102,ORD01131,PROD0465,5,5425.84,0
ITEM00103,ORD02896,PROD0323,1,3552.01,25
ITEM00104,ORD02136,PROD0326,2,6755.23,25
ITEM00105,ORD02565,PROD0037,1,2080.42,20
ITEM00106,ORD01541,PROD0226,2,2232.5,5
ITEM00107,ORD01985,PROD0192,4,2368.41,5
ITEM00108,ORD02601,PROD0091,5,6878.68,25
ITEM00109,ORD00878,PROD0004,4,678.0,20
ITEM00110,ORD02504,PROD0214,2,454.68,25
ITEM00111,ORD01078,PROD0390,5,1992.52,10
ITEM00112,ORD01984,PROD0544,2,7041.43,5
ITEM00113,ORD01197,PROD0497,4,6404.46,15
ITEM00114,ORD02449,PROD0366,5,3925.53,0
ITEM00115,ORD00897,PROD0116,3,3443.81,15
ITEM00116,ORD01333,PROD0254,4,1059.18,15
ITEM00117,ORD01307,PROD0117,3,5621.2,25
ITEM00118,ORD00525,PROD0496,4,4868.31,25
ITEM00119,ORD00962,PROD0030,3,2253.2,5
ITEM00120,ORD01676,PROD0063,5,6208.62,10
ITEM00121,ORD02765,PROD0326,4,3222.32,15
ITEM00122,ORD01742,PROD0409,3,7312.09,10
ITEM00123,ORD01989,PROD0225,3,5144.69,0
ITEM00124,ORD01264,PROD0459,4,1887.28,5
ITEM00125,ORD02196,PROD0212,1,7590.84,20
ITEM00126,ORD02502,PROD0338,2,4898.95,0
ITEM00127,ORD02959,PROD0022,4,858.48,25
ITEM00128,ORD01366,PROD0362,5,648.2,0
ITEM00129,ORD02125,PROD0216,3,4353.46,5
ITEM00130,ORD02195,PROD0406,2,2427.97,5
ITEM00131,ORD01532,PROD0340,4,1842.58,25
ITEM00132,ORD01019,PROD0014,1,6787.03,20
ITEM00133,ORD00420,PROD0514,4,6362.05,0
ITEM00134,ORD00643,PROD0290,3,340.32,25
ITEM00135,ORD02819,PROD0254,1,2288.8,0
ITEM00136,ORD01548,PROD0411,2,6573.62,10
ITEM00137,ORD00348,PROD0079,1,4110.4,25
ITEM00138,ORD01702,PROD0021,1,5979.82,20
ITEM00139,ORD02478,PROD0156,1,5926.61,15
ITEM00140,ORD00796,PROD0320,3,3487.45,25
ITEM00141,ORD00096,PROD0310,3,3752.41,0
ITEM00142,ORD01083,PROD0591,4,3106.16,15
ITEM00144,ORD01165,PROD0547,5,2070.22,0
ITEM00145,ORD02036,PROD0404,3,6137.2,25
ITEM00146,ORD00444,PROD0464,2,4686.35,0
ITEM00147,ORD01628,PROD0238,4,3053.1,20
ITEM00148,ORD00447,PROD0319,3,1278.6,25
ITEM00149,ORD00343,PROD0098,5,1478.66,15
ITEM00150,ORD02431,PROD0256,1,1259.44,20
ITEM00152,ORD02022,PROD0259,4,2594.92,10
ITEM00153,ORD00617,PROD0038,3,5558.63,20
ITEM00154,ORD01666,PROD0006,3,5569.62,20
ITEM00155,ORD02002,PROD0559,4,2607.18,25
ITEM00156,ORD00966,PROD0330,4,5714.62,20
ITEM00157,ORD02273,PROD0084,1,3491.76,0
ITEM00158,ORD01539,PROD0131,1,1422.43,25
ITEM00159,ORD00498,PROD0171,2,3585.17,0
ITEM00160,ORD00160,PROD0435,4,1490.17,20
ITEM00161,ORD01996,PROD0144,5,3432.46,0
ITEM00163,ORD02772,PROD0278,5,2680.73,10
ITEM00164,ORD02310,PROD0170,2,2428.04,25
ITEM00165,ORD00838,PROD0381,5,4895.46,15
ITEM00166,ORD01896,PROD0216,3,7427.57,25
ITEM00167,ORD00555,PROD0169,5,5763.39,15
ITEM00168,ORD00041,PROD0326,4,1556.92,15
ITEM00169,ORD00275,PROD0006,3,5656.5,5
ITEM00170,ORD02843,PROD0097,5,3749.96,0
ITEM00171,ORD00251,PROD0480,5,1378.16,10
ITEM00172,ORD02607,PROD0573,2,2857.92,0
ITEM00173,ORD00790,PROD0282,3,6592.92,15
ITEM00174,ORD02394,PROD0314,3,5052.33,15
ITEM00175,ORD01044,PROD0575,5,5186.55,5
ITEM00176,ORD00318,PROD0157,1,5885.67,10
ITEM00177,ORD00731,PROD0270,5,953.23,20
ITEM00178,ORD02406,PROD0393,3,4668.9,20
ITEM00179,ORD02478,PROD0284,5,5397.7,15
ITEM00180,ORD00858,PROD0173,1,6299.41,5
ITEM00181,ORD00375,PROD0151,2,1443.82,0
ITEM00182,ORD01325,PROD0080,1,1225.25,15
ITEM00183,ORD01743,PROD0484,3,2525.08,0
ITEM00184,ORD00987,PROD0574,4,3111.88,15
ITEM00186,ORD01299,PROD0544,1,7083.79,5
ITEM00187,ORD00681,PROD0285,2,6743.03,20
ITEM00188,ORD01809,PROD0502,3,5530.14,20
ITEM00189,ORD01784,PROD0357,2,348.57,10
ITEM00190,ORD01910,PROD0355,4,1828.17,20
ITEM00191,ORD00783,PROD0392,3,1555.19,25
ITEM00192,ORD00044,PROD0201,4,2983.78,5
ITEM00193,ORD00023,PROD0318,3,888.75,10
ITEM00194,ORD01040,PROD0515,1,4913.18,0
ITEM00195,ORD02652,PROD0282,4,3276.61,25
ITEM00196,ORD02885,PROD0260,3,5058.37,20
ITEM00197,ORD00125,PROD0483,5,5113.08,15
ITEM00198,ORD00712,PROD0485,5,6488.33,0
ITEM00199,ORD01514,PROD0030,5,7169.98,5
ITEM00200,ORD02891,PROD0182,2,800.17,0
ITEM00201,ORD00230,PROD0455,1,2616.76,20
ITEM00202,ORD01137,PROD0199,5,5939.01,10
ITEM00203,ORD02753,PROD0325,2,7259.94,20
ITEM00204,ORD02958,PROD0376,5,261.24,25
ITEM00206,ORD00605,PROD0274,1,1504.79,0
ITEM00208,ORD00014,PROD0319,3,4550.39,0
ITEM00210,ORD02320,PROD0475,1,1062.65,0
ITEM00211,ORD00748,PROD0089,2,2642.39,25
ITEM00212,ORD00083,PROD0174,1,1857.58,10
ITEM00213,ORD01886,PROD0084,2,2566.09,25
ITEM00214,ORD02631,PROD0196,2,2587.32,15
ITEM00215,ORD02892,PROD0294,2,2339.86,20
ITEM00216,ORD01293,PROD0424,2,6706.91,10
ITEM00217,ORD00817,PROD0182,3,2185.93,15
ITEM00218,ORD01084,PROD0095,4,2937.95,10
ITEM00219,ORD01429,PROD0536,4,6661.58,25
ITEM00220,ORD00699,PROD0038,5,3177.59,20
ITEM00221,ORD02330,PROD0216,4,2873.33,25
ITEM00222,ORD01183,PROD0213,3,5642.28,20
ITEM00223,ORD02260,PROD0276,1,4179.19,5
ITEM00224,ORD01058,PROD0224,4,2197.64,0
ITEM00225,ORD02118,PROD0191,4,1247.55,20
ITEM00226,ORD01323,PROD0382,5,3116.59,20
ITEM00227,ORD00139,PROD0331,1,5091.36,0
ITEM00228,ORD00651,PROD0432,4,2777.49,25
ITEM00229,ORD00411,PROD0192,3,2554.26,15
ITEM00230,ORD02240,PROD0191,1,3596.22,20
ITEM00231,ORD01870,PROD0590,4,5888.0,15
ITEM00232,ORD00998,PROD0259,3,4867.39,15
ITEM00233,ORD02780,PROD0411,3,465.01,5
ITEM00234,ORD02077,PROD0111,4,3493.27,10
ITEM00235,ORD02366,PROD0411,5,374.16,20
ITEM00236,ORD00682,PROD0308,5,7727.1,20
ITEM00237,ORD00813,PROD0582,2,1169.64,10
ITEM00239,ORD01418,PROD0470,4,1447.94,0
ITEM00240,ORD02698,PROD0152,2,7081.19,10
ITEM00241,ORD01260,PROD0083,2,2004.04,5
ITEM00242,ORD01789,PROD0093,2,1359.98,20
ITEM00243,ORD01533,PROD0006,4,1400.74,0
ITEM00245,ORD02738,PROD0386,4,5693.86,0
ITEM00246,ORD01588,PROD0132,3,6139.9,5
ITEM00247,ORD01638,PROD0335,3,6585.36,25
ITEM00248,ORD01740,PROD0404,5,712.51,15
ITEM00249,ORD02744,PROD0028,2,7101.87,5
ITEM00250,ORD00964,PROD0378,3,2817.83,0
ITEM00251,ORD02501,PROD0408,1,5217.78,5
ITEM00252,ORD02048,PROD0193,1,1808.17,15
ITEM00253,ORD00381,PROD0348,4,5284.25,15
ITEM00254,ORD00618,PROD0292,3,3186.5,15
ITEM00256,ORD02795,PROD0530,1,3799.64,0
ITEM00257,ORD01419,PROD0104,4,6457.87,0
ITEM00258,ORD00659,PROD0327,2,4661.26,15
ITEM00259,ORD02812,PROD0466,1,3966.19,25
ITEM00260,ORD01646,PROD0433,1,2528.19,10
ITEM00261,ORD02598,PROD0119,5,6485.93,15
ITEM00262,ORD02057,PROD0382,4,5739.38,20
ITEM00263,ORD01495,PROD0115,2,7848.77,20
ITEM00264,ORD01571,PROD0082,2,204.61,25
ITEM00265,ORD02418,PROD0265,2,4191.94,20
ITEM00266,ORD02981,PROD0466,4,531.07,10
ITEM00267,ORD00164,PROD0125,4,3762.97,0
ITEM00268,ORD02455,PROD0379,3,3491.76,25
ITEM00269,ORD01214,PROD0025,5,2247.8,10
ITEM00270,ORD01462,PROD0428,1,3657.15,10
ITEM00271,ORD02605,PROD0037,5,1026.71,25
ITEM00272,ORD00150,PROD0545,4,2101.72,0
ITEM00273,ORD02192,PROD0097,2,5855.28,25
ITEM00274,ORD02022,PROD0442,3,2861.28,15
ITEM00275,ORD02823,PROD0250,5,4617.19,0
ITEM00276,ORD00314,PROD0335,3,450.56,20
ITEM00277,ORD02965,PROD0104,4,4174.16,25
ITEM00278,ORD00323,PROD0346,3,3466.86,0
ITEM00279,ORD00754,PROD0264,1,6719.3,15
ITEM00281,ORD02522,PROD0527,5,6855.81,5
ITEM00283,ORD01790,PROD0282,2,2323.3,25
ITEM00284,ORD00188,PROD0409,2,5473.93,10
ITEM00285,ORD00021,PROD0417,2,296.94,15
ITEM00286,ORD02692,PROD0133,3,2246.37,20
ITEM00287,ORD02601,PROD0326,1,1887.39,0
ITEM00288,ORD02905,PROD0333,2,650.22,10
ITEM00289,ORD02983,PROD0472,5,3453.0,20
ITEM00291,ORD00052,PROD0352,3,2659.2,15
ITEM00292,ORD00622,PROD0474,4,1803.5,25
ITEM00293,ORD00697,PROD0400,3,3313.07,25
ITEM00295,ORD00341,PROD0213,5,3048.15,10
ITEM00296,ORD01292,PROD0463,4,382.08,20
ITEM00297,ORD02396,PROD0171,5,2910.27,15
ITEM00298,ORD01702,PROD0024,3,4518.05,15
ITEM00299,ORD00962,PROD0385,5,1183.82,20
ITEM00300,ORD00506,PROD0100,4,1863.7,0
ITEM00301,ORD02338,PROD0297,2,6939.41,25
ITEM00302,ORD01643,PROD0564,4,2913.39,5
ITEM00303,ORD01713,PROD0286,3,6198.42,25
ITEM00304,ORD00433,PROD0326,5,4354.67,15
ITEM00305,ORD00923,PROD0414,4,6091.1,10
ITEM00306,ORD01841,PROD0161,2,3290.43,0
ITEM00307,ORD02182,PROD0343,4,5301.1,25
ITEM00308,ORD00403,PROD0393,5,5276.87,15
ITEM00309,ORD01681,PROD0194,1,5008.18,5
ITEM00310,ORD02498,PROD0516,1,4856.61,25
ITEM00311,ORD01675,PROD0024,3,4937.03,5
ITEM00312,ORD02332,PROD0484,1,7621.99,0
ITEM00313,ORD02464,PROD0399,5,4163.98,5
ITEM00314,ORD00662,PROD0469,3,5826.02,5
ITEM00315,ORD00718,PROD0484,2,2683.38,10
ITEM00316,ORD00266,PROD0032,2,4684.18,15
ITEM00317,ORD01004,PROD0455,2,6404.52,15
ITEM00319,ORD01003,PROD0474,1,204.03,0
ITEM00320,ORD02794,PROD0417,5,7964.95,15
ITEM00321,ORD00289,PROD0428,3,7084.35,20
ITEM00322,ORD00496,PROD0547,1,3592.39,25
ITEM00323,ORD00245,PROD0300,4,6652.22,25
ITEM00324,ORD00164,PROD0373,4,5775.5,20
ITEM00325,ORD02578,PROD0451,4,6331.27,0
ITEM00326,ORD00598,PROD0269,5,6065.59,0
ITEM00327,ORD02958,PROD0174,3,3391.21,10
ITEM00328,ORD00582,PROD0249,4,1799.17,0
ITEM00329,ORD01352,PROD0076,4,7208.68,15
ITEM00330,ORD01003,PROD0267,3,2468.04,15
ITEM00331,ORD01355,PROD0462,3,4610.61,20
ITEM00332,ORD00147,PROD0144,2,4245.97,0
ITEM00333,ORD00906,PROD0380,5,2997.39,10
ITEM00334,ORD01257,PROD0163,5,5126.07,15
ITEM00335,ORD02921,PROD0451,3,1362.36,25
ITEM00336,ORD00527,PROD0151,5,2444.81,15
ITEM00337,ORD01054,PROD0234,1,6829.72,20
ITEM00338,ORD01241,PROD0152,5,244.72,10
ITEM00339,ORD02954,PROD0521,5,3335.88,20
ITEM00340,ORD00698,PROD0353,2,4759.01,20
ITEM00341,ORD01288,PROD0536,3,3117.13,15
ITEM00342,ORD02656,PROD0174,5,3934.11,15
ITEM00343,ORD01556,PROD0015,1,2837.58,10
ITEM00344,ORD00846,PROD0230,2,2334.78,25
ITEM00346,ORD02616,PROD0013,5,7200.36,25
ITEM00347,ORD00830,PROD0373,1,3278.16,0
ITEM00348,ORD01350,PROD0520,1,2281.07,20
ITEM00349,ORD02203,PROD0082,1,3656.07,20
ITEM00350,ORD01016,PROD0251,3,6408.57,5
ITEM00351,ORD02826,PROD0251,2,5563.65,15
ITEM00352,ORD00727,PROD0042,5,2236.24,10
ITEM00353,ORD00375,PROD0195,1,7263.21,5
ITEM00354,ORD02141,PROD0311,1,1780.7,5
ITEM00355,ORD02399,PROD0596,4,3794.53,20
ITEM00356,ORD00210,PROD0327,1,1691.94,0
ITEM00357,ORD01811,PROD0086,4,1699.56,20
ITEM00358,ORD02415,PROD0221,5,3974.76,20
ITEM00359,ORD00040,PROD0596,4,6909.94,0
ITEM00360,ORD02950,PROD0454,2,4773.16,25
ITEM00361,ORD02517,PROD0468,1,2126.22,15
ITEM00362,ORD02464,PROD0278,4,5104.36,10
ITEM00363,ORD02078,PROD0495,5,2377.48,25
ITEM00365,ORD02777,PROD0575,5,2574.11,15
ITEM00366,ORD00457,PROD0187,4,201.16,20
ITEM00367,ORD01928,PROD0508,2,1553.54,15
ITEM00369,ORD01403,PROD0552,2,1669.72,0
ITEM00370,ORD00950,PROD0219,3,4088.97,10
ITEM00371,ORD02173,PROD0484,1,5525.26,20
ITEM00372,ORD00862,PROD0585,2,2691.56,5
ITEM00373,ORD01623,PROD0176,2,4939.47,5
ITEM00374,ORD01334,PROD0529,4,5279.9,15
ITEM00375,ORD02976,PROD0276,2,7472.82,15
ITEM00376,ORD01244,PROD0380,2,2553.92,25
ITEM00377,ORD01450,PROD0323,4,2567.93,20
ITEM00378,ORD01612,PROD0428,1,6133.45,15
ITEM00379,ORD00227,PROD0419,3,5219.47,5
ITEM00380,ORD01872,PROD0281,1,6575.48,5
ITEM00381,ORD00855,PROD0263,3,6685.53,0
ITEM00382,ORD01319,PROD0438,4,2706.63,20
ITEM00383,ORD00817,PROD0221,5,4098.11,10
ITEM00384,ORD00438,PROD0077,2,1409.28,25
ITEM00385,ORD01965,PROD0482,1,6282.64,15
ITEM00386,ORD02818,PROD0499,2,2349.12,20
ITEM00387,ORD02401,PROD0385,1,946.3,25
ITEM00388,ORD01404,PROD0283,5,3050.17,10
ITEM00389,ORD00455,PROD0484,2,7064.67,0
ITEM00390,ORD01330,PROD0424,2,7010.51,20
ITEM00391,ORD01225,PROD0588,2,4560.42,15
ITEM00392,ORD01005,PROD0336,5,4440.69,25
ITEM00393,ORD01068,PROD0571,5,6565.88,25
ITEM00394,ORD00090,PROD0144,1,6985.19,25
ITEM00395,ORD02914,PROD0322,3,7255.06,15
ITEM00396,ORD00880,PROD0189,3,3826.36,15
ITEM00398,ORD01061,PROD0262,5,6019.05,0
ITEM00399,ORD00575,PROD0123,4,3504.55,15
ITEM00400,ORD00197,PROD0542,1,7316.91,20
ITEM00402,ORD02066,PROD0335,5,4012.27,20
ITEM00403,ORD01368,PROD0069,1,4587.66,20
ITEM00404,ORD00461,PROD0545,2,6418.94,0
ITEM00406,ORD00300,PROD0442,3,3805.86,25
ITEM00407,ORD00624,PROD0339,1,1576.14,20
ITEM00409,ORD01772,PROD0022,4,4661.69,0
ITEM00410,ORD02555,PROD0400,1,217.02,10
ITEM00411,ORD01750,PROD0155,3,6866.26,20
ITEM00412,ORD02763,PROD0335,5,3743.36,25
ITEM00413,ORD00821,PROD0589,3,7161.96,25
ITEM00414,ORD02363,PROD0157,2,6217.99,5
ITEM00415,ORD01264,PROD0186,1,355.86,20
ITEM00416,ORD00162,PROD0131,5,2885.88,0
ITEM00417,ORD01342,PROD0323,2,5316.61,5
ITEM00418,ORD01241,PROD0168,4,7929.38,5
ITEM00419,ORD00890,PROD0364,1,1227.9,15
ITEM00420,ORD00505,PROD0385,1,3635.03,25
ITEM00421,ORD00855,PROD0390,1,3657.48,15
ITEM00422,ORD00814,PROD0211,4,4783.2,0
ITEM00423,ORD00381,PROD0180,5,7319.27,25
ITEM00424,ORD02116,PROD0125,2,6089.36,0
ITEM00425,ORD02004,PROD0367,3,3408.75,5
ITEM00426,ORD00372,PROD0520,3,3902.13,20
ITEM00427,ORD00459,PROD0468,1,206.96,15
ITEM00428,ORD01640,PROD0103,3,2979.08,10
ITEM00429,ORD00268,PROD0445,3,1950.47,25
ITEM00430,ORD00346,PROD0400,4,274.42,10
ITEM00431,ORD02989,PROD0332,1,1254.78,5
ITEM00432,ORD00727,PROD0579,1,1154.39,5
ITEM00433,ORD00575,PROD0482,1,630.27,5
ITEM00434,ORD02708,PROD0301,3,4997.81,5
ITEM00435,ORD01718,PROD0177,2,7499.89,5
ITEM00436,ORD02739,PROD0186,3,7050.76,0
ITEM00437,ORD00666,PROD0031,4,1752.0,15
ITEM00438,ORD02562,PROD0383,3,5032.02,0
ITEM00439,ORD00106,PROD0340,1,7127.24,0
ITEM00440,ORD00592,PROD0418,1,4384.88,20
ITEM00441,ORD02960,PROD0538,2,1391.65,0
ITEM00442,ORD01429,PROD0229,1,3446.08,0
ITEM00443,ORD00461,PROD0488,4,7869.44,20
ITEM00445,ORD01276,PROD0488,4,7211.46,10
ITEM00446,ORD00526,PROD0331,5,3019.82,20
ITEM00447,ORD02738,PROD0099,4,4018.49,20
ITEM00448,ORD00804,PROD0129,2,4190.66,5
ITEM00449,ORD00924,PROD0085,1,5780.55,10
ITEM00450,ORD02520,PROD0108,2,1925.85,5
ITEM00452,ORD02738,PROD0533,5,4680.76,10
ITEM00453,ORD00540,PROD0336,4,3091.95,5
ITEM00454,ORD02374,PROD0036,4,5110.26,5
ITEM00455,ORD00747,PROD0015,2,5131.85,5
ITEM00456,ORD00664,PROD0407,3,241.94,15
ITEM00457,ORD01982,PROD0353,2,5085.4,20
ITEM00458,ORD01662,PROD0463,2,3707.57,10
ITEM00459,ORD02236,PROD0451,1,5997.94,25
ITEM00460,ORD02108,PROD0346,3,7973.98,5
ITEM00461,ORD01046,PROD0350,4,6210.26,15
ITEM00462,ORD02717,PROD0099,3,6141.66,10
ITEM00463,ORD00259,PROD0375,4,5192.0,20
ITEM00464,ORD00518,PROD0097,2,7804.44,0
ITEM00465,ORD00493,PROD0564,3,1141.45,10
ITEM00466,ORD01258,PROD0464,4,4493.39,150
ITEM00467,ORD02068,PROD0187,4,6587.21,20
ITEM00468,ORD00799,PROD0146,2,6240.9,5
ITEM00469,ORD01450,PROD0539,5,6272.51,20
ITEM00470,ORD02174,PROD0538,1,6432.04,10
ITEM00471,ORD02210,PROD0236,5,1459.01,5
ITEM00472,ORD00411,PROD0170,5,1926.12,25
ITEM00473,ORD00623,PROD0554,5,3478.52,5
ITEM00474,ORD01141,PROD0051,4,2477.5,20
ITEM00475,ORD01726,PROD0488,4,2677.08,25
ITEM00476,ORD01229,PROD0001,1,2122.93,20
ITEM00477,ORD02737,PROD0320,2,7395.96,20
ITEM00478,ORD02433,PROD0069,1,6078.08,5
ITEM00479,ORD00589,PROD0493,2,6152.05,5
ITEM00480,ORD01603,PROD0164,4,3219.35,5
ITEM00481,ORD01019,PROD0359,1,1926.49,10
ITEM00482,ORD00576,PROD0412,1,5848.93,20
ITEM00483,ORD02754,PROD0156,2,3630.54,25
ITEM00484,ORD01129,PROD0336,1,5148.54,20
ITEM00485,ORD01275,PROD0537,1,6207.52,20
ITEM00486,ORD01930,PROD0238,4,2495.75,0
ITEM00487,ORD02217,PROD0466,2,702.66,25
ITEM00489,ORD00463,PROD0478,4,4742.08,25
ITEM00490,ORD02833,PROD0499,3,1913.37,0
ITEM00491,ORD00363,PROD0372,2,6974.49,25
ITEM00492,ORD02026,PROD0443,4,594.72,0
ITEM00493,ORD01148,PROD0283,3,5176.08,10
ITEM00494,ORD01719,PROD0258,3,802.28,0
ITEM00495,ORD02921,PROD0498,2,4748.41,5
ITEM00496,ORD02422,PROD0445,3,966.13,25
ITEM00497,ORD01999,PROD0575,5,6723.68,15
ITEM00498,ORD02485,PROD0532,4,480.49,0
ITEM00500,ORD01478,PROD0595,5,3461.36,15
ITEM00501,ORD02943,PROD0041,3,5229.64,15
ITEM00502,ORD01888,PROD0588,5,442.62,15
ITEM00503,ORD02573,PROD0443,1,1845.91,5
ITEM00504,ORD00099,PROD0337,1,2444.37,15
ITEM00505,ORD00117,PROD0468,3,2964.92,25
ITEM00506,ORD01410,PROD0361,2,2321.56,0
ITEM00507,ORD01330,PROD0470,3,6183.6,5
ITEM00508,ORD00858,PROD0572,5,5239.05,25
ITEM00509,ORD01644,PROD0357,2,6781.05,0
ITEM00510,ORD01368,PROD0361,5,4375.14,5
ITEM00511,ORD01297,PROD0314,1,7326.24,0
ITEM00512,ORD02620,PROD0416,3,5031.13,25
ITEM00513,ORD00763,PROD0392,2,2227.74,25
ITEM00514,ORD01989,PROD0360,3,6476.3,10
ITEM00515,ORD00653,PROD0173,3,275.03,5
ITEM00516,ORD02384,PROD0318,5,5646.79,20
ITEM00517,ORD01214,PROD0574,5,1546.58,20
ITEM00518,ORD02850,PROD0078,2,882.9,25
ITEM00519,ORD02450,PROD0415,3,1294.26,10
ITEM00520,ORD02183,PROD0363,4,1194.3,15
ITEM00521,ORD00425,PROD0301,5,4625.34,0
ITEM00522,ORD01327,PROD0231,4,6635.15,5
ITEM00523,ORD02245,PROD0159,3,356.92,5
ITEM00526,ORD00086,PROD0495,4,3404.03,20
ITEM00527,ORD02327,PROD0197,4,1610.56,20
ITEM00528,ORD02380,PROD0410,5,7125.54,15
ITEM00529,ORD01072,PROD0373,3,3535.82,10
ITEM00530,ORD00962,PROD0328,5,2953.03,25
ITEM00531,ORD00551,PROD0330,2,6395.12,20
ITEM00532,ORD00528,PROD0099,5,5710.58,20
ITEM00533,ORD01285,PROD0108,5,1938.42,10
ITEM00534,ORD02940,PROD0568,2,3802.5,20
ITEM00535,ORD00218,PROD0472,5,3587.29,20
ITEM00536,ORD01787,PROD0067,2,323.6,15
ITEM00537,ORD02290,PROD0059,3,3891.52,25
ITEM00538,ORD00606,PROD0066,3,663.49,25
ITEM00539,ORD01131,PROD0584,3,7586.71,25
ITEM00540,ORD00113,PROD0503,4,5678.11,5
ITEM00541,ORD01624,PROD0221,4,2582.13,25
ITEM00542,ORD02764,PROD0312,3,1975.63,20
ITEM00545,ORD02407,PROD0123,1,4968.73,20
ITEM00546,ORD01695,PROD0166,2,2103.08,20
ITEM00548,ORD02985,PROD0123,3,849.48,15
ITEM00549,ORD02352,PROD0397,4,3143.13,15
ITEM00550,ORD00568,PROD0352,2,902.53,10
ITEM00551,ORD00727,PROD0441,3,4072.5,5
ITEM00552,ORD01068,PROD0412,2,1929.13,25
ITEM00553,ORD02593,PROD0084,3,3696.06,0
ITEM00554,ORD02146,PROD0264,1,7052.51,0
ITEM00555,ORD02282,PROD0061,3,899.6,0
ITEM00556,ORD02168,PROD0013,1,2715.85,10
ITEM00557,ORD00114,PROD0582,5,3092.46,0
ITEM00558,ORD00707,PROD0194,5,4060.88,20
ITEM00559,ORD00895,PROD0354,1,6995.96,5
ITEM00560,ORD02457,PROD0384,5,1538.89,15
ITEM00561,ORD02894,PROD0182,5,1318.47,15
ITEM00562,ORD00125,PROD0040,5,7122.63,0
ITEM00563,ORD01277,PROD0299,1,2890.07,5
ITEM00565,ORD00792,PROD0159,5,7371.99,15
ITEM00566,ORD02698,PROD0562,4,6304.89,0
ITEM00567,ORD02740,PROD0568,1,2806.0,10
ITEM00568,ORD00580,PROD0246,4,1628.47,15
ITEM00569,ORD00171,PROD0367,1,7345.39,15
ITEM00570,ORD02702,PROD0102,5,863.98,25
ITEM00572,ORD02137,PROD0404,5,5199.11,10
ITEM00574,ORD02566,PROD0437,4,3565.84,0
ITEM00575,ORD02009,PROD0025,4,968.9,20
ITEM00576,ORD01983,PROD0399,3,4056.27,10
ITEM00577,ORD02802,PROD0057,5,6675.37,5
ITEM00578,ORD00366,PROD0315,5,6020.63,20
ITEM00581,ORD02203,PROD0054,4,5947.54,20
ITEM00582,ORD00731,PROD0521,3,5496.9,0
ITEM00583,ORD00879,PROD0102,4,7607.22,5
ITEM00584,ORD02919,PROD0328,1,5755.17,15
ITEM00585,ORD00847,PROD0585,5,272.4,15
ITEM00586,ORD00844,PROD0120,3,187.2,5
ITEM00587,ORD02702,PROD0339,2,7898.62,5
ITEM00588,ORD01523,PROD0412,1,1374.04,20
ITEM00589,ORD01009,PROD0265,4,5491.11,25
ITEM00590,ORD02565,PROD0318,2,7531.14,25
ITEM00592,ORD01545,PROD0285,2,6561.29,15
ITEM00593,ORD01039,PROD0011,4,478.12,15
ITEM00594,ORD00528,PROD0229,1,5155.14,0
ITEM00595,ORD00651,PROD0501,1,1589.36,10
ITEM00596,ORD00686,PROD0263,4,2385.73,10
ITEM00597,ORD01167,PROD0584,3,1001.66,0
ITEM00598,ORD01618,PROD0207,1,4504.79,15
ITEM00599,ORD00823,PROD0131,5,7965.13,15
ITEM00600,ORD01962,PROD0112,1,1944.86,15
ITEM00601,ORD00756,PROD0086,1,2047.75,20
ITEM00602,ORD01520,PROD0449,2,3619.89,0
ITEM00603,ORD02716,PROD0516,2,6183.11,25
ITEM00604,ORD01303,PROD0045,5,261.56,5
ITEM00606,ORD02639,PROD0058,4,3133.27,10
ITEM00607,ORD02071,PROD0066,2,1594.11,5
ITEM00608,ORD01376,PROD0450,1,6990.0,0
ITEM00609,ORD01007,PROD0542,3,4521.3,5
ITEM00611,ORD01680,PROD0531,5,287.08,25
ITEM00612,ORD00696,PROD0330,3,451.68,0
ITEM00613,ORD02803,PROD0240,1,3142.53,20
ITEM00614,ORD00240,PROD0397,5,1089.19,5
ITEM00615,ORD02574,PROD0037,5,4432.82,0
ITEM00617,ORD02809,PROD0397,4,7295.39,5
ITEM00618,ORD02798,PROD0503,5,2112.83,25
ITEM00619,ORD01864,PROD0491,2,3715.65,10
ITEM00620,ORD00917,PROD0148,3,5151.18,5
ITEM00621,ORD01592,PROD0264,2,3039.41,0
ITEM00622,ORD01769,PROD0308,2,484.06,15
ITEM00623,ORD02911,PROD0555,2,7901.79,5
ITEM00624,ORD02567,PROD0362,2,7543.77,15
ITEM00625,ORD01712,PROD0472,4,3634.56,15
ITEM00626,ORD01899,PROD0373,3,2709.19,15
ITEM00627,ORD00546,PROD0543,2,2081.16,25
ITEM00628,ORD00783,PROD0583,2,7591.84,25
ITEM00629,ORD02701,PROD0373,4,4453.41,15
ITEM00630,ORD01536,PROD0315,2,3233.71,15
ITEM00631,ORD00446,PROD0556,4,2507.51,20
ITEM00632,ORD01689,PROD0053,2,1854.85,20
ITEM00633,ORD00642,PROD0394,5,3539.5,15
ITEM00634,ORD00098,PROD0212,4,4604.03,5
ITEM00635,ORD01120,PROD0577,2,5183.72,20
ITEM00636,ORD00811,PROD0155,4,2634.45,5
ITEM00637,ORD00535,PROD0499,3,4941.31,20
ITEM00638,ORD02174,PROD0037,1,6327.65,0
ITEM00639,ORD00088,PROD0009,1,2752.34,0
ITEM00640,ORD01284,PROD0366,2,5987.14,5
ITEM00641,ORD01260,PROD0068,3,5042.37,10
ITEM00642,ORD02390,PROD0458,4,2808.17,5
ITEM00643,ORD01187,PROD0311,1,6448.34,5
ITEM00644,ORD00623,PROD0168,4,1079.76,20
ITEM00645,ORD01679,PROD0163,5,4485.72,15
ITEM00646,ORD02867,PROD0288,2,7812.58,25
ITEM00647,ORD00601,PROD0456,1,6082.04,5
ITEM00648,ORD01561,PROD0485,4,3893.51,0
ITEM00649,ORD02401,PROD0372,4,4741.4,5
ITEM00650,ORD01833,PROD0021,4,7580.84,20
ITEM00651,ORD01409,PROD0348,1,7108.95,0
ITEM00652,ORD00726,PROD0139,5,2505.82,15
ITEM00653,ORD00613,PROD0114,2,7698.36,10
ITEM00654,ORD01198,PROD0086,3,4882.08,15
ITEM00655,ORD00066,PROD0428,2,3016.95,10
ITEM00656,ORD00787,PROD0526,3,7858.99,0
ITEM00657,ORD02006,PROD0327,2,558.29,5
ITEM00658,ORD02870,PROD0314,3,3674.11,15
ITEM00659,ORD01383,PROD0042,3,6037.48,25
ITEM00660,ORD01877,PROD0083,3,4477.5,5
ITEM00661,ORD02557,PROD0011,5,300.82,15
ITEM00662,ORD00818,PROD0482,4,3198.92,25
ITEM00663,ORD02753,PROD0277,4,2784.73,20
ITEM00664,ORD01739,PROD0417,3,1188.87,10
ITEM00665,ORD02946,PROD0268,5,1664.29,10
ITEM00666,ORD01093,PROD0086,4,7362.39,0
ITEM00667,ORD02729,PROD0327,5,7182.18,0
ITEM00668,ORD00527,PROD0110,2,734.15,10
ITEM00669,ORD00267,PROD0158,5,6441.44,0
ITEM00670,ORD00309,PROD0010,1,5931.55,10
ITEM00672,ORD02585,PROD0339,1,4958.64,0
ITEM00673,ORD02885,PROD0143,2,7356.32,0
ITEM00674,ORD00761,PROD0094,1,180.15,25
ITEM00675,ORD00955,PROD0216,1,5778.29,15
ITEM00677,ORD02901,PROD0508,5,5694.25,15
ITEM00678,ORD01180,PROD0063,4,1601.68,0
ITEM00680,ORD02357,PROD0194,1,5667.51,0
ITEM00681,ORD00771,PROD0192,3,6086.85,5
ITEM00682,ORD00666,PROD0405,5,2479.25,15
ITEM00683,ORD02076,PROD0293,2,3498.21,10
ITEM00684,ORD00987,PROD0544,1,5290.51,25
ITEM00685,ORD01031,PROD0289,2,657.53,0
ITEM00686,ORD02024,PROD0353,1,5015.79,15
ITEM00687,ORD00328,PROD0457,1,7820.77,25
ITEM00688,ORD00362,PROD0327,5,6205.38,10
ITEM00689,ORD02860,PROD0068,5,2210.13,10
ITEM00690,ORD01847,PROD0367,4,3057.98,10
ITEM00691,ORD02004,PROD0321,5,7992.91,5
ITEM00692,ORD00935,PROD0175,1,5573.29,15
ITEM00693,ORD01905,PROD0473,3,7399.05,15
ITEM00694,ORD01900,PROD0476,4,1348.58,25
ITEM00695,ORD01580,PROD0430,1,7005.89,10
ITEM00696,ORD01563,PROD0153,4,3020.82,15
ITEM00697,ORD02711,PROD0177,2,4804.56,5
ITEM00698,ORD00889,PROD0098,1,3221.64,5
ITEM00699,ORD01110,PROD0346,2,320.19,15
ITEM00700,ORD00649,PROD0311,5,2329.71,5
ITEM00701,ORD01993,PROD0512,4,3565.59,5
ITEM00702,ORD01997,PROD0062,3,7697.3,0
ITEM00703,ORD01325,PROD0489,5,2421.18,5
ITEM00704,ORD02125,PROD0507,2,3418.31,0
ITEM00705,ORD01262,PROD0163,3,5099.1,25
ITEM00707,ORD02170,PROD0289,3,5839.34,25
ITEM00708,ORD00525,PROD0379,5,7767.88,0
ITEM00709,ORD00073,PROD0458,3,3423.45,5
ITEM00710,ORD01337,PROD0240,3,5125.89,15
ITEM00711,ORD01150,PROD0569,3,4681.18,10
ITEM00712,ORD02861,PROD0200,2,7728.97,25
ITEM00713,ORD02345,PROD0235,5,4933.69,5
ITEM00715,ORD02093,PROD0098,4,6039.01,20
ITEM00718,ORD01132,PROD0147,3,6805.02,0
ITEM00720,ORD01459,PROD0495,5,1297.04,10
ITEM00721,ORD01311,PROD0497,3,4897.45,20
ITEM00722,ORD00820,PROD0193,5,4899.89,10
ITEM00723,ORD00249,PROD0200,5,6420.96,10
ITEM00724,ORD01017,PROD0386,4,5650.07,0
ITEM00725,ORD01222,PROD0268,2,1280.87,0
ITEM00726,ORD00119,PROD0432,1,3043.76,5
ITEM00727,ORD01830,PROD0392,5,1382.28,15
ITEM00728,ORD01287,PROD0111,3,3729.15,5
ITEM00730,ORD01323,PROD0018,1,561.52,10
ITEM00731,ORD02264,PROD0489,3,1262.76,25
ITEM00732,ORD01537,PROD0564,1,5086.79,25
ITEM00733,ORD01327,PROD0406,2,2713.89,0
ITEM00734,ORD02637,PROD0290,3,4590.09,20
ITEM00735,ORD00162,PROD0524,1,5823.8,25
ITEM00736,ORD00541,PROD0509,1,7426.55,5
ITEM00737,ORD00621,PROD0105,5,1432.55,25
ITEM00738,ORD00963,PROD0095,3,7782.71,10
ITEM00739,ORD00333,PROD0423,3,6044.18,15
ITEM00740,ORD01641,PROD0559,1,4268.73,25
ITEM00741,ORD01622,PROD0159,5,6609.34,5
ITEM00742,ORD01838,PROD0163,1,6137.7,10
ITEM00743,ORD00932,PROD0246,1,5211.35,20
ITEM00744,ORD00100,PROD0054,2,3907.74,0
ITEM00745,ORD00898,PROD0239,2,7642.21,5
ITEM00746,ORD02051,PROD0328,3,3192.07,25
ITEM00748,ORD02017,PROD0025,4,4467.74,0
ITEM00749,ORD00820,PROD0037,2,1951.62,15
ITEM00750,ORD00030,PROD0358,1,4715.43,10
ITEM00751,ORD02086,PROD0169,4,1820.31,20
ITEM00752,ORD00031,PROD0289,3,4516.66,20
ITEM00753,ORD01591,PROD0164,2,6070.25,10
ITEM00755,ORD00489,PROD0293,4,376.22,20
ITEM00756,ORD02669,PROD0525,4,1756.03,0
ITEM00757,ORD00171,PROD0397,1,5981.09,5
ITEM00758,ORD00820,PROD0584,3,6688.5,25
ITEM00759,ORD00878,PROD0311,3,3790.67,25
ITEM00760,ORD02565,PROD0236,5,7138.12,10
ITEM00761,ORD00889,PROD0524,1,2582.73,5
ITEM00762,ORD00742,PROD0342,2,4071.8,25
ITEM00763,ORD01592,PROD0336,4,7876.2,20
ITEM00764,ORD00677,PROD0504,4,4552.51,10
ITEM00765,ORD02733,PROD0255,1,4988.51,0
ITEM00766,ORD00128,PROD0052,1,7582.28,0
ITEM00767,ORD01243,PROD0456,4,5870.67,5
ITEM00768,ORD00399,PROD0055,3,1840.17,5
ITEM00770,ORD00092,PROD0305,1,7203.4,10
ITEM00771,ORD00581,PROD0270,4,7451.49,5
ITEM00772,ORD00493,PROD0032,4,1520.46,0
ITEM00773,ORD00353,PROD0241,4,6977.87,20
ITEM00774,ORD02847,PROD0571,3,2270.02,25
ITEM00775,ORD02307,PROD0492,1,5891.76,5
ITEM00776,ORD00883,PROD0067,4,5472.45,0
ITEM00777,ORD00153,PROD0510,4,6669.04,15
ITEM00778,ORD00717,PROD0014,5,7194.65,25
ITEM00779,ORD00259,PROD0288,3,5793.14,5
ITEM00780,ORD01095,PROD0025,3,7711.04,5
ITEM00781,ORD00962,PROD0459,1,7967.32,0
ITEM00782,ORD02307,PROD0446,5,7624.35,15
ITEM00783,ORD00949,PROD0049,3,3007.67,20
ITEM00784,ORD01505,PROD0468,4,4425.04,10
ITEM00785,ORD02698,PROD0381,5,4395.02,10
ITEM00786,ORD02619,PROD0356,4,1515.61,15
ITEM00787,ORD01525,PROD0479,3,6173.41,5
ITEM00788,ORD02756,PROD0507,5,3351.43,15
ITEM00789,ORD00355,PROD0260,2,2762.51,10
ITEM00790,ORD02644,PROD0478,4,6066.57,25
ITEM00791,ORD00673,PROD0044,3,4124.87,25
ITEM00792,ORD00595,PROD0350,5,5116.67,25
ITEM00793,ORD00654,PROD0588,2,7821.27,5
ITEM00794,ORD02840,PROD0406,1,6614.03,0
ITEM00795,ORD02054,PROD0558,1,4228.62,20
ITEM00796,ORD00017,PROD0261,5,5367.4,5
ITEM00797,ORD00929,PROD0343,4,1067.83,25
ITEM00798,ORD01530,PROD0562,4,4256.5,15
ITEM00799,ORD00898,PROD0591,3,6036.14,25
ITEM00800,ORD00436,PROD0232,4,1372.25,25
ITEM00801,ORD00772,PROD0001,5,6429.49,15
ITEM00802,ORD00592,PROD0074,3,2048.39,15
ITEM00803,ORD01241,PROD0215,5,5160.25,5
ITEM00804,ORD00097,PROD0017,1,2471.9,5
ITEM00805,ORD00761,PROD0074,1,2139.46,0
ITEM00806,ORD01729,PROD0367,4,232.96,20
ITEM00807,ORD01230,PROD0352,4,3093.09,10
ITEM00809,ORD02013,PROD0033,4,2659.11,0
ITEM00810,ORD01048,PROD0485,4,6060.41,0
ITEM00811,ORD01732,PROD0360,4,7957.91,15
ITEM00812,ORD00159,PROD0500,1,3877.74,20
ITEM00813,ORD00378,PROD0085,2,5835.59,25
ITEM00814,ORD02586,PROD0097,4,3131.83,10
ITEM00815,ORD00989,PROD0481,1,2684.55,20
ITEM00816,ORD02884,PROD0463,2,4967.68,0
ITEM00817,ORD00043,PROD0132,5,6922.33,0
ITEM00818,ORD02074,PROD0456,1,4091.27,15
ITEM00819,ORD01126,PROD0579,4,6440.27,20
ITEM00820,ORD02678,PROD0050,3,4747.44,25
ITEM00821,ORD02117,PROD0503,2,7232.75,10
ITEM00822,ORD00667,PROD0041,3,4868.79,15
ITEM00823,ORD00450,PROD0159,1,1713.12,15
ITEM00824,ORD01021,PROD0006,4,6239.56,25
ITEM00825,ORD00724,PROD0386,1,2522.87,5
ITEM00826,ORD01393,PROD0598,4,1945.55,15
ITEM00827,ORD02871,PROD0119,1,1440.8,5
ITEM00829,ORD02863,PROD0441,1,5711.01,25
ITEM00830,ORD01509,PROD0557,1,3436.2,0
ITEM00831,ORD01143,PROD0447,5,5661.07,0
ITEM00832,ORD00267,PROD0090,3,7040.58,25
ITEM00834,ORD00564,PROD0124,1,1421.66,20
ITEM00836,ORD01530,PROD0571,3,3901.36,25
ITEM00837,ORD00760,PROD0597,4,1059.42,0
ITEM00838,ORD00952,PROD0208,2,2507.69,25
ITEM00839,ORD02874,PROD0401,1,3069.09,20
ITEM00840,ORD00050,PROD0116,5,5377.4,20
ITEM00841,ORD02174,PROD0010,3,7061.02,5
ITEM00842,ORD01309,PROD0250,4,6439.62,5
ITEM00843,ORD02720,PROD0487,4,3908.06,0
ITEM00844,ORD00707,PROD0398,5,5122.16,20
ITEM00845,ORD00291,PROD0150,2,6884.09,5
ITEM00846,ORD00279,PROD0490,5,7920.46,0
ITEM00847,ORD02319,PROD0169,2,5071.49,15
ITEM00848,ORD02563,PROD0371,2,6649.61,15
ITEM00849,ORD00245,PROD0443,1,6984.75,15
ITEM00850,ORD00114,PROD0198,3,3217.59,20
ITEM00851,ORD00921,PROD0131,4,4976.93,20
ITEM00853,ORD02037,PROD0077,4,4858.6,15
ITEM00854,ORD00272,PROD0576,1,5680.12,5
ITEM00855,ORD02628,PROD0041,3,2327.51,10
ITEM00856,ORD01903,PROD0350,3,6715.15,20
ITEM00857,ORD01340,PROD0316,4,4164.8,15
ITEM00858,ORD02820,PROD0574,5,4854.83,20
ITEM00859,ORD00563,PROD0481,3,864.25,15
ITEM00860,ORD01403,PROD0546,5,4988.48,0
ITEM00861,ORD01031,PROD0275,3,7016.8,20
ITEM00862,ORD02104,PROD0234,3,7425.54,10
ITEM00863,ORD00981,PROD0580,2,2885.83,10
ITEM00864,ORD00786,PROD0344,5,5457.39,10
ITEM00865,ORD01081,PROD0435,2,6181.27,5
ITEM00866,ORD02820,PROD0303,2,5543.76,10
ITEM00867,ORD02919,PROD0556,5,2670.97,15
ITEM00868,ORD02383,PROD0533,2,1070.1,25
ITEM00869,ORD01194,PROD0253,2,4845.33,25
ITEM00870,ORD01382,PROD0188,4,3093.74,15
ITEM00871,ORD01984,PROD0278,5,3753.77,10
ITEM00872,ORD00600,PROD0261,5,715.59,0
ITEM00873,ORD01543,PROD0564,4,175.65,5
ITEM00874,ORD01044,PROD0507,4,7487.8,20
ITEM00875,ORD02391,PROD0284,5,4604.51,5
ITEM00876,ORD01089,PROD0053,4,5080.68,15
ITEM00877,ORD02439,PROD0111,4,3581.8,10
ITEM00879,ORD00169,PROD0072,3,993.57,20
ITEM00880,ORD01100,PROD0131,1,7417.12,25
ITEM00882,ORD00246,PROD0011,1,2800.21,20
ITEM00883,ORD02948,PROD0284,3,3523.95,5
ITEM00884,ORD00903,PROD0585,3,7433.63,10
ITEM00885,ORD00969,PROD0156,1,4496.63,10
ITEM00886,ORD00901,PROD0176,4,1744.66,20
ITEM00887,ORD00072,PROD0165,1,4634.24,20
ITEM00889,ORD00906,PROD0248,4,4935.42,5
ITEM00890,ORD00903,PROD0287,1,174.87,25
ITEM00891,ORD01264,PROD0446,5,6908.03,15
ITEM00892,ORD01828,PROD0219,2,937.88,0
ITEM00893,ORD01674,PROD0455,4,1330.53,15
ITEM00894,ORD02520,PROD0390,1,4398.93,10
ITEM00895,ORD00841,PROD0504,4,6348.26,20
ITEM00896,ORD01403,PROD0330,1,4067.4,20
ITEM00897,ORD01589,PROD0453,5,1762.94,5
ITEM00898,ORD02882,PROD0080,5,6719.98,25
ITEM00899,ORD01547,PROD0173,4,1775.98,10
ITEM00900,ORD01447,PROD0415,3,2102.81,10
ITEM00901,ORD00946,PROD0389,5,7040.18,0
ITEM00902,ORD02812,PROD0577,2,5217.0,0
ITEM00904,ORD01561,PROD0021,4,3574.89,15
ITEM00905,ORD01738,PROD0092,4,2151.17,5
ITEM00907,ORD00898,PROD0600,5,4852.98,5
ITEM00908,ORD00149,PROD0391,3,526.63,5
ITEM00909,ORD00369,PROD0163,1,4981.28,20
ITEM00910,ORD00206,PROD0257,1,4273.24,10
ITEM00911,ORD01856,PROD0153,3,1261.83,15
ITEM00912,ORD01141,PROD0191,2,3364.3,5
ITEM00913,ORD02133,PROD0069,2,6993.71,20
ITEM00914,ORD00214,PROD0587,2,2412.71,15
ITEM00916,ORD02469,PROD0079,1,6216.77,10
ITEM00917,ORD00733,PROD0547,1,6265.62,20
ITEM00918,ORD01512,PROD0184,2,4339.21,5
ITEM00919,ORD01007,PROD0009,3,6864.95,10
ITEM00920,ORD02103,PROD0022,5,4110.4,0
ITEM00921,ORD01614,PROD0139,2,529.5,5
ITEM00922,ORD00542,PROD0248,5,6699.1,20
ITEM00923,ORD01144,PROD0474,2,3721.31,25
ITEM00924,ORD00451,PROD0255,2,5175.07,0
ITEM00925,ORD00275,PROD0387,2,154.5,15
ITEM00926,ORD02167,PROD0502,4,4469.98,25
ITEM00927,ORD01655,PROD0538,4,7702.52,20
ITEM00928,ORD01450,PROD0592,4,6050.31,20
ITEM00929,ORD01670,PROD0171,5,6884.73,5
ITEM00930,ORD00150,PROD0212,1,4858.42,10
ITEM00931,ORD01223,PROD0119,5,7247.7,15
ITEM00932,ORD01540,PROD0307,3,337.43,15
ITEM00933,ORD00814,PROD0017,2,3568.97,25
ITEM00934,ORD00603,PROD0461,5,6355.62,25
ITEM00935,ORD00573,PROD0310,4,2069.26,0
ITEM00936,ORD00931,PROD0450,3,3971.19,15
ITEM00937,ORD02920,PROD0477,3,7076.71,15
ITEM00938,ORD00535,PROD0426,1,2076.12,5
ITEM00939,ORD02622,PROD0104,3,3086.18,10
ITEM00941,ORD01454,PROD0525,5,3895.3,15
ITEM00942,ORD00278,PROD0361,3,1668.81,20
ITEM00943,ORD00680,PROD0012,1,1295.62,25
ITEM00944,ORD02301,PROD0277,1,343.77,5
ITEM00945,ORD02584,PROD0534,3,339.5,15
ITEM00946,ORD01369,PROD0472,3,5030.92,10
ITEM00947,ORD01508,PROD0053,5,4747.13,15
ITEM00948,ORD01997,PROD0444,5,433.82,20
ITEM00949,ORD02985,PROD0580,5,678.22,5
ITEM00950,ORD01548,PROD0339,4,5891.88,25
ITEM00951,ORD01095,PROD0148,2,6132.55,5
ITEM00952,ORD00382,PROD0394,3,3246.04,0
ITEM00954,ORD01714,PROD0583,2,3428.07,5
ITEM00955,ORD01749,PROD0561,5,2152.91,5
ITEM00957,ORD02979,PROD0495,1,1869.89,5
ITEM00958,ORD02756,PROD0506,1,777.76,15
ITEM00959,ORD01404,PROD0382,4,7652.0,10
ITEM00960,ORD02364,PROD0572,5,7129.99,25
ITEM00961,ORD01355,PROD0335,5,1371.45,25
ITEM00962,ORD02936,PROD0533,3,6478.58,5
ITEM00963,ORD00927,PROD0023,4,3944.66,10
ITEM00965,ORD00211,PROD0308,3,986.0,5
ITEM00966,ORD02274,PROD0229,2,7063.86,5
ITEM00967,ORD01902,PROD0157,1,5624.45,20
ITEM00968,ORD01487,PROD0423,4,3441.44,10
ITEM00969,ORD01226,PROD0084,2,1425.2,15
ITEM00970,ORD02716,PROD0068,3,7420.08,0
ITEM00971,ORD01785,PROD0416,4,1359.26,15
ITEM00973,ORD01993,PROD0504,4,4769.12,15
ITEM00974,ORD01762,PROD0241,3,2059.4,5
ITEM00975,ORD01377,PROD0164,5,2718.07,15
ITEM00976,ORD00340,PROD0104,1,796.14,25
ITEM00977,ORD00035,PROD0154,5,3514.06,0
ITEM00978,ORD02857,PROD0156,1,166.39,5
ITEM00979,ORD00134,PROD0137,3,7872.05,10
ITEM00980,ORD02781,PROD0366,5,837.03,5
ITEM00981,ORD01269,PROD0339,1,455.7,20
ITEM00982,ORD00338,PROD0041,5,151.67,5
ITEM00983,ORD00697,PROD0401,4,994.18,20
ITEM00984,ORD01194,PROD0539,1,6679.65,10
ITEM00985,ORD00568,PROD0067,4,4908.42,10
ITEM00986,ORD00645,PROD0528,1,4046.86,5
ITEM00987,ORD02823,PROD0291,1,3238.14,10
ITEM00988,ORD02724,PROD0167,4,6510.63,10
ITEM00990,ORD01713,PROD0241,3,5380.1,5
ITEM00991,ORD00986,PROD0473,2,5670.39,0
ITEM00993,ORD00442,PROD0460,2,1322.22,0
ITEM00994,ORD01158,PROD0341,3,4697.27,25
ITEM00995,ORD01973,PROD0446,4,1112.56,25
ITEM00996,ORD02738,PROD0566,5,2524.99,25
ITEM00998,ORD00785,PROD0354,1,533.96,10
ITEM01000,ORD02905,PROD0332,4,1193.29,10
ITEM01001,ORD02898,PROD0433,3,7670.81,20
ITEM01002,ORD02867,PROD0189,1,6973.02,5
ITEM01003,ORD01027,PROD0426,1,3972.12,10
ITEM01004,ORD00607,PROD0044,2,2034.18,20
ITEM01005,ORD02029,PROD0285,2,5808.16,15
ITEM01006,ORD00158,PROD0010,3,5734.22,20
ITEM01007,ORD01528,PROD0346,1,971.09,20
ITEM01008,ORD00827,PROD0217,2,2760.27,25
ITEM01009,ORD02069,PROD0281,5,3216.92,20
ITEM01011,ORD00162,PROD0466,5,4444.92,20
ITEM01012,ORD01870,PROD0046,3,2760.95,15
ITEM01013,ORD02414,PROD0065,4,6661.99,15
ITEM01014,ORD01899,PROD0586,2,7396.25,20
ITEM01016,ORD00159,PROD0235,5,2145.01,10
ITEM01017,ORD00018,PROD0544,2,468.27,15
ITEM01019,ORD01121,PROD0549,5,7528.35,0
ITEM01020,ORD02056,PROD0314,5,5357.02,15
ITEM01021,ORD02377,PROD0219,5,5341.12,10
ITEM01022,ORD00475,PROD0241,4,4551.92,10
ITEM01023,ORD00726,PROD0559,2,261.56,15
ITEM01024,ORD00327,PROD0337,2,7580.64,0
ITEM01025,ORD00408,PROD0133,3,1476.83,10
ITEM01026,ORD02752,PROD0264,4,1420.61,15
ITEM01027,ORD00836,PROD0168,3,916.19,10
ITEM01028,ORD01268,PROD0556,5,5166.33,0
ITEM01029,ORD00638,PROD0125,1,7635.65,0
ITEM01030,ORD01107,PROD0184,1,6154.47,10
ITEM01031,ORD00498,PROD0513,5,3802.58,0
ITEM01032,ORD01972,PROD0285,1,2946.63,0
ITEM01033,ORD01447,PROD0181,4,6481.82,20
ITEM01034,ORD01026,PROD0019,5,6464.35,0
ITEM01036,ORD02825,PROD0548,2,3907.72,25
ITEM01037,ORD01440,PROD0031,3,6850.02,15
ITEM01038,ORD00425,PROD0525,4,1817.03,5
ITEM01039,ORD02544,PROD0496,5,6019.71,0
ITEM01040,ORD00929,PROD0507,5,6201.09,15
ITEM01042,ORD01856,PROD0193,1,4631.87,0
ITEM01043,ORD02723,PROD0382,3,3411.94,0
ITEM01045,ORD02436,PROD0534,5,6164.08,20
ITEM01046,ORD00557,PROD0485,4,4495.64,20
ITEM01047,ORD02974,PROD0349,1,5055.83,0
ITEM01048,ORD02614,PROD0325,2,2599.66,15
ITEM01050,ORD02724,PROD0141,3,6553.19,5
ITEM01051,ORD01150,PROD0349,4,7853.29,20
ITEM01052,ORD01491,PROD0077,4,2570.82,10
ITEM01053,ORD01667,PROD0024,1,7852.84,10
ITEM01054,ORD00757,PROD0096,2,7461.57,20
ITEM01055,ORD02456,PROD0103,3,1039.99,10
ITEM01056,ORD01368,PROD0326,1,1583.56,5
ITEM01057,ORD02385,PROD0081,2,535.27,10
ITEM01059,ORD02365,PROD0560,3,7264.61,25
ITEM01060,ORD01219,PROD0103,4,6055.57,0
ITEM01061,ORD01278,PROD0431,1,5314.5,10
ITEM01062,ORD00214,PROD0141,1,890.37,20
ITEM01063,ORD00017,PROD0110,4,483.82,10
ITEM01064,ORD01663,PROD0555,1,2224.62,20
ITEM01065,ORD02299,PROD0254,1,2772.39,5
ITEM01066,ORD02657,PROD0583,1,5102.09,0
ITEM01067,ORD01927,PROD0224,2,1479.55,25
ITEM01068,ORD02088,PROD0245,4,191.5,20
ITEM01069,ORD01120,PROD0591,2,4017.32,5
ITEM01070,ORD00244,PROD0441,2,4964.07,15
ITEM01071,ORD00789,PROD0541,3,2852.5,15
ITEM01072,ORD02420,PROD0422,5,2408.15,5
ITEM01073,ORD02525,PROD0128,4,2151.74,20
ITEM01074,ORD02039,PROD0002,1,3333.53,5
ITEM01075,ORD01037,PROD0132,5,1597.21,25
ITEM01076,ORD02377,PROD0123,2,1189.72,0
ITEM01077,ORD00946,PROD0256,1,5890.33,25
ITEM01078,ORD01617,PROD0137,2,2320.91,0
ITEM01079,ORD02354,PROD0003,2,5780.31,25
ITEM01080,ORD00057,PROD0424,1,2829.65,15
ITEM01081,ORD00592,PROD0151,1,6970.09,10
ITEM01082,ORD01684,PROD0388,5,5490.47,15
ITEM01083,ORD02717,PROD0207,2,1773.23,10
ITEM01084,ORD00771,PROD0249,4,3987.97,10
ITEM01085,ORD01792,PROD0051,3,174.0,15
ITEM01086,ORD00650,PROD0063,1,6024.35,20
ITEM01087,ORD01185,PROD0209,4,1016.77,10
ITEM01088,ORD00577,PROD0291,3,1539.92,0
ITEM01089,ORD01939,PROD0543,1,4753.9,10
ITEM01090,ORD01242,PROD0230,4,1727.25,10
ITEM01091,ORD01954,PROD0400,3,1409.6,5
ITEM01092,ORD01795,PROD0137,1,6280.91,25
ITEM01093,ORD01991,PROD0394,2,7893.97,20
ITEM01094,ORD02088,PROD0149,1,2251.25,10
ITEM01095,ORD02139,PROD0261,1,2283.73,25
ITEM01096,ORD02116,PROD0318,4,309.35,20
ITEM01097,ORD00439,PROD0248,3,2128.98,5
ITEM01098,ORD02738,PROD0570,5,4659.15,20
ITEM01099,ORD00750,PROD0509,5,176.46,0
ITEM01100,ORD01341,PROD0568,4,4608.42,0
ITEM01101,ORD01971,PROD0199,2,1001.46,10
ITEM01102,ORD02953,PROD0436,3,5613.81,10
ITEM01103,ORD02402,PROD0205,4,5408.21,20
ITEM01104,ORD02316,PROD0578,3,904.31,15
ITEM01105,ORD02559,PROD0201,2,2699.01,10
ITEM01106,ORD01462,PROD0483,2,4330.01,15
ITEM01107,ORD00933,PROD0442,5,278.99,0
ITEM01108,ORD00423,PROD0579,2,1965.74,0
ITEM01110,ORD00298,PROD0106,5,3614.06,5
ITEM01111,ORD00905,PROD0220,2,3061.38,0
ITEM01112,ORD01051,PROD0012,5,3361.73,10
ITEM01113,ORD02634,PROD0461,2,883.84,5
ITEM01114,ORD02506,PROD0122,1,6472.51,20
ITEM01115,ORD02200,PROD0247,1,3886.7,10
ITEM01116,ORD02217,PROD0172,1,7420.89,15
ITEM01117,ORD00887,PROD0422,3,935.73,20
ITEM01119,ORD02853,PROD0358,3,6063.62,20
ITEM01120,ORD02851,PROD0169,1,5950.37,25
ITEM01121,ORD02342,PROD0022,3,1661.48,5
ITEM01122,ORD00960,PROD0047,2,1687.47,5
ITEM01123,ORD00810,PROD0136,3,3767.71,25
ITEM01125,ORD02973,PROD0210,3,5072.97,10
ITEM01126,ORD02813,PROD0443,2,5550.15,5
ITEM01127,ORD01941,PROD0388,1,1495.29,0
ITEM01129,ORD00868,PROD0075,2,3408.16,15
ITEM01130,ORD00940,PROD0171,3,5752.52,25
ITEM01131,ORD02274,PROD0544,5,7206.95,20
ITEM01132,ORD01352,PROD0464,2,6655.89,20
ITEM01133,ORD02183,PROD0581,2,7635.9,15
ITEM01134,ORD00706,PROD0456,3,2628.48,20
ITEM01135,ORD00878,PROD0021,2,3335.66,15
ITEM01136,ORD02194,PROD0477,1,7016.59,0
ITEM01137,ORD02845,PROD0130,1,1953.44,25
ITEM01138,ORD02186,PROD0116,5,3912.68,25
ITEM01139,ORD02379,PROD0139,1,4215.94,20
ITEM01140,ORD00950,PROD0130,2,7277.81,20
ITEM01141,ORD02486,PROD0557,1,2045.73,20
ITEM01142,ORD00343,PROD0348,5,4369.9,10
ITEM01143,ORD01070,PROD0341,5,1219.01,5
ITEM01145,ORD00573,PROD0226,1,4215.95,20
ITEM01146,ORD01812,PROD0074,4,5809.22,20
ITEM01147,ORD00329,PROD0330,4,1442.38,10
ITEM01148,ORD01384,PROD0031,1,6159.01,0
ITEM01149,ORD02724,PROD0025,1,806.53,5
ITEM01150,ORD02610,PROD0600,1,798.67,5
ITEM01151,ORD01970,PROD0101,4,6301.65,20
ITEM01152,ORD02653,PROD0381,1,6331.61,25
ITEM01153,ORD02478,PROD0027,2,7908.96,10
ITEM01154,ORD01553,PROD0118,5,5218.02,10
ITEM01155,ORD01069,PROD0164,1,4434.34,5
ITEM01157,ORD02140,PROD0079,2,1529.44,10
ITEM01158,ORD02054,PROD0044,3,3128.65,0
ITEM01159,ORD02078,PROD0446,4,356.07,20
ITEM01160,ORD00201,PROD0003,3,7103.47,15
ITEM01161,ORD01415,PROD0350,1,2987.51,20
ITEM01162,ORD01127,PROD0543,2,3330.69,20
ITEM01163,ORD00504,PROD0242,4,1321.79,10
ITEM01164,ORD02096,PROD0234,3,3051.1,0
ITEM01165,ORD01500,PROD0318,2,6313.35,15
ITEM01166,ORD02989,PROD0043,5,5757.16,25
ITEM01167,ORD01925,PROD0055,4,1782.14,15
ITEM01168,ORD02467,PROD0572,4,5002.02,0
ITEM01169,ORD02558,PROD0539,2,1137.27,0
ITEM01170,ORD01097,PROD0049,1,6942.22,10
ITEM01171,ORD02166,PROD0128,5,7334.59,25
ITEM01172,ORD00021,PROD0268,3,7702.89,25
ITEM01173,ORD00727,PROD0561,4,4062.81,5
ITEM01174,ORD02113,PROD0199,4,5787.72,5
ITEM01175,ORD02165,PROD0066,4,2252.23,5
ITEM01177,ORD02777,PROD0303,2,4245.53,25
ITEM01179,ORD00995,PROD0430,2,3040.81,25
ITEM01180,ORD02165,PROD0442,2,967.13,10
ITEM01181,ORD00337,PROD0474,1,6602.99,10
ITEM01182,ORD02588,PROD0400,2,2934.21,10
ITEM01183,ORD01191,PROD0044,2,3315.74,5
ITEM01184,ORD02954,PROD0378,3,4416.23,5
ITEM01185,ORD01204,PROD0197,1,5399.02,15
ITEM01186,ORD01546,PROD0316,4,6367.94,10
ITEM01187,ORD02102,PROD0590,5,4115.95,0
ITEM01188,ORD00926,PROD0112,3,2045.33,25
ITEM01189,ORD02052,PROD0532,2,6668.76,10
ITEM01190,ORD01359,PROD0138,4,4939.25,25
ITEM01192,ORD00236,PROD0299,2,1756.42,5
ITEM01193,ORD00856,PROD0364,2,6653.93,10
ITEM01194,ORD02405,PROD0323,1,3248.55,5
ITEM01195,ORD00580,PROD0105,1,892.41,20
ITEM01196,ORD01863,PROD0539,4,5811.83,0
ITEM01197,ORD02230,PROD0050,5,7808.38,5
ITEM01198,ORD02431,PROD0094,2,4016.76,5
ITEM01199,ORD01659,PROD0331,2,457.81,15
ITEM01201,ORD02069,PROD0509,3,7932.66,0
ITEM01202,ORD01892,PROD0513,4,6264.47,25
ITEM01203,ORD02149,PROD0009,1,7305.36,5
ITEM01204,ORD00109,PROD0031,5,987.95,15
ITEM01205,ORD00459,PROD0563,2,6725.13,20
ITEM01206,ORD00054,PROD0251,4,2770.74,25
ITEM01207,ORD02879,PROD0510,3,5874.7,20
ITEM01208,ORD00491,PROD0426,1,7075.91,25
ITEM01209,ORD00876,PROD0402,3,4936.48,10
ITEM01210,ORD00549,PROD0060,1,2593.14,0
ITEM01211,ORD00505,PROD0539,5,2401.66,20
ITEM01212,ORD01198,PROD0232,2,3266.47,15
ITEM01213,ORD01405,PROD0028,5,1243.46,15
ITEM01214,ORD00798,PROD0175,2,7541.56,20
ITEM01215,ORD02466,PROD0518,2,726.99,15
ITEM01216,ORD01127,PROD0344,3,3433.41,0
ITEM01217,ORD01046,PROD0038,3,1170.91,20
ITEM01218,ORD01669,PROD0044,3,5099.25,10
ITEM01219,ORD00974,PROD0505,4,3515.06,25
ITEM01220,ORD00190,PROD0532,1,1064.62,5
ITEM01221,ORD01748,PROD0019,1,7559.21,0
ITEM01222,ORD02131,PROD0209,3,3216.13,20
ITEM01223,ORD00363,PROD0028,4,1358.84,15
ITEM01224,ORD00298,PROD0329,2,934.57,5
ITEM01225,ORD00896,PROD0261,3,2942.99,15
ITEM01226,ORD02086,PROD0564,2,3574.49,0
ITEM01227,ORD01989,PROD0497,4,6139.96,25
ITEM01228,ORD00585,PROD0216,5,6676.42,10
ITEM01229,ORD00166,PROD0119,2,2536.45,20
ITEM01230,ORD00021,PROD0541,4,6274.91,10
ITEM01231,ORD01223,PROD0244,4,6923.24,20
ITEM01232,ORD02166,PROD0140,4,512.05,5
ITEM01234,ORD00420,PROD0380,4,5575.2,0
ITEM01235,ORD02481,PROD0049,5,3040.71,20
ITEM01236,ORD02380,PROD0067,3,2393.25,5
ITEM01237,ORD00065,PROD0464,3,4725.76,5
ITEM01238,ORD01651,PROD0587,5,7549.34,15
ITEM01239,ORD02558,PROD0587,4,6976.2,25
ITEM01240,ORD01215,PROD0566,5,6112.03,25
ITEM01241,ORD02990,PROD0468,1,7129.84,10
ITEM01242,ORD00595,PROD0549,3,4697.34,25
ITEM01243,ORD02330,PROD0255,2,2743.28,0
ITEM01245,ORD02535,PROD0200,2,7140.74,0
ITEM01246,ORD00758,PROD0229,3,6277.15,15
ITEM01247,ORD01656,PROD0578,5,7690.93,0
ITEM01248,ORD01671,PROD0024,5,3862.87,15
ITEM01250,ORD02630,PROD0453,2,6031.82,10
ITEM01251,ORD02301,PROD0234,5,4912.84,10
ITEM01252,ORD02745,PROD0371,2,7203.4,20
ITEM01254,ORD00013,PROD0353,4,7115.17,0
ITEM01255,ORD00584,PROD0580,5,3558.06,0
ITEM01256,ORD02250,PROD0151,4,4785.52,10
ITEM01257,ORD02231,PROD0151,4,5338.21,0
ITEM01258,ORD02256,PROD0392,5,3119.62,15
ITEM01259,ORD02582,PROD0075,2,267.22,15
ITEM01260,ORD01745,PROD0101,2,6166.95,20
ITEM01261,ORD01285,PROD0586,3,7846.72,0
ITEM01262,ORD01032,PROD0197,3,3279.56,5
ITEM01263,ORD00986,PROD0319,5,2284.43,0
ITEM01264,ORD00121,PROD0169,4,6055.81,0
ITEM01265,ORD00027,PROD0527,4,4863.08,15
ITEM01266,ORD00257,PROD0057,1,6694.63,15
ITEM01267,ORD02064,PROD0207,1,787.53,5
ITEM01268,ORD02507,PROD0343,1,526.14,0
ITEM01269,ORD01537,PROD0541,1,4954.73,10
ITEM01270,ORD00329,PROD0301,5,724.33,25
ITEM01271,ORD01317,PROD0056,4,3351.16,5
ITEM01272,ORD02579,PROD0535,2,6993.95,15
ITEM01273,ORD02630,PROD0422,2,544.85,10
ITEM01274,ORD00904,PROD0287,3,282.02,15
ITEM01275,ORD01805,PROD0454,5,2359.78,5
ITEM01276,ORD00239,PROD0460,2,5849.27,15
ITEM01277,ORD02751,PROD0134,5,1226.97,0
ITEM01278,ORD02276,PROD0095,4,5841.16,15
ITEM01279,ORD01575,PROD0049,2,4588.56,20
ITEM01280,ORD00274,PROD0270,1,3268.64,20
ITEM01281,ORD02764,PROD0547,3,677.19,5
ITEM01282,ORD00813,PROD0208,4,1972.09,5
ITEM01283,ORD01287,PROD0367,2,1740.56,15
ITEM01284,ORD00446,PROD0479,5,7428.26,15
ITEM01285,ORD00044,PROD0210,2,5472.56,0
ITEM01287,ORD01729,PROD0244,5,7839.42,10
ITEM01288,ORD00543,PROD0479,4,4436.99,10
ITEM01289,ORD01541,PROD0125,2,1863.29,0
ITEM01290,ORD02736,PROD0559,3,2560.72,20
ITEM01291,ORD00202,PROD0173,5,2685.73,5
ITEM01292,ORD01621,PROD0302,5,487.56,0
ITEM01293,ORD01767,PROD0283,3,7960.19,5
ITEM01294,ORD01851,PROD0210,3,6681.2,15
ITEM01295,ORD01927,PROD0548,1,7432.32,15
ITEM01296,ORD02047,PROD0526,2,7334.09,0
ITEM01297,ORD00058,PROD0166,1,7043.72,20
ITEM01298,ORD02197,PROD0187,1,5081.89,10
ITEM01299,ORD02128,PROD0430,2,4644.28,10
ITEM01300,ORD02013,PROD0449,2,6099.35,5
ITEM01301,ORD02210,PROD0249,1,6807.4,5
ITEM01302,ORD02227,PROD0327,4,378.88,5
ITEM01303,ORD02345,PROD0461,1,4018.68,25
ITEM01304,ORD02411,PROD0558,4,3311.83,0
ITEM01305,ORD01858,PROD0490,1,3310.88,15
ITEM01306,ORD00967,PROD0415,5,6272.1,5
ITEM01307,ORD00064,PROD0374,1,3102.52,5
ITEM01308,ORD00346,PROD0176,2,1907.68,10
ITEM01309,ORD01344,PROD0164,1,7938.38,25
ITEM01310,ORD02702,PROD0375,1,6251.7,20
ITEM01311,ORD01833,PROD0108,3,3328.74,5
ITEM01312,ORD00299,PROD0536,2,721.11,20
ITEM01313,ORD00569,PROD0336,5,3273.75,15
ITEM01314,ORD02434,PROD0041,5,4786.47,25
ITEM01315,ORD01100,PROD0241,4,5043.98,20
ITEM01316,ORD01183,PROD0560,1,7631.73,5
ITEM01317,ORD00155,PROD0339,1,7618.49,25
ITEM01318,ORD02989,PROD0236,5,3550.23,25
ITEM01320,ORD00533,PROD0306,5,2801.11,25
ITEM01321,ORD02498,PROD0525,5,5091.7,25
ITEM01322,ORD00345,PROD0291,3,3697.13,20
ITEM01323,ORD02079,PROD0469,1,5607.95,15
ITEM01325,ORD01646,PROD0459,4,3899.17,20
ITEM01326,ORD02690,PROD0192,1,7481.15,15
ITEM01327,ORD01126,PROD0390,1,7713.66,0
ITEM01329,ORD01575,PROD0555,2,6877.64,20
ITEM01330,ORD01788,PROD0518,4,5790.54,5
ITEM01331,ORD00531,PROD0328,5,4677.91,15
ITEM01332,ORD00157,PROD0545,3,5500.27,0
ITEM01334,ORD01104,PROD0031,3,6081.2,15
ITEM01335,ORD01561,PROD0340,4,4618.17,0
ITEM01337,ORD00721,PROD0351,3,2256.33,5
ITEM01338,ORD02145,PROD0403,4,4809.72,5
ITEM01340,ORD01011,PROD0137,5,5953.98,10
ITEM01341,ORD01604,PROD0228,2,4437.53,20
ITEM01342,ORD00423,PROD0349,4,1440.71,0
ITEM01343,ORD02804,PROD0336,2,4334.37,10
ITEM01344,ORD02960,PROD0495,2,7324.54,10
ITEM01345,ORD01594,PROD0172,5,1499.08,20
ITEM01346,ORD00908,PROD0228,3,4308.47,25
ITEM01348,ORD00436,PROD0574,4,3048.47,0
ITEM01349,ORD02646,PROD0502,5,2213.37,15
ITEM01350,ORD02289,PROD0333,1,4937.59,15
ITEM01351,ORD02786,PROD0295,3,1910.02,5
ITEM01352,ORD01256,PROD0123,5,6620.98,0
ITEM01353,ORD00464,PROD0493,5,3951.36,0
ITEM01355,ORD00155,PROD0089,3,1799.96,10
ITEM01356,ORD00362,PROD0334,3,3711.36,10
ITEM01357,ORD01343,PROD0208,1,1850.28,5
ITEM01358,ORD01500,PROD0220,4,3885.47,20
ITEM01359,ORD00399,PROD0244,4,3661.52,10
ITEM01360,ORD00188,PROD0017,5,2236.17,5
ITEM01361,ORD02856,PROD0112,3,7610.54,0
ITEM01362,ORD00145,PROD0363,2,3734.57,20
ITEM01363,ORD02168,PROD0125,5,4261.21,20
ITEM01364,ORD00247,PROD0135,4,202.8,10
ITEM01366,ORD01648,PROD0167,2,7491.12,20
ITEM01367,ORD01754,PROD0427,1,7651.04,20
ITEM01368,ORD02075,PROD0426,4,4380.48,10
ITEM01369,ORD01224,PROD0172,2,4017.79,10
ITEM01370,ORD02090,PROD0346,3,4399.59,10
ITEM01371,ORD02410,PROD0433,3,6403.33,10
ITEM01372,ORD02920,PROD0295,2,4090.94,10
ITEM01373,ORD02517,PROD0122,1,6527.48,15
ITEM01374,ORD01362,PROD0027,2,7470.71,0
ITEM01375,ORD00162,PROD0044,2,6442.73,10
ITEM01376,ORD02619,PROD0236,5,5231.62,5
ITEM01377,ORD00298,PROD0243,2,5194.81,0
ITEM01378,ORD01336,PROD0325,1,1785.5,10
ITEM01379,ORD01393,PROD0493,1,4246.03,25
ITEM01380,ORD02593,PROD0436,5,5944.52,25
ITEM01381,ORD00412,PROD0291,3,2382.25,20
ITEM01382,ORD02150,PROD0393,4,4753.5,25
ITEM01383,ORD02010,PROD0148,4,7710.3,25
ITEM01384,ORD00910,PROD0434,4,7206.12,15
ITEM01385,ORD02947,PROD0300,4,1325.18,0
ITEM01387,ORD00687,PROD0378,3,1791.83,0
ITEM01388,ORD02154,PROD0224,2,5704.39,0
ITEM01389,ORD00548,PROD0195,1,1141.42,20
ITEM01391,ORD01545,PROD0009,1,4228.79,15
ITEM01392,ORD01075,PROD0502,2,1751.06,20
ITEM01393,ORD01898,PROD0354,1,4330.23,15
ITEM01394,ORD01655,PROD0532,1,5371.48,5
ITEM01395,ORD00741,PROD0359,4,3794.45,10
ITEM01396,ORD01488,PROD0576,3,3948.09,15
ITEM01397,ORD00634,PROD0585,1,2704.66,20
ITEM01398,ORD00370,PROD0524,4,3151.94,25
ITEM01399,ORD02269,PROD0247,1,3231.09,20
ITEM01400,ORD00745,PROD0451,1,5216.55,5
ITEM01402,ORD02984,PROD0223,5,5294.86,5
ITEM01403,ORD00120,PROD0334,2,1504.47,20
ITEM01404,ORD02322,PROD0220,4,7070.24,0
ITEM01405,ORD01750,PROD0335,5,741.6,10
ITEM01406,ORD00968,PROD0567,5,1279.4,5
ITEM01407,ORD01332,PROD0373,2,6346.41,20
ITEM01408,ORD00833,PROD0328,5,7526.61,10
ITEM01409,ORD01712,PROD0126,4,5839.57,15
ITEM01410,ORD02020,PROD0225,2,6494.7,10
ITEM01411,ORD01013,PROD0021,5,2761.1,10
ITEM01412,ORD02366,PROD0511,5,5766.6,0
ITEM01413,ORD00740,PROD0458,5,6625.22,20
ITEM01414,ORD01798,PROD0003,2,4632.69,15
ITEM01415,ORD00287,PROD0166,1,2749.21,25
ITEM01416,ORD02441,PROD0480,5,7298.71,25
ITEM01417,ORD00461,PROD0220,4,5707.16,10
ITEM01418,ORD00567,PROD0594,5,7574.56,20
ITEM01419,ORD00996,PROD0134,2,370.42,25
ITEM01420,ORD00404,PROD0138,3,3267.48,25
ITEM01421,ORD00223,PROD0562,2,1510.14,0
ITEM01422,ORD01087,PROD0568,4,4911.65,25
ITEM01423,ORD01908,PROD0532,5,4121.44,20
ITEM01424,ORD01796,PROD0358,2,5592.56,25
ITEM01426,ORD02611,PROD0548,4,7405.78,0
ITEM01427,ORD00828,PROD0018,3,7827.22,5
ITEM01428,ORD01589,PROD0084,5,6863.21,20
ITEM01429,ORD01314,PROD0113,4,671.31,5
ITEM01430,ORD00861,PROD0585,1,329.3,5
ITEM01431,ORD02634,PROD0592,2,6266.88,25
ITEM01432,ORD02404,PROD0357,1,875.93,5
ITEM01434,ORD00805,PROD0006,5,3412.34,15
ITEM01435,ORD00339,PROD0216,5,4073.94,20
ITEM01437,ORD02998,PROD0156,1,1776.88,0
ITEM01438,ORD02814,PROD0472,4,3812.44,25
ITEM01439,ORD00572,PROD0055,1,4905.82,25
ITEM01440,ORD02759,PROD0092,1,1034.77,15
ITEM01441,ORD00429,PROD0133,2,478.53,20
ITEM01442,ORD02956,PROD0033,4,1217.5,10
ITEM01443,ORD02711,PROD0542,4,7469.36,5
ITEM01444,ORD02552,PROD0220,1,2454.86,5
ITEM01445,ORD01768,PROD0390,3,1785.95,0
ITEM01446,ORD02705,PROD0184,4,5257.42,25
ITEM01447,ORD01235,PROD0534,1,1324.61,10
ITEM01448,ORD00722,PROD0103,1,2382.94,20
ITEM01449,ORD02798,PROD0405,5,1253.8,10
ITEM01450,ORD00036,PROD0591,3,7858.57,5
ITEM01451,ORD02443,PROD0294,4,1161.14,20
ITEM01453,ORD02684,PROD0002,2,5768.04,20
ITEM01454,ORD02443,PROD0354,2,6266.87,20
ITEM01456,ORD00486,PROD0146,3,1647.44,10
ITEM01457,ORD02252,PROD0335,5,3028.52,10
ITEM01458,ORD00534,PROD0218,1,2185.95,0
ITEM01459,ORD00640,PROD0027,2,7922.28,0
ITEM01460,ORD01731,PROD0127,3,4971.87,15
ITEM01461,ORD00946,PROD0571,4,2331.76,5
ITEM01462,ORD02454,PROD0063,4,5792.9,0
ITEM01463,ORD01767,PROD0437,5,325.69,5
ITEM01464,ORD00533,PROD0130,3,4318.72,0
ITEM01465,ORD01403,PROD0328,3,7630.38,5
ITEM01466,ORD02804,PROD0008,2,5654.43,10
ITEM01467,ORD00133,PROD0256,1,1128.85,20
ITEM01468,ORD01488,PROD0416,4,4580.76,25
ITEM01469,ORD01850,PROD0378,4,7160.38,10
ITEM01470,ORD02552,PROD0067,3,3626.08,25
ITEM01471,ORD01426,PROD0381,3,3487.59,5
ITEM01472,ORD01009,PROD0258,4,6756.39,5
ITEM01473,ORD01029,PROD0473,4,171.45,0
ITEM01474,ORD02274,PROD0061,1,6408.48,20
ITEM01475,ORD00503,PROD0040,2,359.17,25
ITEM01476,ORD01690,PROD0568,2,937.96,15
ITEM01477,ORD01132,PROD0093,4,1420.71,20
ITEM01478,ORD00175,PROD0558,1,4207.29,25
ITEM01480,ORD00125,PROD0111,3,5678.78,15
ITEM01481,ORD00346,PROD0201,5,483.24,15
ITEM01482,ORD00417,PROD0253,1,3776.28,5
ITEM01483,ORD01361,PROD0082,1,6532.03,10
ITEM01484,ORD01480,PROD0544,3,4012.46,5
ITEM01485,ORD01641,PROD0180,1,5676.91,0
ITEM01486,ORD00072,PROD0579,4,1576.55,20
ITEM01487,ORD02164,PROD0364,4,3493.38,15
ITEM01488,ORD02442,PROD0260,4,383.02,0
ITEM01490,ORD00821,PROD0413,2,6607.3,15
ITEM01491,ORD01042,PROD0448,4,3578.95,5
ITEM01492,ORD00324,PROD0362,5,652.99,5
ITEM01493,ORD00567,PROD0487,1,401.86,10
ITEM01494,ORD01651,PROD0425,4,936.31,10
ITEM01495,ORD02568,PROD0026,1,6391.56,0
ITEM01496,ORD01831,PROD0498,4,1125.94,10
ITEM01497,ORD00153,PROD0021,3,4746.68,20
ITEM01498,ORD02262,PROD0070,5,6094.7,25
ITEM01499,ORD02585,PROD0277,5,173.76,5
ITEM01500,ORD02735,PROD0068,3,6307.99,0
ITEM01501,ORD01047,PROD0514,1,6491.48,10
ITEM01502,ORD02649,PROD0509,4,6299.11,20
ITEM01503,ORD02019,PROD0230,1,1709.51,20
ITEM01504,ORD01799,PROD0124,4,3150.44,20
ITEM01505,ORD01199,PROD0105,4,7278.39,0
ITEM01506,ORD00609,PROD0222,4,2400.24,0
ITEM01507,ORD01987,PROD0492,5,2239.47,5
ITEM01508,ORD00714,PROD0331,4,1586.67,25
ITEM01509,ORD02822,PROD0528,5,4821.7,20
ITEM01510,ORD02329,PROD0117,5,3651.63,0
ITEM01511,ORD00275,PROD0271,2,7084.89,25
ITEM01512,ORD00572,PROD0027,2,3818.06,20
ITEM01513,ORD01888,PROD0554,2,979.68,15
ITEM01514,ORD00225,PROD0163,1,5101.97,25
ITEM01516,ORD00343,PROD0241,3,5522.12,20
ITEM01517,ORD02342,PROD0526,5,4109.99,20
ITEM01518,ORD01838,PROD0151,1,805.48,15
ITEM01519,ORD00092,PROD0551,5,5063.79,10
ITEM01520,ORD02710,PROD0521,1,6550.25,0
ITEM01521,ORD02239,PROD0409,3,2537.3,5
ITEM01522,ORD00659,PROD0124,4,7582.4,10
ITEM01523,ORD02138,PROD0526,2,4633.04,15
ITEM01524,ORD02077,PROD0383,4,7470.18,20
ITEM01525,ORD00707,PROD0064,1,2187.08,0
ITEM01526,ORD01716,PROD0486,3,3865.21,0
ITEM01527,ORD00737,PROD0194,4,4572.92,10
ITEM01528,ORD02440,PROD0413,1,6152.18,25
ITEM01529,ORD00345,PROD0162,5,7144.27,25
ITEM01531,ORD02293,PROD0517,2,3787.37,15
ITEM01532,ORD02370,PROD0489,1,2247.01,20
ITEM01533,ORD01453,PROD0235,1,2180.41,0
ITEM01534,ORD02380,PROD0434,1,2933.69,0
ITEM01535,ORD02025,PROD0566,2,1539.68,10
ITEM01536,ORD02762,PROD0567,5,1909.43,25
ITEM01538,ORD02380,PROD0408,2,2448.87,0
ITEM01539,ORD02478,PROD0432,3,6705.43,15
ITEM01540,ORD01572,PROD0560,2,5804.79,20
ITEM01541,ORD01759,PROD0027,3,3706.52,10
ITEM01542,ORD00622,PROD0067,4,241.18,20
ITEM01543,ORD01385,PROD0105,4,1267.37,10
ITEM01544,ORD02376,PROD0249,4,2310.46,20
ITEM01545,ORD00513,PROD0001,5,7746.14,5
ITEM01546,ORD01090,PROD0548,4,4331.72,20
ITEM01547,ORD00934,PROD0043,4,1229.06,10
ITEM01548,ORD01619,PROD0492,2,7926.17,20
ITEM01549,ORD01824,PROD0590,1,3485.58,20
ITEM01551,ORD02403,PROD0255,3,5340.27,20
ITEM01552,ORD02622,PROD0168,2,5760.67,0
ITEM01553,ORD00953,PROD0219,4,5799.76,0
ITEM01554,ORD01400,PROD0192,2,493.76,10
ITEM01555,ORD01316,PROD0570,5,891.01,10
ITEM01556,ORD02869,PROD0023,2,2978.48,10
ITEM01557,ORD01238,PROD0508,2,2208.13,20
ITEM01558,ORD00399,PROD0440,3,5254.74,5
ITEM01559,ORD02855,PROD0297,3,371.8,20
ITEM01560,ORD01706,PROD0412,1,3839.86,25
ITEM01561,ORD01984,PROD0067,5,1145.2,10
ITEM01562,ORD02436,PROD0552,5,6061.11,25
ITEM01563,ORD00172,PROD0560,5,7657.94,25
ITEM01565,ORD00397,PROD0279,1,3626.38,15
ITEM01566,ORD02118,PROD0108,2,6741.92,20
ITEM01567,ORD00757,PROD0404,4,7585.4,20
ITEM01569,ORD02863,PROD0596,4,5617.36,20
ITEM01570,ORD01804,PROD0320,5,3142.12,10
ITEM01571,ORD02821,PROD0093,3,2821.24,10
ITEM01572,ORD01285,PROD0051,1,1124.32,5
ITEM01573,ORD02959,PROD0185,1,6781.83,15
ITEM01574,ORD01480,PROD0253,4,7129.86,0
ITEM01575,ORD01439,PROD0117,1,3874.67,15
ITEM01576,ORD02797,PROD0064,2,6685.31,20
ITEM01577,ORD02275,PROD0405,2,3456.8,5
ITEM01578,ORD01683,PROD0129,1,4190.14,10
ITEM01579,ORD01343,PROD0382,5,588.12,15
ITEM01580,ORD00032,PROD0051,1,4813.82,25
ITEM01581,ORD02345,PROD0309,2,2494.9,20
ITEM01582,ORD01025,PROD0184,1,2452.54,15
ITEM01583,ORD01537,PROD0281,5,4965.12,15
ITEM01584,ORD02038,PROD0421,1,2715.96,15
ITEM01585,ORD01074,PROD0166,1,6588.5,10
ITEM01586,ORD01290,PROD0434,3,3996.73,15
ITEM01587,ORD01393,PROD0551,1,4634.0,10
ITEM01588,ORD01307,PROD0227,2,6282.89,20
ITEM01589,ORD00119,PROD0436,2,2053.76,10
ITEM01590,ORD01058,PROD0415,4,6298.74,25
ITEM01591,ORD00755,PROD0429,3,5649.7,0
ITEM01592,ORD00445,PROD0407,3,4888.66,10
ITEM01593,ORD00938,PROD0055,1,5604.12,25
ITEM01594,ORD01743,PROD0165,2,1079.55,5
ITEM01595,ORD01205,PROD0186,4,3511.23,15
ITEM01596,ORD02843,PROD0486,3,3299.7,10
ITEM01597,ORD02512,PROD0069,4,367.83,0
ITEM01599,ORD01029,PROD0547,5,5169.43,0
ITEM01600,ORD00026,PROD0550,1,1000.53,20
ITEM01601,ORD02115,PROD0406,4,5731.09,20
ITEM01602,ORD00524,PROD0201,1,1507.18,20
ITEM01603,ORD01468,PROD0455,1,7458.24,10
ITEM01604,ORD01828,PROD0139,4,6371.35,5
ITEM01606,ORD00675,PROD0055,2,4300.78,5
ITEM01607,ORD01961,PROD0351,2,3526.16,25
ITEM01609,ORD01436,PROD0173,3,7869.7,20
ITEM01610,ORD00717,PROD0318,2,1118.74,20
ITEM01612,ORD01483,PROD0275,1,396.77,15
ITEM01613,ORD01043,PROD0313,3,2388.87,15
ITEM01614,ORD01387,PROD0150,2,6787.25,0
ITEM01615,ORD00457,PROD0144,2,1360.19,25
ITEM01616,ORD01833,PROD0293,5,4976.0,25
ITEM01617,ORD02995,PROD0504,5,5907.5,0
ITEM01618,ORD01847,PROD0449,4,6148.63,5
ITEM01620,ORD00785,PROD0569,5,3129.13,5
ITEM01621,ORD00299,PROD0487,3,5756.6,25
ITEM01623,ORD01012,PROD0043,3,2732.27,25
ITEM01624,ORD00797,PROD0034,4,4929.71,5
ITEM01625,ORD01332,PROD0559,5,6663.49,10
ITEM01626,ORD02557,PROD0235,3,6805.0,10
ITEM01627,ORD00049,PROD0037,1,4190.41,25
ITEM01628,ORD01624,PROD0452,4,4115.48,20
ITEM01629,ORD00275,PROD0436,3,7912.85,10
ITEM01630,ORD01041,PROD0261,3,2203.97,15
ITEM01631,ORD00220,PROD0545,2,6582.68,10
ITEM01632,ORD02820,PROD0068,4,4881.72,5
ITEM01633,ORD01845,PROD0566,1,272.22,25
ITEM01635,ORD00603,PROD0550,4,7688.71,20
ITEM01636,ORD02708,PROD0262,5,5922.43,20
ITEM01637,ORD02327,PROD0594,4,7907.15,20
ITEM01638,ORD02108,PROD0159,5,628.23,10
ITEM01639,ORD01972,PROD0593,2,6724.46,0
ITEM01641,ORD00150,PROD0092,5,4392.51,15
ITEM01642,ORD02911,PROD0259,2,2252.23,5
ITEM01643,ORD02281,PROD0232,5,3678.81,20
ITEM01644,ORD00965,PROD0244,5,6369.94,5
ITEM01645,ORD00462,PROD0563,4,386.16,5
ITEM01647,ORD00203,PROD0592,5,7404.37,5
ITEM01648,ORD00597,PROD0125,1,6557.28,0
ITEM01649,ORD00759,PROD0236,2,7128.36,0
ITEM01650,ORD00259,PROD0535,4,3771.28,15
ITEM01651,ORD00470,PROD0047,1,4137.2,25
ITEM01652,ORD02445,PROD0572,4,5761.7,0
ITEM01653,ORD00046,PROD0561,1,6569.96,5
ITEM01655,ORD00964,PROD0567,3,7439.17,25
ITEM01656,ORD01000,PROD0088,5,4156.13,0
ITEM01657,ORD01977,PROD0283,4,6296.85,20
ITEM01658,ORD02628,PROD0142,2,2621.67,15
ITEM01659,ORD02412,PROD0324,1,423.72,5
ITEM01660,ORD00070,PROD0469,4,7340.59,0
ITEM01661,ORD01516,PROD0286,3,7627.1,20
ITEM01662,ORD01554,PROD0449,1,2751.55,25
ITEM01663,ORD00189,PROD0447,4,7783.69,25
ITEM01664,ORD01598,PROD0433,3,872.42,0
ITEM01665,ORD02652,PROD0403,3,2497.86,0
ITEM01666,ORD02904,PROD0093,2,7896.24,0
ITEM01667,ORD01831,PROD0555,3,939.49,20
ITEM01668,ORD02423,PROD0276,5,3835.06,20
ITEM01669,ORD02520,PROD0016,3,6218.09,5
ITEM01670,ORD01761,PROD0430,5,1738.07,20
ITEM01671,ORD00577,PROD0387,5,5846.08,20
ITEM01672,ORD02548,PROD0415,2,3199.05,15
ITEM01673,ORD00064,PROD0541,2,4388.49,20
ITEM01674,ORD02276,PROD0533,5,1078.76,20
ITEM01675,ORD02794,PROD0497,5,720.29,0
ITEM01676,ORD01520,PROD0440,2,2999.72,0
ITEM01677,ORD02333,PROD0466,4,333.48,20
ITEM01678,ORD00970,PROD0130,1,7554.65,5
ITEM01679,ORD01768,PROD0368,4,6816.77,25
ITEM01680,ORD02139,PROD0592,5,6673.64,5
ITEM01681,ORD01558,PROD0016,3,7825.56,20
ITEM01682,ORD00024,PROD0586,3,7486.02,0
ITEM01683,ORD01889,PROD0370,3,4157.4,0
ITEM01684,ORD01887,PROD0499,4,2432.68,0
ITEM01685,ORD02749,PROD0142,4,2479.86,20
ITEM01686,ORD00758,PROD0077,1,4403.21,25
ITEM01687,ORD02259,PROD0149,3,871.43,25
ITEM01688,ORD02426,PROD0413,2,3570.58,5
ITEM01689,ORD00667,PROD0145,5,7552.75,10
ITEM01690,ORD02099,PROD0077,4,569.15,25
ITEM01691,ORD01083,PROD0376,3,7342.55,0
ITEM01692,ORD02268,PROD0355,3,3076.86,0
ITEM01693,ORD01307,PROD0446,5,1142.39,20
ITEM01694,ORD00580,PROD0130,3,4051.02,0
ITEM01695,ORD02910,PROD0589,1,7514.06,0
ITEM01697,ORD01680,PROD0282,1,3755.96,5
ITEM01698,ORD00558,PROD0286,4,7936.25,20
ITEM01700,ORD01147,PROD0006,1,848.33,20
ITEM01701,ORD02671,PROD0530,2,1413.2,10
ITEM01702,ORD02938,PROD0464,2,857.2,15
ITEM01703,ORD00297,PROD0399,5,7404.94,10
ITEM01704,ORD00026,PROD0494,1,612.5,10
ITEM01705,ORD02304,PROD0061,1,1061.92,10
ITEM01706,ORD00005,PROD0183,4,7104.38,0
ITEM01707,ORD02691,PROD0089,3,1609.55,0
ITEM01708,ORD00179,PROD0372,2,7583.98,15
ITEM01709,ORD00219,PROD0584,2,1716.94,0
ITEM01710,ORD01894,PROD0073,4,4810.14,25
ITEM01711,ORD00061,PROD0005,4,2162.94,25
ITEM01712,ORD02678,PROD0089,5,4655.92,10
ITEM01713,ORD02302,PROD0336,3,1931.98,25
ITEM01714,ORD00577,PROD0582,5,3826.35,20
ITEM01715,ORD02275,PROD0587,2,6941.86,15
ITEM01716,ORD01412,PROD0135,5,2168.16,15
ITEM01717,ORD00474,PROD0424,1,7680.79,25
ITEM01718,ORD02109,PROD0145,4,1737.15,10
ITEM01720,ORD00290,PROD0037,3,2758.48,5
ITEM01721,ORD01441,PROD0575,5,3315.76,25
ITEM01722,ORD00751,PROD0071,4,7155.35,5
ITEM01723,ORD02984,PROD0369,4,2159.86,5
ITEM01724,ORD01382,PROD0156,4,4310.03,15
ITEM01725,ORD01119,PROD0559,4,455.5,15
ITEM01726,ORD01835,PROD0199,5,4451.44,25
ITEM01727,ORD01030,PROD0307,5,4101.53,20
ITEM01728,ORD01244,PROD0182,3,6431.59,15
ITEM01729,ORD02584,PROD0306,4,7332.79,20
ITEM01730,ORD00195,PROD0339,3,566.62,15
ITEM01731,ORD01134,PROD0052,4,2976.83,20
ITEM01732,ORD01375,PROD0361,1,3009.14,15
ITEM01734,ORD02434,PROD0035,5,7504.8,10
ITEM01735,ORD00439,PROD0044,4,5087.21,10
ITEM01736,ORD02993,PROD0029,5,948.48,5
ITEM01737,ORD00409,PROD0086,1,3782.19,20
ITEM01738,ORD01589,PROD0098,5,7892.3,0
ITEM01739,ORD00583,PROD0337,3,5677.65,15
ITEM01740,ORD02794,PROD0399,1,5540.89,5
ITEM01742,ORD00958,PROD0323,3,5634.27,0
ITEM01744,ORD00554,PROD0187,4,7223.77,20
ITEM01745,ORD01464,PROD0061,1,1389.58,15
ITEM01746,ORD02866,PROD0052,1,2658.13,10
ITEM01747,ORD00879,PROD0188,3,7737.91,25
ITEM01748,ORD02812,PROD0266,4,5124.67,20
ITEM01750,ORD00410,PROD0454,2,6779.52,15
ITEM01751,ORD02437,PROD0564,1,7456.39,25
ITEM01752,ORD02417,PROD0375,1,7320.62,25
ITEM01754,ORD02776,PROD0222,3,6216.96,0
ITEM01755,ORD00833,PROD0593,1,173.58,10
ITEM01756,ORD00517,PROD0033,2,3513.0,20
ITEM01757,ORD02506,PROD0292,1,715.27,10
ITEM01758,ORD02568,PROD0097,2,7925.31,10
ITEM01759,ORD02521,PROD0179,5,2969.52,5
ITEM01760,ORD01532,PROD0581,3,1300.09,10
ITEM01761,ORD01589,PROD0073,1,615.7,15
ITEM01762,ORD02333,PROD0592,1,5206.38,15
ITEM01763,ORD02340,PROD0439,5,611.5,20
ITEM01764,ORD01585,PROD0450,4,2212.73,25
ITEM01765,ORD00990,PROD0491,5,2246.39,25
ITEM01767,ORD01257,PROD0595,3,6915.82,0
ITEM01769,ORD01369,PROD0336,1,1861.03,25
ITEM01770,ORD01426,PROD0012,1,4021.86,15
ITEM01772,ORD01171,PROD0109,4,4367.33,5
ITEM01773,ORD02385,PROD0063,2,5342.71,20
ITEM01774,ORD02878,PROD0154,2,6345.82,10
ITEM01775,ORD01356,PROD0098,1,269.58,0
ITEM01777,ORD01459,PROD0251,1,5152.07,20
ITEM01778,ORD02277,PROD0424,5,2138.22,0
ITEM01779,ORD00621,PROD0120,1,3164.6,15
ITEM01780,ORD00901,PROD0140,5,7431.02,10
ITEM01781,ORD02779,PROD0343,4,2772.55,20
ITEM01782,ORD02280,PROD0557,4,2687.73,20
ITEM01783,ORD00763,PROD0090,2,4808.34,20
ITEM01784,ORD01735,PROD0320,2,3252.64,5
ITEM01786,ORD00580,PROD0469,3,2926.73,5
ITEM01787,ORD00319,PROD0262,4,7868.93,0
ITEM01788,ORD02847,PROD0130,1,7272.55,0
ITEM01789,ORD00373,PROD0353,2,1921.35,20
ITEM01790,ORD00026,PROD0186,2,3536.88,5
ITEM01791,ORD00406,PROD0176,1,2917.69,20
ITEM01792,ORD00510,PROD0535,5,7292.41,25
ITEM01793,ORD00018,PROD0375,5,891.54,0
ITEM01794,ORD00460,PROD0516,4,1809.77,10
ITEM01795,ORD01362,PROD0564,5,790.19,20
ITEM01796,ORD01282,PROD0583,4,5568.6,15
ITEM01797,ORD00686,PROD0097,4,4514.7,0
ITEM01798,ORD02904,PROD0052,3,7349.77,15
ITEM01799,ORD02192,PROD0222,1,4447.79,15
ITEM01800,ORD02494,PROD0159,5,7282.63,15
ITEM01801,ORD00707,PROD0522,3,2753.84,10
ITEM01802,ORD00219,PROD0099,5,1234.1,25
ITEM01803,ORD01953,PROD0167,1,573.7,20
ITEM01804,ORD00876,PROD0302,5,1150.57,5
ITEM01805,ORD00555,PROD0160,1,2127.9,10
ITEM01806,ORD01142,PROD0499,3,5290.44,25
ITEM01807,ORD00540,PROD0538,1,668.41,10
ITEM01808,ORD02365,PROD0201,1,5434.04,25
ITEM01810,ORD00208,PROD0284,2,1869.29,5
ITEM01811,ORD00535,PROD0450,4,2969.53,5
ITEM01812,ORD02849,PROD0106,2,3077.51,5
ITEM01813,ORD00170,PROD0134,5,884.27,10
ITEM01814,ORD00193,PROD0417,3,3257.6,0
ITEM01815,ORD02795,PROD0059,3,5764.69,20
ITEM01816,ORD00946,PROD0451,4,3757.85,15
ITEM01817,ORD02395,PROD0099,5,4367.56,5
ITEM01818,ORD00291,PROD0024,2,7926.75,0
ITEM01819,ORD01703,PROD0076,4,2493.52,20
ITEM01820,ORD00168,PROD0163,5,6030.23,20
ITEM01821,ORD00894,PROD0123,1,2219.81,25
ITEM01822,ORD02217,PROD0283,1,5017.7,15
ITEM01823,ORD00665,PROD0155,5,787.1,5
ITEM01824,ORD00486,PROD0430,4,259.84,0
ITEM01825,ORD01503,PROD0416,5,7095.67,15
ITEM01827,ORD01614,PROD0157,1,4627.07,15
ITEM01828,ORD01483,PROD0371,1,2530.09,10
ITEM01829,ORD01044,PROD0308,1,3611.66,150
ITEM01830,ORD01604,PROD0202,3,4896.57,5
ITEM01831,ORD02938,PROD0231,5,3422.13,0
ITEM01832,ORD01239,PROD0386,2,3710.88,5
ITEM01833,ORD00692,PROD0395,2,3555.64,0
ITEM01834,ORD00363,PROD0303,2,2157.45,15
ITEM01835,ORD02726,PROD0141,3,7535.58,20
ITEM01836,ORD02849,PROD0329,3,5437.02,0
ITEM01837,ORD02782,PROD0528,5,5144.42,0
ITEM01838,ORD02187,PROD0505,5,7610.41,20
ITEM01840,ORD01275,PROD0087,5,4631.51,15
ITEM01841,ORD01080,PROD0226,2,4543.69,5
ITEM01842,ORD00549,PROD0289,4,7796.75,5
ITEM01844,ORD01006,PROD0267,2,7602.51,0
ITEM01845,ORD02825,PROD0247,1,767.68,10
ITEM01846,ORD02739,PROD0542,4,3334.49,10
ITEM01847,ORD02945,PROD0274,3,6929.0,25
ITEM01848,ORD01600,PROD0578,3,4070.13,15
ITEM01849,ORD01645,PROD0275,3,7583.87,10
ITEM01850,ORD00983,PROD0448,3,4579.89,10
ITEM01851,ORD01610,PROD0396,5,6248.83,15
ITEM01853,ORD00324,PROD0182,3,2391.57,0
ITEM01854,ORD02194,PROD0009,5,2756.52,20
ITEM01855,ORD01255,PROD0521,1,6545.91,5
ITEM01856,ORD01635,PROD0147,3,6324.24,10
ITEM01857,ORD02359,PROD0391,4,2521.38,15
ITEM01858,ORD00745,PROD0116,2,256.34,10
ITEM01859,ORD00560,PROD0246,3,6248.82,20
ITEM01860,ORD00487,PROD0273,2,3170.73,10
ITEM01861,ORD00216,PROD0272,5,4730.64,5
ITEM01862,ORD00645,PROD0426,1,2512.83,10
ITEM01863,ORD01266,PROD0219,1,3704.52,15
ITEM01864,ORD00902,PROD0469,2,968.36,25
ITEM01865,ORD00075,PROD0031,5,5218.09,25
ITEM01866,ORD00500,PROD0508,5,6602.32,5
ITEM01867,ORD00582,PROD0124,1,3041.63,20
ITEM01868,ORD01830,PROD0095,5,2354.68,5
ITEM01869,ORD00857,PROD0372,3,5952.13,5
ITEM01870,ORD01774,PROD0518,4,2189.13,25
ITEM01871,ORD02665,PROD0511,1,1032.56,5
ITEM01872,ORD02633,PROD0168,1,5578.28,15
ITEM01874,ORD01856,PROD0136,5,3525.3,25
ITEM01875,ORD01327,PROD0417,2,1680.59,0
ITEM01876,ORD00457,PROD0286,1,5218.79,0
ITEM01877,ORD02578,PROD0366,2,6537.32,20
ITEM01878,ORD00258,PROD0026,3,2705.05,20
ITEM01879,ORD02697,PROD0047,1,348.74,5
ITEM01880,ORD01982,PROD0183,2,665.84,5
ITEM01881,ORD01310,PROD0475,2,1091.33,0
ITEM01882,ORD02475,PROD0309,2,7746.13,25
ITEM01883,ORD00506,PROD0223,4,4303.33,25
ITEM01884,ORD02844,PROD0089,4,7948.62,0
ITEM01885,ORD00813,PROD0125,2,3117.96,10
ITEM01886,ORD01438,PROD0158,5,6238.19,5
ITEM01887,ORD02953,PROD0028,5,5212.27,20
ITEM01889,ORD01530,PROD0361,2,7289.93,5
ITEM01890,ORD00693,PROD0155,4,1930.69,20
ITEM01891,ORD00779,PROD0535,5,4922.2,0
ITEM01893,ORD01451,PROD0231,2,1929.1,15
ITEM01895,ORD01627,PROD0094,1,4477.13,15
ITEM01896,ORD00187,PROD0524,2,3204.36,15
ITEM01898,ORD01562,PROD0040,1,261.15,0
ITEM01899,ORD00639,PROD0406,1,2930.63,20
ITEM01900,ORD00911,PROD0572,5,5112.14,5
ITEM01902,ORD01781,PROD0269,5,6897.3,15
ITEM01903,ORD01960,PROD0206,3,3624.54,10
ITEM01904,ORD00537,PROD0149,2,7840.47,5
ITEM01906,ORD02083,PROD0018,1,6071.89,10
ITEM01907,ORD01040,PROD0158,3,4547.67,25
ITEM01908,ORD02319,PROD0158,2,1552.31,10
ITEM01909,ORD01659,PROD0059,4,1586.87,20
ITEM01910,ORD01383,PROD0217,3,5300.3,15
ITEM01911,ORD00993,PROD0491,2,673.35,25
ITEM01912,ORD00470,PROD0545,1,2281.71,25
ITEM01913,ORD02015,PROD0283,1,6647.23,0
ITEM01914,ORD01989,PROD0323,2,6875.66,10
ITEM01915,ORD00500,PROD0576,3,1315.7,25
ITEM01916,ORD00294,PROD0226,4,1519.94,25
ITEM01917,ORD00235,PROD0521,3,5362.17,5
ITEM01918,ORD02339,PROD0485,3,3181.01,10
ITEM01919,ORD02993,PROD0284,4,503.51,10
ITEM01920,ORD01030,PROD0583,1,6424.36,25
ITEM01921,ORD02703,PROD0069,3,828.85,25
ITEM01922,ORD01097,PROD0074,1,4594.88,25
ITEM01923,ORD01402,PROD0338,4,2282.21,20
ITEM01924,ORD02747,PROD0094,5,5809.04,20
ITEM01925,ORD00867,PROD0329,4,4444.91,10
ITEM01926,ORD00758,PROD0062,4,6456.91,5
ITEM01927,ORD00075,PROD0260,2,3561.58,5
ITEM01928,ORD02731,PROD0016,1,5038.58,25
ITEM01929,ORD02033,PROD0099,2,5872.37,0
ITEM01930,ORD00614,PROD0315,1,7535.29,20
ITEM01931,ORD00998,PROD0441,5,3317.74,20
ITEM01932,ORD02321,PROD0465,4,435.24,20
ITEM01933,ORD01944,PROD0221,1,1445.04,15
ITEM01934,ORD01982,PROD0237,1,6413.44,5
ITEM01935,ORD00541,PROD0449,4,5448.36,0
ITEM01936,ORD01886,PROD0348,5,7716.1,20
ITEM01937,ORD02547,PROD0487,5,3449.8,5
ITEM01938,ORD02611,PROD0213,5,7215.86,25
ITEM01941,ORD02100,PROD0593,3,1576.26,0
ITEM01942,ORD00593,PROD0047,2,1100.25,0
ITEM01943,ORD01442,PROD0025,3,3967.38,15
ITEM01944,ORD01116,PROD0290,5,5174.66,10
ITEM01945,ORD01966,PROD0008,1,159.35,15
ITEM01946,ORD02299,PROD0476,4,2553.44,20
ITEM01947,ORD02726,PROD0446,4,3297.17,150
ITEM01948,ORD01835,PROD0461,3,7095.79,0
ITEM01949,ORD01720,PROD0207,4,7140.63,15
ITEM01950,ORD02829,PROD0035,3,6884.52,0
ITEM01951,ORD00095,PROD0417,2,2921.08,25
ITEM01952,ORD00904,PROD0482,2,445.44,25
ITEM01953,ORD01582,PROD0279,5,3499.0,5
ITEM01954,ORD01903,PROD0452,1,1012.79,25
ITEM01955,ORD02317,PROD0367,2,4619.08,15
ITEM01957,ORD02432,PROD0478,1,1557.08,10
ITEM01958,ORD00452,PROD0166,5,1414.65,15
ITEM01959,ORD02763,PROD0212,4,2502.72,0
ITEM01960,ORD01287,PROD0297,5,5023.0,20
ITEM01961,ORD02335,PROD0344,5,3238.75,10
ITEM01962,ORD01696,PROD0446,2,2493.52,10
ITEM01964,ORD00299,PROD0313,5,1102.3,20
ITEM01965,ORD02472,PROD0251,5,2053.3,25
ITEM01967,ORD02355,PROD0277,4,2220.79,20
ITEM01969,ORD02431,PROD0337,5,3448.01,20
ITEM01970,ORD02962,PROD0489,2,7908.37,25
ITEM01971,ORD02184,PROD0535,5,6886.35,10
ITEM01972,ORD00409,PROD0256,2,963.35,0
ITEM01973,ORD02339,PROD0457,2,630.45,5
ITEM01974,ORD00472,PROD0491,1,3909.6,10
ITEM01975,ORD02125,PROD0357,2,2403.46,25
ITEM01976,ORD01691,PROD0380,3,3860.05,20
ITEM01977,ORD00541,PROD0129,1,2068.81,0
ITEM01979,ORD01563,PROD0066,2,5829.75,5
ITEM01980,ORD02321,PROD0056,1,1260.27,25
ITEM01981,ORD01458,PROD0110,2,6263.46,5
ITEM01982,ORD01891,PROD0342,4,6934.91,20
ITEM01983,ORD02896,PROD0402,2,2746.52,10
ITEM01984,ORD02573,PROD0483,1,4509.71,15
ITEM01985,ORD00324,PROD0588,5,1864.45,0
ITEM01986,ORD01070,PROD0370,5,2492.01,10
ITEM01987,ORD02850,PROD0336,4,3194.91,0
ITEM01988,ORD00297,PROD0229,5,4473.23,0
ITEM01989,ORD00839,PROD0304,2,1645.38,15
ITEM01990,ORD00646,PROD0139,1,6885.11,5
ITEM01991,ORD01270,PROD0469,3,1587.43,15
ITEM01993,ORD01847,PROD0594,4,4109.81,25
ITEM01994,ORD02764,PROD0406,5,6674.88,0
ITEM01995,ORD02262,PROD0322,2,4617.28,10
ITEM01996,ORD01563,PROD0597,1,1350.98,25
ITEM01998,ORD01908,PROD0270,2,7949.34,10
ITEM02000,ORD01502,PROD0049,2,1421.6,20
ITEM02001,ORD02497,PROD0288,4,3218.12,5
ITEM02002,ORD01837,PROD0345,2,1711.92,5
ITEM02003,ORD02132,PROD0157,5,6376.68,0
ITEM02004,ORD00559,PROD0017,2,2741.98,20
ITEM02005,ORD00442,PROD0221,2,7040.85,5
ITEM02006,ORD00090,PROD0225,2,2141.07,15
ITEM02008,ORD01869,PROD0374,1,3584.69,15
ITEM02009,ORD00582,PROD0490,5,4938.2,10
ITEM02010,ORD01021,PROD0059,2,2332.25,10
ITEM02011,ORD00863,PROD0058,1,7541.26,5
ITEM02012,ORD00946,PROD0596,5,6191.22,15
ITEM02013,ORD00699,PROD0241,1,1851.76,25
ITEM02014,ORD00540,PROD0048,2,4390.44,15
ITEM02015,ORD00279,PROD0596,1,863.31,25
ITEM02017,ORD00240,PROD0450,4,7342.89,10
ITEM02018,ORD02706,PROD0560,4,5877.73,0
ITEM02019,ORD01951,PROD0508,3,6625.0,15
ITEM02020,ORD00434,PROD0188,3,542.86,10
ITEM02021,ORD02621,PROD0555,2,4364.06,15
ITEM02022,ORD00632,PROD0481,2,2814.91,0
ITEM02023,ORD00737,PROD0160,3,4850.56,20
ITEM02024,ORD02819,PROD0352,4,3244.49,20
ITEM02026,ORD01014,PROD0498,2,5073.53,15
ITEM02027,ORD02349,PROD0079,2,932.88,0
ITEM02028,ORD00353,PROD0049,1,4317.69,20
ITEM02029,ORD00172,PROD0242,3,7862.78,20
ITEM02030,ORD01704,PROD0052,1,3717.15,0
ITEM02031,ORD01986,PROD0299,1,6413.81,5
ITEM02033,ORD02529,PROD0258,3,1548.89,10
ITEM02034,ORD00449,PROD0506,1,1505.41,5
ITEM02035,ORD02017,PROD0398,3,2110.72,20
ITEM02036,ORD01862,PROD0187,2,318.49,10
ITEM02037,ORD00613,PROD0148,1,3099.09,15
ITEM02038,ORD02782,PROD0329,3,4790.16,25
ITEM02040,ORD02836,PROD0553,2,1738.5,10
ITEM02042,ORD01249,PROD0515,5,4067.9,20
ITEM02043,ORD02377,PROD0339,1,2277.05,0
ITEM02044,ORD00681,PROD0011,3,4968.72,15
ITEM02045,ORD02079,PROD0358,1,4954.81,10
ITEM02046,ORD00777,PROD0459,4,2170.42,25
ITEM02047,ORD00745,PROD0407,4,5132.09,5
ITEM02048,ORD00656,PROD0325,4,1980.4,5
ITEM02050,ORD00656,PROD0368,5,1355.85,15
ITEM02051,ORD00330,PROD0409,3,4410.49,5
ITEM02052,ORD02477,PROD0138,1,5284.84,20
ITEM02053,ORD02971,PROD0162,2,4801.35,0
ITEM02054,ORD00293,PROD0331,4,1864.18,5
ITEM02055,ORD02423,PROD0326,3,6095.99,25
ITEM02056,ORD02383,PROD0412,2,3571.75,15
ITEM02057,ORD02738,PROD0158,4,1503.03,20
ITEM02059,ORD00312,PROD0344,3,5044.49,0
ITEM02060,ORD02648,PROD0565,3,912.2,5
ITEM02061,ORD02965,PROD0110,2,5289.41,0
ITEM02062,ORD00179,PROD0280,5,4345.3,5
ITEM02063,ORD02886,PROD0161,1,6578.54,0
ITEM02064,ORD00725,PROD0156,1,7605.59,5
ITEM02065,ORD00313,PROD0382,3,4164.19,0
ITEM02066,ORD02914,PROD0382,5,1356.18,15
ITEM02067,ORD02226,PROD0428,5,4071.1,15
ITEM02068,ORD01221,PROD0009,1,6144.07,0
ITEM02071,ORD00004,PROD0044,4,1544.64,20
ITEM02072,ORD02040,PROD0453,5,3921.47,10
ITEM02073,ORD02134,PROD0336,4,5156.78,10
ITEM02074,ORD01636,PROD0319,1,4826.98,25
ITEM02075,ORD00530,PROD0223,3,5319.26,0
ITEM02076,ORD02501,PROD0145,4,6498.01,5
ITEM02077,ORD00308,PROD0198,2,284.3,25
ITEM02078,ORD00262,PROD0047,3,1430.3,10
ITEM02079,ORD02179,PROD0223,1,2359.03,15
ITEM02080,ORD02094,PROD0582,1,856.87,20
ITEM02081,ORD01829,PROD0158,4,4766.8,20
ITEM02082,ORD02511,PROD0285,5,5571.64,0
ITEM02083,ORD02670,PROD0165,5,5631.73,0
ITEM02084,ORD02251,PROD0021,1,1871.82,15
ITEM02085,ORD01730,PROD0420,1,5939.38,25
ITEM02087,ORD00661,PROD0553,3,1668.13,15
ITEM02088,ORD00773,PROD0099,1,2675.86,0
ITEM02089,ORD01338,PROD0184,3,2067.53,20
ITEM02090,ORD00963,PROD0564,1,7492.24,20
ITEM02092,ORD00701,PROD0579,5,640.21,15
ITEM02093,ORD01631,PROD0547,4,1437.51,15
ITEM02094,ORD01787,PROD0250,2,1541.89,20
ITEM02095,ORD00848,PROD0514,5,7159.71,25
ITEM02097,ORD00342,PROD0518,3,5134.75,25
ITEM02098,ORD02222,PROD0413,2,3271.55,0
ITEM02099,ORD01016,PROD0445,5,2541.92,0
ITEM02100,ORD00004,PROD0077,2,1367.16,20
ITEM02101,ORD00643,PROD0206,2,5777.64,5
ITEM02102,ORD00407,PROD0554,5,5889.06,5
ITEM02103,ORD01431,PROD0192,4,5936.81,25
ITEM02105,ORD02869,PROD0021,4,7628.44,15
ITEM02106,ORD02020,PROD0395,1,5257.54,15
ITEM02107,ORD02577,PROD0380,5,1461.33,25
ITEM02108,ORD02205,PROD0536,1,6871.96,10
ITEM02109,ORD01014,PROD0077,5,1150.37,20
ITEM02110,ORD01822,PROD0420,1,3766.06,20
ITEM02111,ORD02846,PROD0114,3,7764.01,15
ITEM02112,ORD02374,PROD0547,2,4396.99,10
ITEM02113,ORD01434,PROD0510,2,5915.23,0
ITEM02115,ORD01636,PROD0547,4,6145.2,20
ITEM02116,ORD01450,PROD0589,1,1236.17,15
ITEM02117,ORD00837,PROD0316,5,4131.75,20
ITEM02118,ORD00666,PROD0352,3,1904.6,10
ITEM02119,ORD02750,PROD0446,1,6147.37,25
ITEM02120,ORD01221,PROD0140,5,6913.98,0
ITEM02121,ORD01823,PROD0275,4,1270.35,20
ITEM02122,ORD01688,PROD0434,5,7909.43,10
ITEM02123,ORD00258,PROD0449,5,5007.08,15
ITEM02124,ORD00089,PROD0576,1,4492.98,20
ITEM02126,ORD02809,PROD0585,3,3334.18,0
ITEM02127,ORD02086,PROD0199,5,6445.56,10
ITEM02128,ORD00461,PROD0421,4,2053.88,15
ITEM02129,ORD02126,PROD0352,2,3279.54,20
ITEM02130,ORD02198,PROD0547,1,7978.35,10
ITEM02131,ORD02394,PROD0547,1,2231.99,10
ITEM02132,ORD00041,PROD0171,5,6478.7,0
ITEM02133,ORD01339,PROD0176,1,6710.2,0
ITEM02134,ORD00672,PROD0409,2,7695.26,0
ITEM02135,ORD01625,PROD0410,3,4490.08,0
ITEM02136,ORD00075,PROD0558,2,2273.89,10
ITEM02137,ORD01469,PROD0533,1,6195.85,0
ITEM02138,ORD02279,PROD0553,5,4511.02,25
ITEM02139,ORD00169,PROD0338,4,2545.2,20
ITEM02140,ORD02258,PROD0243,5,4820.78,15
ITEM02142,ORD00060,PROD0153,4,6338.18,0
ITEM02143,ORD00194,PROD0001,2,510.51,10
ITEM02144,ORD02950,PROD0400,4,949.31,20
ITEM02145,ORD01458,PROD0209,1,7302.61,10
ITEM02146,ORD01587,PROD0300,1,4529.97,20
ITEM02147,ORD00785,PROD0449,5,5369.99,10
ITEM02148,ORD01770,PROD0460,5,556.52,15
ITEM02149,ORD02954,PROD0020,1,4316.93,5
ITEM02150,ORD01698,PROD0036,1,1037.04,5
ITEM02151,ORD01752,PROD0382,1,523.7,10
ITEM02152,ORD01211,PROD0311,3,1182.48,20
ITEM02153,ORD00178,PROD0403,4,2302.93,10
ITEM02154,ORD01729,PROD0573,4,6575.23,10
ITEM02155,ORD00676,PROD0309,1,3115.96,5
ITEM02156,ORD00479,PROD0332,3,4948.56,15
ITEM02157,ORD01957,PROD0141,3,7469.65,5
ITEM02158,ORD00755,PROD0186,1,4930.56,10
ITEM02159,ORD00967,PROD0221,3,3600.68,0
ITEM02160,ORD01060,PROD0511,3,3921.14,15
ITEM02161,ORD01244,PROD0555,3,5525.16,10
ITEM02162,ORD01526,PROD0229,5,3581.03,5
ITEM02164,ORD02004,PROD0084,2,2406.64,25
ITEM02165,ORD01425,PROD0224,1,1454.86,20
ITEM02166,ORD00231,PROD0004,2,3245.93,25
ITEM02167,ORD00758,PROD0094,1,7444.97,15
ITEM02168,ORD00971,PROD0147,4,4033.03,15
ITEM02169,ORD01109,PROD0549,5,5892.33,20
ITEM02170,ORD01420,PROD0570,3,5742.07,10
ITEM02172,ORD01251,PROD0175,3,1248.55,10
ITEM02174,ORD02004,PROD0378,5,809.66,0
ITEM02176,ORD00194,PROD0372,3,4854.4,10
ITEM02177,ORD01836,PROD0466,3,2263.57,5
ITEM02178,ORD01500,PROD0220,3,6213.16,10
ITEM02179,ORD01796,PROD0542,3,1030.26,15
ITEM02180,ORD00488,PROD0365,5,2507.2,20
ITEM02182,ORD00833,PROD0038,3,1966.24,20
ITEM02183,ORD02189,PROD0032,2,1682.6,20
ITEM02184,ORD00892,PROD0432,1,7009.7,0
ITEM02185,ORD02820,PROD0206,2,6630.16,20
ITEM02186,ORD02462,PROD0187,4,7500.26,20
ITEM02187,ORD01944,PROD0519,5,7133.55,20
ITEM02188,ORD00280,PROD0362,2,3917.36,15
ITEM02189,ORD00805,PROD0010,3,6643.6,15
ITEM02190,ORD00754,PROD0324,1,2610.67,0
ITEM02191,ORD01824,PROD0314,4,2714.71,25
ITEM02192,ORD00872,PROD0336,2,3938.65,150
ITEM02193,ORD00205,PROD0104,5,4581.52,0
ITEM02195,ORD01563,PROD0509,1,5921.48,15
ITEM02196,ORD01552,PROD0167,5,6501.22,20
ITEM02197,ORD00268,PROD0318,2,1797.72,15
ITEM02198,ORD00560,PROD0590,3,7125.97,25
ITEM02199,ORD01762,PROD0269,3,563.37,20
ITEM02202,ORD00934,PROD0592,1,4320.64,5
ITEM02203,ORD02801,PROD0349,2,897.32,0
ITEM02204,ORD02214,PROD0420,5,2430.5,10
ITEM02205,ORD00698,PROD0302,4,2323.94,20
ITEM02207,ORD02520,PROD0469,5,3060.09,5
ITEM02208,ORD02299,PROD0380,4,2729.46,25
ITEM02209,ORD02339,PROD0357,5,1142.38,20
ITEM02210,ORD00456,PROD0053,2,1276.15,15
ITEM02211,ORD02392,PROD0474,5,4932.24,25
ITEM02212,ORD02586,PROD0076,2,2499.03,20
ITEM02213,ORD00769,PROD0463,1,3777.66,10
ITEM02214,ORD02379,PROD0542,3,7339.85,10
ITEM02216,ORD01743,PROD0509,2,4256.12,15
ITEM02217,ORD02144,PROD0108,1,1580.47,5
ITEM02218,ORD02615,PROD0031,2,4296.08,10
ITEM02219,ORD01780,PROD0550,1,6236.58,20
ITEM02220,ORD01007,PROD0504,5,776.32,10
ITEM02221,ORD02362,PROD0012,1,5942.42,20
ITEM02222,ORD02690,PROD0587,2,6692.15,15
ITEM02223,ORD01917,PROD0591,1,3057.69,5
ITEM02224,ORD02295,PROD0436,4,4743.83,5
ITEM02225,ORD01531,PROD0092,3,5994.43,20
ITEM02226,ORD00085,PROD0476,1,6185.1,25
ITEM02227,ORD01305,PROD0200,2,5435.68,0
ITEM02228,ORD00498,PROD0125,5,2042.88,20
ITEM02229,ORD00327,PROD0011,2,7674.43,20
ITEM02230,ORD00515,PROD0588,4,2562.88,25
ITEM02232,ORD00174,PROD0588,1,5567.16,10
ITEM02233,ORD02192,PROD0104,5,5779.85,0
ITEM02234,ORD01161,PROD0336,1,7052.66,10
ITEM02235,ORD00870,PROD0473,2,3293.62,10
ITEM02236,ORD02856,PROD0544,4,1764.29,15
ITEM02237,ORD00573,PROD0451,1,1853.71,10
ITEM02238,ORD02088,PROD0411,5,2075.97,10
ITEM02239,ORD00992,PROD0062,1,5069.06,20
ITEM02241,ORD01845,PROD0253,1,5257.69,15
ITEM02242,ORD01539,PROD0246,5,3975.65,5
ITEM02243,ORD01463,PROD0356,1,944.91,10
ITEM02245,ORD02082,PROD0246,4,3966.35,15
ITEM02246,ORD00116,PROD0163,5,4816.84,25
ITEM02247,ORD01550,PROD0420,1,2843.46,5
ITEM02248,ORD01209,PROD0182,5,795.32,10
ITEM02249,ORD01051,PROD0071,4,750.87,0
ITEM02250,ORD02554,PROD0473,3,5131.66,5
ITEM02251,ORD01372,PROD0549,3,3365.32,10
ITEM02253,ORD02295,PROD0560,1,1212.65,5
ITEM02254,ORD00034,PROD0271,2,3969.86,5
ITEM02255,ORD01730,PROD0138,5,6998.05,10
ITEM02256,ORD02596,PROD0266,3,3708.31,20
ITEM02257,ORD02372,PROD0236,5,2638.36,5
ITEM02258,ORD00089,PROD0590,4,4664.79,0
ITEM02259,ORD01714,PROD0508,4,2192.0,25
ITEM02260,ORD02486,PROD0004,5,1513.55,20
ITEM02261,ORD02198,PROD0285,5,4146.81,10
ITEM02262,ORD01311,PROD0360,1,6867.08,5
ITEM02264,ORD00505,PROD0465,3,7122.89,0
ITEM02265,ORD02629,PROD0436,5,7684.87,0
ITEM02266,ORD00433,PROD0393,3,6238.93,0
ITEM02267,ORD00832,PROD0313,2,4786.58,20
ITEM02268,ORD00267,PROD0520,4,1763.54,15
ITEM02269,ORD01816,PROD0368,5,1896.19,5
ITEM02270,ORD00879,PROD0415,3,6123.7,15
ITEM02271,ORD00058,PROD0258,1,1975.5,0
ITEM02273,ORD00791,PROD0525,4,7759.2,5
ITEM02274,ORD02233,PROD0131,4,1195.94,10
ITEM02275,ORD00684,PROD0041,3,682.39,5
ITEM02276,ORD00953,PROD0088,5,423.57,25
ITEM02277,ORD01459,PROD0462,4,1201.51,10
ITEM02278,ORD01145,PROD0068,1,594.29,25
ITEM02279,ORD02027,PROD0279,1,4585.46,5
ITEM02280,ORD01109,PROD0381,2,6745.48,25
ITEM02281,ORD00309,PROD0061,5,3939.36,20
ITEM02282,ORD01268,PROD0102,2,1281.96,10
ITEM02283,ORD02229,PROD0477,1,4760.95,25
ITEM02284,ORD02286,PROD0487,2,5993.61,10
ITEM02285,ORD02353,PROD0417,2,1589.16,10
ITEM02286,ORD00321,PROD0508,3,6378.59,5
ITEM02287,ORD01187,PROD0015,3,6684.2,25
ITEM02288,ORD02645,PROD0220,2,3440.85,0
ITEM02289,ORD02186,PROD0053,1,1660.49,15
ITEM02290,ORD02154,PROD0442,1,5547.21,5
ITEM02291,ORD00206,PROD0487,1,1322.08,15
ITEM02292,ORD01838,PROD0174,1,7483.86,5
ITEM02293,ORD00144,PROD0033,5,2781.49,5
ITEM02294,ORD01602,PROD0425,2,700.12,10
ITEM02295,ORD00806,PROD0420,5,4729.63,0
ITEM02296,ORD01389,PROD0477,4,4898.58,0
ITEM02297,ORD00246,PROD0099,4,2060.65,10
ITEM02298,ORD02307,PROD0013,1,6418.46,5
ITEM02299,ORD02521,PROD0473,1,1637.63,0
ITEM02301,ORD00837,PROD0554,4,4596.02,25
ITEM02302,ORD02087,PROD0484,1,5292.42,15
ITEM02303,ORD00584,PROD0191,1,345.87,10
ITEM02304,ORD01296,PROD0287,4,6369.93,15
ITEM02305,ORD00455,PROD0584,2,4445.19,0
ITEM02306,ORD01942,PROD0007,4,2166.16,5
ITEM02308,ORD01201,PROD0135,2,2980.29,0
ITEM02310,ORD00880,PROD0277,1,1264.04,25
ITEM02311,ORD02722,PROD0018,5,2282.04,25
ITEM02312,ORD01828,PROD0486,2,3100.25,0
ITEM02313,ORD00853,PROD0188,4,5186.19,10
ITEM02315,ORD01676,PROD0081,4,4881.02,10
ITEM02316,ORD02950,PROD0571,1,7768.51,25
ITEM02317,ORD00549,PROD0277,3,6643.22,10
ITEM02318,ORD02394,PROD0554,3,1028.78,0
ITEM02320,ORD01310,PROD0550,5,7389.17,0
ITEM02321,ORD00700,PROD0441,5,7064.61,25
ITEM02323,ORD01753,PROD0527,4,1146.18,15
ITEM02324,ORD01554,PROD0061,1,4076.57,10
ITEM02325,ORD01278,PROD0468,3,335.54,25
ITEM02326,ORD00946,PROD0449,5,7814.91,20
ITEM02327,ORD00449,PROD0586,1,4001.96,20
ITEM02328,ORD02324,PROD0134,1,3581.89,0
ITEM02329,ORD00207,PROD0414,5,5935.27,20
ITEM02330,ORD00826,PROD0403,5,7701.29,25
ITEM02331,ORD00524,PROD0203,3,7840.23,10
ITEM02332,ORD02214,PROD0276,5,3580.81,15
ITEM02333,ORD00161,PROD0517,2,1070.56,20
ITEM02334,ORD02162,PROD0421,3,2303.42,5
ITEM02335,ORD00607,PROD0010,2,667.46,5
ITEM02336,ORD00817,PROD0504,2,6949.83,10
ITEM02338,ORD00250,PROD0022,1,4456.07,15
ITEM02339,ORD01019,PROD0299,4,3709.48,20
ITEM02340,ORD00456,PROD0005,1,4201.84,20
ITEM02341,ORD02328,PROD0093,1,2129.16,15
ITEM02342,ORD00011,PROD0024,5,7646.32,0
ITEM02343,ORD01575,PROD0582,2,6590.14,5
ITEM02344,ORD02808,PROD0507,2,7480.48,25
ITEM02345,ORD02384,PROD0545,5,5855.03,25
ITEM02346,ORD02935,PROD0046,4,219.92,25
ITEM02347,ORD01380,PROD0308,5,7913.59,0
ITEM02348,ORD02244,PROD0436,4,7999.8,15
ITEM02349,ORD01004,PROD0042,1,331.0,20
ITEM02350,ORD02415,PROD0528,3,5521.73,5
ITEM02351,ORD01780,PROD0122,1,5825.65,5
ITEM02352,ORD01826,PROD0085,1,4258.62,0
ITEM02353,ORD01304,PROD0095,5,4509.07,10
ITEM02354,ORD02844,PROD0266,3,4084.8,20
ITEM02355,ORD01266,PROD0154,1,1634.53,10
ITEM02356,ORD02723,PROD0013,1,2999.7,10
ITEM02357,ORD00980,PROD0285,4,3377.26,15
ITEM02359,ORD01161,PROD0596,3,6926.36,15
ITEM02360,ORD01809,PROD0152,1,899.6,20
ITEM02361,ORD00566,PROD0274,1,6509.39,25
ITEM02362,ORD02209,PROD0094,5,1344.83,5
ITEM02363,ORD02674,PROD0228,5,3656.9,10
ITEM02364,ORD00005,PROD0153,4,1254.8,20
ITEM02365,ORD01420,PROD0513,1,4050.51,25
ITEM02366,ORD01331,PROD0140,4,1935.1,10
ITEM02367,ORD02610,PROD0198,4,2595.85,5
ITEM02368,ORD01411,PROD0466,1,216.11,0
ITEM02370,ORD02873,PROD0340,1,4459.27,25
ITEM02371,ORD01715,PROD0072,2,6322.47,10
ITEM02372,ORD01418,PROD0579,1,2401.89,15
ITEM02373,ORD00469,PROD0033,1,3797.49,5
ITEM02374,ORD00898,PROD0057,3,3497.79,0
ITEM02376,ORD00588,PROD0470,1,382.55,25
ITEM02377,ORD00720,PROD0206,2,4607.22,25
ITEM02378,ORD01750,PROD0071,3,853.13,0
ITEM02379,ORD02683,PROD0271,5,5765.34,0
ITEM02380,ORD02039,PROD0440,4,6048.73,5
ITEM02381,ORD02993,PROD0265,3,3147.41,0
ITEM02382,ORD01252,PROD0182,2,7830.98,15
ITEM02383,ORD00897,PROD0308,4,6627.96,0
ITEM02384,ORD00439,PROD0091,3,2007.29,10
ITEM02385,ORD02045,PROD0210,3,4010.77,5
ITEM02386,ORD01063,PROD0241,3,4532.92,15
ITEM02387,ORD00341,PROD0503,4,4347.85,5
ITEM02388,ORD01302,PROD0104,2,6634.49,25
ITEM02389,ORD00751,PROD0404,4,7896.9,20
ITEM02390,ORD01606,PROD0429,4,7489.34,25
ITEM02391,ORD01640,PROD0157,2,2317.09,0
ITEM02392,ORD02546,PROD0453,4,6840.56,15
ITEM02393,ORD02092,PROD0277,5,2453.6,15
ITEM02394,ORD00330,PROD0164,5,621.7,5
ITEM02395,ORD01482,PROD0016,1,3390.33,0
ITEM02397,ORD00597,PROD0129,2,2608.68,10
ITEM02398,ORD00859,PROD0315,1,2561.82,15
ITEM02399,ORD01550,PROD0561,2,7587.67,5
ITEM02400,ORD00356,PROD0345,4,6771.29,20
ITEM02402,ORD00071,PROD0410,3,6438.08,25
ITEM02403,ORD00361,PROD0127,1,5414.06,20
ITEM02405,ORD00602,PROD0475,2,169.79,25
ITEM02406,ORD01758,PROD0240,3,1918.98,25
ITEM02407,ORD02404,PROD0295,5,7014.29,20
ITEM02408,ORD00733,PROD0067,5,4207.01,20
ITEM02409,ORD01720,PROD0550,1,7945.62,15
ITEM02410,ORD01064,PROD0019,3,6796.93,0
ITEM02411,ORD00180,PROD0187,1,1413.83,10
ITEM02413,ORD00764,PROD0254,1,1079.94,15
ITEM02414,ORD00209,PROD0319,5,5990.2,20
ITEM02415,ORD01737,PROD0005,2,4048.87,0
ITEM02416,ORD02923,PROD0518,4,565.04,0
ITEM02417,ORD00830,PROD0168,1,7996.09,5
ITEM02418,ORD00431,PROD0458,5,6650.36,20
ITEM02419,ORD02476,PROD0051,1,852.3,10
ITEM02420,ORD00133,PROD0014,2,2487.84,15
ITEM02421,ORD00479,PROD0247,1,6039.17,15
ITEM02422,ORD00406,PROD0478,5,3407.29,25
ITEM02423,ORD00430,PROD0398,2,6120.39,10
ITEM02424,ORD02801,PROD0053,5,2178.21,20
ITEM02425,ORD02655,PROD0292,4,6598.58,10
ITEM02426,ORD01494,PROD0010,1,754.77,15
ITEM02427,ORD01396,PROD0229,3,4311.36,25
ITEM02428,ORD00489,PROD0024,4,7392.6,20
ITEM02429,ORD02165,PROD0455,5,5995.72,15
ITEM02430,ORD00564,PROD0480,5,6119.55,25
ITEM02432,ORD01748,PROD0029,5,5568.54,0
ITEM02433,ORD02522,PROD0482,2,1168.76,5
ITEM02434,ORD02773,PROD0394,3,3926.81,0
ITEM02435,ORD02194,PROD0203,4,2809.96,5
ITEM02436,ORD00166,PROD0459,4,4543.32,0
ITEM02438,ORD02961,PROD0563,3,6307.37,15
ITEM02439,ORD02051,PROD0033,1,1482.27,10
ITEM02440,ORD02741,PROD0301,2,6417.46,5
ITEM02441,ORD00874,PROD0405,2,1423.81,0
ITEM02442,ORD01601,PROD0600,1,6346.33,15
ITEM02443,ORD02468,PROD0392,5,2916.43,15
ITEM02444,ORD01064,PROD0408,4,306.4,15
ITEM02445,ORD02795,PROD0366,1,3579.91,25
ITEM02446,ORD00485,PROD0252,5,6820.18,10
ITEM02447,ORD02855,PROD0146,1,2676.55,25
ITEM02448,ORD00473,PROD0417,3,6614.09,15
ITEM02449,ORD00298,PROD0005,4,7432.79,5
ITEM02450,ORD00810,PROD0373,1,7836.92,25
ITEM02451,ORD02141,PROD0265,2,2364.24,5
ITEM02452,ORD02879,PROD0116,5,4374.82,5
ITEM02453,ORD02368,PROD0141,3,4403.36,10
ITEM02454,ORD02062,PROD0068,2,335.14,10
ITEM02455,ORD00439,PROD0436,5,6503.55,0
ITEM02456,ORD00064,PROD0324,2,517.78,0
ITEM02457,ORD01509,PROD0073,4,3888.73,10
ITEM02458,ORD02926,PROD0564,4,5631.54,15
ITEM02459,ORD02921,PROD0251,2,5391.81,20
ITEM02460,ORD01352,PROD0239,3,4467.11,0
ITEM02461,ORD00013,PROD0334,1,6588.46,10
ITEM02462,ORD02043,PROD0431,3,6184.35,5
ITEM02463,ORD02010,PROD0518,5,6329.82,0
ITEM02464,ORD01311,PROD0484,2,4481.7,10
ITEM02465,ORD00456,PROD0141,5,6197.86,15
ITEM02466,ORD02019,PROD0338,1,1201.79,20
ITEM02467,ORD01525,PROD0577,4,4127.51,10
ITEM02469,ORD00187,PROD0473,2,1932.6,15
ITEM02470,ORD00078,PROD0158,3,6326.13,15
ITEM02472,ORD00579,PROD0038,3,657.56,0
ITEM02473,ORD00112,PROD0472,2,630.0,20
ITEM02474,ORD01900,PROD0126,3,3166.55,10
ITEM02476,ORD01971,PROD0063,2,916.97,10
ITEM02477,ORD01258,PROD0234,5,275.17,5
ITEM02478,ORD01812,PROD0304,1,6748.21,20
ITEM02480,ORD02305,PROD0177,3,2187.55,15
ITEM02481,ORD02807,PROD0541,4,7852.93,15
ITEM02482,ORD00762,PROD0569,5,6696.16,0
ITEM02483,ORD01838,PROD0427,4,2117.77,0
ITEM02485,ORD02894,PROD0212,3,1784.73,20
ITEM02486,ORD01643,PROD0488,4,5579.28,10
ITEM02487,ORD02473,PROD0129,2,7160.96,15
ITEM02488,ORD02958,PROD0517,4,4917.94,15
ITEM02489,ORD02752,PROD0031,3,4208.55,20
ITEM02490,ORD01612,PROD0240,2,601.64,10
ITEM02491,ORD01518,PROD0241,3,197.31,0
ITEM02492,ORD02816,PROD0538,5,6210.22,15
ITEM02493,ORD00820,PROD0592,4,5976.3,10
ITEM02494,ORD02442,PROD0461,4,7619.63,0
ITEM02495,ORD01288,PROD0197,3,3380.23,0
ITEM02496,ORD01941,PROD0513,5,7072.41,15
ITEM02498,ORD00316,PROD0029,2,6674.71,20
ITEM02499,ORD01064,PROD0151,2,3893.33,15
ITEM02500,ORD00534,PROD0467,2,1565.06,25
ITEM02501,ORD00722,PROD0180,2,3934.84,0
ITEM02502,ORD00308,PROD0476,3,5262.3,15
ITEM02503,ORD01745,PROD0124,4,986.87,5
ITEM02504,ORD00235,PROD0302,2,4991.79,20
ITEM02505,ORD01524,PROD0117,3,2255.41,20
ITEM02506,ORD01656,PROD0591,5,1976.61,10
ITEM02507,ORD00720,PROD0107,4,7649.53,0
ITEM02508,ORD00850,PROD0599,2,1619.37,5
ITEM02509,ORD01693,PROD0583,5,259.23,10
ITEM02510,ORD00756,PROD0408,3,4039.33,0
ITEM02511,ORD00249,PROD0433,5,348.4,0
ITEM02512,ORD01846,PROD0476,1,7384.49,0
ITEM02513,ORD01639,PROD0199,4,7113.69,0
ITEM02514,ORD01403,PROD0012,1,2435.96,5
ITEM02515,ORD00855,PROD0190,4,6705.78,5
ITEM02516,ORD01040,PROD0287,4,4683.94,0
ITEM02517,ORD01805,PROD0164,5,2337.3,15
ITEM02519,ORD02306,PROD0034,4,6086.42,10
ITEM02520,ORD01066,PROD0063,2,7065.66,20
ITEM02521,ORD02985,PROD0564,3,1003.5,20
ITEM02522,ORD00897,PROD0231,2,3776.84,5
ITEM02523,ORD02021,PROD0185,5,6910.26,5
ITEM02524,ORD02346,PROD0121,4,1894.34,25
ITEM02525,ORD00196,PROD0306,5,6564.27,0
ITEM02526,ORD00514,PROD0441,4,3702.62,25
ITEM02527,ORD01357,PROD0176,4,6924.65,20
ITEM02528,ORD02640,PROD0312,3,7821.26,20
ITEM02529,ORD02004,PROD0272,5,6029.01,20
ITEM02530,ORD01531,PROD0024,4,5823.87,20
ITEM02532,ORD02029,PROD0373,4,6794.93,0
ITEM02533,ORD00695,PROD0046,5,230.3,25
ITEM02534,ORD00424,PROD0579,2,4820.92,5
ITEM02535,ORD00763,PROD0080,3,6246.54,10
ITEM02536,ORD00976,PROD0034,3,2183.53,20
ITEM02537,ORD00142,PROD0599,2,1510.82,5
ITEM02538,ORD01428,PROD0198,2,1769.38,0
ITEM02539,ORD00688,PROD0251,3,677.8,5
ITEM02540,ORD01533,PROD0340,3,6850.03,0
ITEM02541,ORD00465,PROD0232,3,2376.89,25
ITEM02542,ORD02798,PROD0035,2,6864.23,20
ITEM02543,ORD02066,PROD0568,5,2385.97,5
ITEM02545,ORD01207,PROD0253,4,7365.22,20
ITEM02546,ORD01748,PROD0136,1,6522.99,0
ITEM02547,ORD01421,PROD0578,5,7998.6,5
ITEM02549,ORD00663,PROD0594,1,3638.0,10
ITEM02550,ORD02452,PROD0403,3,7275.24,20
ITEM02551,ORD02463,PROD0138,1,1075.55,5
ITEM02553,ORD01266,PROD0381,3,1406.42,0
ITEM02554,ORD01573,PROD0187,5,6232.76,10
ITEM02555,ORD02626,PROD0096,5,1744.72,15
ITEM02557,ORD01829,PROD0078,2,934.02,10
ITEM02558,ORD00951,PROD0411,2,7561.61,10
ITEM02560,ORD02579,PROD0409,3,3157.3,5
ITEM02561,ORD02873,PROD0027,5,3491.93,15
ITEM02562,ORD00937,PROD0028,1,4632.99,5
ITEM02563,ORD02703,PROD0546,3,2625.93,5
ITEM02564,ORD01108,PROD0063,2,1454.79,0
ITEM02565,ORD00258,PROD0363,2,6901.47,10
ITEM02566,ORD00041,PROD0326,1,2276.61,25
ITEM02567,ORD00572,PROD0103,5,5172.8,10
ITEM02568,ORD00974,PROD0051,5,6833.12,15
ITEM02569,ORD02422,PROD0473,2,2198.29,20
ITEM02570,ORD00520,PROD0384,3,6900.76,5
ITEM02571,ORD00383,PROD0514,5,2004.7,10
ITEM02572,ORD02574,PROD0330,5,6361.05,20
ITEM02573,ORD00739,PROD0008,3,6207.54,15
ITEM02574,ORD02018,PROD0043,4,4017.77,15
ITEM02575,ORD02354,PROD0204,2,7062.93,5
ITEM02576,ORD02413,PROD0572,4,2931.18,10
ITEM02577,ORD02530,PROD0059,2,2821.3,25
ITEM02579,ORD01367,PROD0516,3,5921.64,20
ITEM02580,ORD00787,PROD0555,2,7785.39,10
ITEM02581,ORD02866,PROD0448,4,1209.56,5
ITEM02582,ORD00074,PROD0521,3,3273.5,5
ITEM02583,ORD02698,PROD0599,2,2994.94,5
ITEM02584,ORD02612,PROD0327,3,779.2,20
ITEM02585,ORD01605,PROD0173,5,1398.34,5
ITEM02586,ORD01436,PROD0009,1,4336.28,10
ITEM02587,ORD02988,PROD0416,2,6091.92,10
ITEM02588,ORD01832,PROD0177,5,3377.83,20
ITEM02589,ORD01032,PROD0185,1,861.52,5
ITEM02590,ORD00666,PROD0252,3,834.44,20
ITEM02591,ORD02349,PROD0180,5,239.84,0
ITEM02592,ORD02481,PROD0428,4,1486.39,25
ITEM02593,ORD01817,PROD0041,2,3367.79,0
ITEM02594,ORD01075,PROD0351,1,7708.55,10
ITEM02595,ORD01763,PROD0199,2,674.01,10
ITEM02596,ORD02651,PROD0041,1,5779.84,20
ITEM02597,ORD00307,PROD0052,1,4663.13,5
ITEM02598,ORD01519,PROD0206,5,5010.62,5
ITEM02599,ORD00657,PROD0306,4,885.12,20
ITEM02600,ORD00911,PROD0392,1,5604.4,15
ITEM02601,ORD00088,PROD0542,2,3772.02,25
ITEM02602,ORD00153,PROD0329,4,2355.74,0
ITEM02603,ORD02807,PROD0429,1,3870.91,15
ITEM02605,ORD02922,PROD0363,1,265.59,10
ITEM02606,ORD00935,PROD0475,2,1719.1,15
ITEM02608,ORD02758,PROD0114,2,7866.85,5
ITEM02609,ORD01681,PROD0118,1,5196.88,20
ITEM02611,ORD00563,PROD0205,1,3204.35,10
ITEM02612,ORD01179,PROD0120,2,3759.17,15
ITEM02613,ORD01925,PROD0398,5,2991.8,15
ITEM02614,ORD00130,PROD0433,2,6351.81,20
ITEM02615,ORD01198,PROD0185,5,7801.22,10
ITEM02616,ORD01756,PROD0072,4,2723.18,10
ITEM02617,ORD00410,PROD0524,5,3614.84,0
ITEM02618,ORD02026,PROD0579,2,1503.62,25
ITEM02620,ORD01824,PROD0316,3,6206.24,0
ITEM02621,ORD02033,PROD0173,2,2259.05,15
ITEM02622,ORD01374,PROD0202,5,6617.73,20
ITEM02624,ORD00678,PROD0368,3,6215.78,10
ITEM02625,ORD00924,PROD0388,2,3431.47,20
ITEM02626,ORD00170,PROD0288,4,1507.71,20
ITEM02627,ORD01778,PROD0273,1,5274.77,0
ITEM02628,ORD02440,PROD0348,2,4081.75,10
ITEM02629,ORD02564,PROD0321,4,5974.06,10
ITEM02630,ORD00715,PROD0094,4,5849.99,5
ITEM02631,ORD01316,PROD0017,1,4715.18,5
ITEM02632,ORD01954,PROD0547,1,2205.52,15
ITEM02633,ORD00205,PROD0313,4,6794.48,25
ITEM02634,ORD01682,PROD0097,3,1893.71,20
ITEM02635,ORD02141,PROD0269,3,1816.39,0
ITEM02636,ORD01623,PROD0385,1,4406.52,15
ITEM02637,ORD02670,PROD0360,4,2162.8,15
ITEM02638,ORD01915,PROD0135,4,6076.89,15
ITEM02639,ORD02267,PROD0069,3,5324.1,25
ITEM02640,ORD00357,PROD0532,3,6559.34,25
ITEM02643,ORD00046,PROD0530,3,2775.99,25
ITEM02644,ORD01862,PROD0576,4,310.41,5
ITEM02645,ORD01489,PROD0422,4,411.14,0
ITEM02646,ORD00934,PROD0254,4,2246.02,15
ITEM02647,ORD02426,PROD0522,2,1808.5,15
ITEM02648,ORD01979,PROD0451,2,324.69,15
ITEM02649,ORD01930,PROD0124,5,7474.18,5
ITEM02650,ORD00752,PROD0431,4,7119.64,15
ITEM02651,ORD02354,PROD0288,1,4972.32,20
ITEM02652,ORD01852,PROD0521,5,3532.63,5
ITEM02653,ORD02058,PROD0338,5,6495.45,0
ITEM02654,ORD01587,PROD0483,2,4645.23,5
ITEM02655,ORD01248,PROD0174,5,5594.76,20
ITEM02656,ORD01973,PROD0410,1,5973.84,10
ITEM02657,ORD02612,PROD0331,1,6774.16,25
ITEM02658,ORD01240,PROD0585,2,1241.14,0
ITEM02660,ORD01731,PROD0080,5,6934.9,25
ITEM02661,ORD02963,PROD0454,1,3346.01,5
ITEM02663,ORD02367,PROD0016,4,1654.51,20
ITEM02664,ORD02382,PROD0182,5,6738.55,0
ITEM02666,ORD00492,PROD0576,2,3436.63,10
ITEM02667,ORD00836,PROD0239,4,859.93,25
ITEM02668,ORD00025,PROD0547,4,6605.51,10
ITEM02669,ORD02502,PROD0269,2,3331.02,10
ITEM02670,ORD00647,PROD0031,2,5786.01,20
ITEM02671,ORD02194,PROD0241,1,5445.39,5
ITEM02672,ORD01339,PROD0310,5,5584.78,0
ITEM02673,ORD01157,PROD0368,5,4942.39,15
ITEM02674,ORD01842,PROD0028,4,4850.69,0
ITEM02677,ORD00951,PROD0575,5,5978.62,10
ITEM02678,ORD02698,PROD0252,1,5624.39,25
ITEM02679,ORD02779,PROD0078,4,5838.73,0
ITEM02680,ORD01697,PROD0483,5,6901.25,0
ITEM02681,ORD01583,PROD0386,3,5357.09,25
ITEM02682,ORD00467,PROD0352,5,4702.2,0
ITEM02683,ORD00422,PROD0389,3,7077.5,20
ITEM02684,ORD02961,PROD0146,5,881.26,0
ITEM02685,ORD00819,PROD0460,1,1048.34,0
ITEM02686,ORD02454,PROD0160,4,5101.86,0
ITEM02687,ORD01828,PROD0050,2,394.04,25
ITEM02688,ORD02210,PROD0033,5,5178.88,0
ITEM02691,ORD01226,PROD0540,3,6055.29,0
ITEM02692,ORD02706,PROD0020,4,1306.35,20
ITEM02693,ORD02703,PROD0594,3,7618.56,5
ITEM02694,ORD02628,PROD0479,3,847.22,15
ITEM02695,ORD02212,PROD0003,4,7505.91,25
ITEM02696,ORD00461,PROD0395,1,1496.2,15
ITEM02697,ORD01664,PROD0402,2,272.11,0
ITEM02698,ORD02173,PROD0137,1,2034.85,0
ITEM02699,ORD01869,PROD0059,2,7954.98,15
ITEM02700,ORD00798,PROD0271,3,2264.19,10
ITEM02701,ORD02437,PROD0391,2,5189.11,10
ITEM02702,ORD02138,PROD0497,1,787.6,0
ITEM02703,ORD01210,PROD0147,3,1424.1,10
ITEM02704,ORD00881,PROD0418,5,295.75,0
ITEM02705,ORD00640,PROD0229,4,3009.22,0
ITEM02706,ORD00749,PROD0565,3,4623.53,15
ITEM02707,ORD02885,PROD0061,2,4938.85,25
ITEM02708,ORD01839,PROD0001,2,7358.58,10
ITEM02709,ORD00993,PROD0385,3,1193.72,25
ITEM02710,ORD01263,PROD0044,3,2935.65,25
ITEM02711,ORD01741,PROD0262,5,6068.11,25
ITEM02712,ORD02183,PROD0451,3,6264.24,10
ITEM02714,ORD01115,PROD0523,5,1302.93,10
ITEM02715,ORD02937,PROD0584,4,7984.91,5
ITEM02716,ORD02121,PROD0379,3,7521.7,15
ITEM02717,ORD01684,PROD0156,2,7691.73,5
ITEM02718,ORD01753,PROD0040,4,3315.37,15
ITEM02719,ORD02476,PROD0542,4,2377.07,0
ITEM02720,ORD00530,PROD0382,5,2586.73,15
ITEM02721,ORD02731,PROD0179,2,6025.68,10
ITEM02722,ORD00762,PROD0538,4,1598.47,15
ITEM02723,ORD02309,PROD0132,1,3163.08,15
ITEM02724,ORD00298,PROD0465,5,4729.74,5
ITEM02726,ORD02461,PROD0159,5,7331.28,20
ITEM02728,ORD01956,PROD0410,5,4190.93,25
ITEM02729,ORD02030,PROD0462,5,1620.23,15
ITEM02730,ORD00051,PROD0309,1,2089.41,20
ITEM02731,ORD00708,PROD0051,5,7588.09,10
ITEM02732,ORD02491,PROD0253,1,2719.86,20
ITEM02733,ORD02163,PROD0195,5,814.41,5
ITEM02734,ORD01649,PROD0011,1,184.69,0
ITEM02735,ORD01187,PROD0305,1,5271.12,25
ITEM02736,ORD02861,PROD0478,4,1302.33,20
ITEM02737,ORD02968,PROD0069,3,5968.35,25
ITEM02739,ORD00290,PROD0223,3,1077.94,5
ITEM02740,ORD02116,PROD0589,4,2672.97,25
ITEM02741,ORD02227,PROD0482,2,410.4,20
ITEM02742,ORD02213,PROD0446,3,6687.66,15
ITEM02743,ORD01218,PROD0164,2,2480.28,0
ITEM02744,ORD01350,PROD0155,1,4220.93,5
ITEM02745,ORD01380,PROD0238,1,4626.29,15
ITEM02746,ORD01748,PROD0439,5,7547.91,0
ITEM02747,ORD02550,PROD0268,5,7260.09,15
ITEM02748,ORD00513,PROD0583,5,7381.55,0
ITEM02749,ORD02659,PROD0379,4,4341.49,0
ITEM02750,ORD00349,PROD0486,3,2081.14,0
ITEM02751,ORD01838,PROD0419,4,938.96,20
ITEM02752,ORD01764,PROD0586,3,7828.64,5
ITEM02753,ORD02670,PROD0298,1,2580.52,10
ITEM02755,ORD00924,PROD0075,2,3934.97,20
ITEM02756,ORD01294,PROD0415,1,249.95,15
ITEM02757,ORD02008,PROD0508,2,5192.55,0
ITEM02758,ORD02033,PROD0359,1,1922.18,0
ITEM02759,ORD02358,PROD0184,1,1300.91,10
ITEM02760,ORD02548,PROD0598,5,5819.53,20
ITEM02761,ORD00813,PROD0529,4,1668.0,15
ITEM02762,ORD00166,PROD0195,3,5894.33,10
ITEM02763,ORD01272,PROD0282,4,2399.9,20
ITEM02764,ORD00001,PROD0278,4,3535.33,15
ITEM02765,ORD02190,PROD0426,2,6229.56,10
ITEM02767,ORD02492,PROD0074,4,5094.52,25
ITEM02768,ORD02283,PROD0366,1,3944.07,5
ITEM02769,ORD02693,PROD0171,5,4805.75,0
ITEM02770,ORD01098,PROD0361,4,1661.8,10
ITEM02771,ORD00152,PROD0076,5,6389.07,20
ITEM02772,ORD00006,PROD0353,3,4425.18,0
ITEM02773,ORD02986,PROD0098,3,7177.3,15
ITEM02774,ORD01068,PROD0278,5,3230.34,10
ITEM02775,ORD01020,PROD0120,4,518.09,15
ITEM02776,ORD01937,PROD0003,1,2387.69,20
ITEM02777,ORD01007,PROD0013,3,2653.63,10
ITEM02778,ORD00481,PROD0553,3,7879.99,5
ITEM02779,ORD02475,PROD0560,2,1548.96,20
ITEM02780,ORD00099,PROD0215,5,3153.56,5
ITEM02781,ORD02996,PROD0041,2,4182.87,20
ITEM02782,ORD02272,PROD0409,3,5082.48,25
ITEM02783,ORD00087,PROD0456,5,4392.81,5
ITEM02784,ORD01605,PROD0330,2,4923.43,10
ITEM02785,ORD00371,PROD0392,3,5582.59,25
ITEM02786,ORD02459,PROD0212,2,5820.64,10
ITEM02787,ORD02953,PROD0428,2,1720.69,5
ITEM02788,ORD02478,PROD0480,3,2219.63,0
ITEM02789,ORD02061,PROD0520,1,6132.38,15
ITEM02790,ORD01997,PROD0044,5,5800.7,20
ITEM02791,ORD02288,PROD0495,1,4833.16,0
ITEM02793,ORD02216,PROD0289,2,769.06,5
ITEM02794,ORD02789,PROD0149,4,3121.79,0
ITEM02796,ORD00193,PROD0352,2,6432.69,5
ITEM02797,ORD00764,PROD0123,1,4812.9,150
ITEM02798,ORD00133,PROD0303,4,6419.96,25
ITEM02799,ORD00651,PROD0151,1,2611.28,20
ITEM02800,ORD01927,PROD0008,4,3897.65,10
ITEM02801,ORD01489,PROD0286,3,3919.94,25
ITEM02802,ORD00233,PROD0545,2,7360.49,5
ITEM02803,ORD00328,PROD0455,1,2420.81,25
ITEM02804,ORD00301,PROD0587,3,5874.18,20
ITEM02805,ORD01116,PROD0432,4,6460.67,15
ITEM02806,ORD00542,PROD0418,2,2098.35,25
ITEM02807,ORD02361,PROD0385,1,3001.92,0
ITEM02808,ORD00565,PROD0394,1,5957.93,10
ITEM02810,ORD01837,PROD0007,2,7268.77,20
ITEM02811,ORD01644,PROD0050,3,7435.79,0
ITEM02812,ORD01612,PROD0243,1,3260.38,5
ITEM02813,ORD01778,PROD0009,3,495.53,25
ITEM02815,ORD02556,PROD0559,5,1097.36,5
ITEM02816,ORD02403,PROD0045,5,1078.39,5
ITEM02817,ORD00241,PROD0243,1,1273.82,5
ITEM02818,ORD00096,PROD0269,3,1390.92,5
ITEM02820,ORD01502,PROD0237,1,4659.65,5
ITEM02822,ORD01763,PROD0045,2,6924.87,15
ITEM02823,ORD01429,PROD0505,3,5343.45,10
ITEM02824,ORD01120,PROD0141,1,2654.33,25
ITEM02825,ORD02281,PROD0289,3,7416.97,5
ITEM02827,ORD02299,PROD0124,5,4822.66,10
ITEM02828,ORD02578,PROD0359,5,1809.19,10
ITEM02829,ORD01353,PROD0408,4,1381.67,5
ITEM02831,ORD02028,PROD0054,3,5640.38,15
ITEM02832,ORD00050,PROD0241,4,955.01,15
ITEM02833,ORD00572,PROD0318,5,3471.0,15
ITEM02834,ORD00043,PROD0304,4,6929.99,5
ITEM02835,ORD01727,PROD0416,1,1178.99,10
ITEM02836,ORD00258,PROD0375,5,3016.55,0
ITEM02837,ORD01534,PROD0204,1,682.63,5
ITEM02838,ORD02783,PROD0093,4,4051.85,0
ITEM02839,ORD01295,PROD0434,1,2872.86,15
ITEM02840,ORD02344,PROD0064,3,1162.25,10
ITEM02841,ORD01238,PROD0077,2,2075.57,10
ITEM02842,ORD01260,PROD0453,5,2232.98,25
ITEM02843,ORD01538,PROD0271,3,1828.28,25
ITEM02844,ORD01311,PROD0479,5,577.15,25
ITEM02845,ORD01886,PROD0127,5,7478.57,0
ITEM02846,ORD02634,PROD0538,5,4322.41,15
ITEM02847,ORD01231,PROD0415,5,1836.24,10
ITEM02848,ORD01591,PROD0127,5,1995.15,10
ITEM02849,ORD02923,PROD0507,3,5073.53,20
ITEM02851,ORD02813,PROD0480,1,6210.17,5
ITEM02852,ORD02843,PROD0490,4,6440.12,0
ITEM02853,ORD02221,PROD0272,2,6865.98,25
ITEM02854,ORD00411,PROD0578,2,1436.95,20
ITEM02855,ORD01475,PROD0443,4,2048.88,5
ITEM02856,ORD00589,PROD0491,2,6321.15,5
ITEM02857,ORD00862,PROD0580,4,2419.4,0
ITEM02858,ORD00763,PROD0575,2,2678.96,5
ITEM02859,ORD01618,PROD0472,4,4995.9,20
ITEM02860,ORD02674,PROD0192,3,1447.9,15
ITEM02861,ORD00970,PROD0164,2,5809.3,10
ITEM02862,ORD02670,PROD0145,1,1222.79,25
ITEM02863,ORD00747,PROD0023,5,887.28,25
ITEM02864,ORD00001,PROD0067,4,4992.25,5
ITEM02865,ORD00718,PROD0529,3,2452.68,5
ITEM02866,ORD01217,PROD0507,1,4896.5,20
ITEM02867,ORD00612,PROD0010,4,2751.49,10
ITEM02868,ORD00345,PROD0337,3,5566.84,5
ITEM02869,ORD01594,PROD0059,4,2690.32,20
ITEM02870,ORD02826,PROD0072,2,4476.25,5
ITEM02871,ORD00510,PROD0031,1,5775.47,15
ITEM02872,ORD01165,PROD0252,2,5436.46,5
ITEM02873,ORD01772,PROD0155,2,4018.19,15
ITEM02874,ORD01913,PROD0224,2,7522.98,15
ITEM02875,ORD02974,PROD0519,1,7646.29,15
ITEM02876,ORD01224,PROD0490,1,7415.28,15
ITEM02877,ORD00015,PROD0213,5,2987.82,5
ITEM02878,ORD01551,PROD0036,3,4972.75,5
ITEM02880,ORD00348,PROD0039,4,6360.02,10
ITEM02881,ORD02982,PROD0055,2,7197.78,10
ITEM02882,ORD00076,PROD0445,4,6284.78,10
ITEM02883,ORD02074,PROD0172,4,3709.53,5
ITEM02884,ORD01521,PROD0583,1,6758.58,15
ITEM02885,ORD00655,PROD0015,1,2074.12,15
ITEM02886,ORD00782,PROD0521,3,5129.2,15
ITEM02887,ORD01075,PROD0422,1,2369.39,15
ITEM02888,ORD01095,PROD0323,5,3962.75,20
ITEM02889,ORD00856,PROD0107,5,7413.7,20
ITEM02890,ORD02864,PROD0585,4,6026.21,20
ITEM02891,ORD02901,PROD0285,5,6348.31,10
ITEM02892,ORD02453,PROD0519,4,419.9,25
ITEM02893,ORD02541,PROD0323,3,261.52,10
ITEM02895,ORD01215,PROD0222,2,1184.54,5
ITEM02897,ORD00643,PROD0562,5,5675.53,20
ITEM02898,ORD02667,PROD0077,1,2736.92,10
ITEM02899,ORD02304,PROD0348,2,2124.1,0
ITEM02900,ORD02867,PROD0075,2,5527.69,15
ITEM02901,ORD02864,PROD0168,2,7290.51,20
ITEM02902,ORD02176,PROD0312,4,2506.34,25
ITEM02903,ORD00662,PROD0350,4,5763.79,25
ITEM02904,ORD02065,PROD0504,1,6800.87,20
ITEM02905,ORD02156,PROD0145,2,1759.48,20
ITEM02906,ORD02634,PROD0560,4,603.8,25
ITEM02907,ORD02240,PROD0298,1,3195.27,0
ITEM02908,ORD01575,PROD0079,2,5628.58,10
ITEM02909,ORD02358,PROD0379,4,2551.69,25
ITEM02911,ORD01330,PROD0528,4,5540.58,20
ITEM02912,ORD01104,PROD0581,4,1663.46,25
ITEM02913,ORD02219,PROD0248,1,6872.08,15
ITEM02914,ORD00632,PROD0207,4,6461.28,0
ITEM02915,ORD02225,PROD0061,5,7058.45,15
ITEM02916,ORD00343,PROD0394,4,1189.41,0
ITEM02917,ORD01715,PROD0331,3,7221.82,25
ITEM02918,ORD01842,PROD0519,4,7616.0,10
ITEM02919,ORD02045,PROD0536,4,2681.42,10
ITEM02920,ORD02022,PROD0361,1,7930.9,5
ITEM02921,ORD01044,PROD0482,4,2305.59,0
ITEM02922,ORD00215,PROD0396,5,3654.33,20
ITEM02923,ORD01700,PROD0544,2,2435.69,0
ITEM02924,ORD01464,PROD0074,4,3153.52,10
ITEM02925,ORD01332,PROD0110,2,1524.73,10
ITEM02926,ORD01240,PROD0267,1,6193.25,20
ITEM02927,ORD02506,PROD0484,3,188.77,5
ITEM02928,ORD00826,PROD0542,4,7310.37,15
ITEM02929,ORD00070,PROD0525,2,6716.5,15
ITEM02930,ORD00172,PROD0066,4,306.06,5
ITEM02931,ORD01673,PROD0199,1,7072.89,10
ITEM02932,ORD01097,PROD0158,2,4174.65,15
ITEM02933,ORD00249,PROD0178,1,6408.91,10
ITEM02934,ORD02996,PROD0050,5,4949.99,20
ITEM02935,ORD00915,PROD0032,5,6248.34,10
ITEM02936,ORD00284,PROD0218,3,5393.59,0
ITEM02937,ORD02392,PROD0444,1,6615.83,15
ITEM02938,ORD02443,PROD0497,5,7039.47,5
ITEM02939,ORD01118,PROD0345,2,4508.62,0
ITEM02941,ORD00054,PROD0306,3,7327.83,15
ITEM02942,ORD00839,PROD0363,4,6051.57,15
ITEM02943,ORD01226,PROD0522,1,4648.34,15
ITEM02945,ORD01380,PROD0599,5,504.49,25
ITEM02946,ORD01771,PROD0002,2,5780.23,10
ITEM02947,ORD01108,PROD0151,1,6441.23,0
ITEM02948,ORD01450,PROD0544,5,7803.41,5
ITEM02949,ORD01361,PROD0534,3,4942.61,0
ITEM02950,ORD01920,PROD0196,3,1355.48,5
ITEM02952,ORD01171,PROD0546,4,3763.17,20
ITEM02953,ORD01497,PROD0117,3,673.55,15
ITEM02954,ORD01095,PROD0536,2,1731.51,20
ITEM02955,ORD02139,PROD0133,5,2662.0,25
ITEM02958,ORD00901,PROD0173,4,394.35,25
ITEM02959,ORD01477,PROD0562,4,5773.99,10
ITEM02960,ORD00679,PROD0471,4,6733.35,10
ITEM02961,ORD02115,PROD0215,1,6817.06,15
ITEM02962,ORD00789,PROD0003,4,3312.41,20
ITEM02963,ORD00876,PROD0089,3,874.34,20
ITEM02964,ORD00370,PROD0480,5,4080.12,10
ITEM02965,ORD00601,PROD0391,3,6600.36,20
ITEM02966,ORD01280,PROD0425,5,4457.76,0
ITEM02968,ORD00592,PROD0226,4,1084.52,20
ITEM02969,ORD02059,PROD0594,1,7848.46,5
ITEM02970,ORD00934,PROD0483,5,594.42,25
ITEM02971,ORD01755,PROD0324,3,7002.43,25
ITEM02973,ORD01150,PROD0478,4,4710.26,25
ITEM02974,ORD01063,PROD0073,4,3452.65,10
ITEM02975,ORD01286,PROD0208,5,4269.93,20
ITEM02976,ORD02216,PROD0041,4,6029.23,15
ITEM02977,ORD02107,PROD0068,3,4728.01,10
ITEM02978,ORD02024,PROD0060,5,4711.09,10
ITEM02979,ORD02089,PROD0400,2,3329.15,20
ITEM02980,ORD00861,PROD0518,3,4471.38,15
ITEM02981,ORD01684,PROD0211,5,329.41,5
ITEM02982,ORD00070,PROD0491,4,772.3,5
ITEM02983,ORD02432,PROD0409,1,1566.19,25
ITEM02984,ORD02736,PROD0029,3,5945.09,20
ITEM02985,ORD02240,PROD0103,2,7437.93,25
ITEM02986,ORD02212,PROD0536,4,6801.58,0
ITEM02987,ORD02093,PROD0138,1,5243.52,15
ITEM02989,ORD00151,PROD0122,1,3719.25,5
ITEM02990,ORD00899,PROD0493,2,4777.42,5
ITEM02991,ORD01588,PROD0567,5,7163.7,5
ITEM02992,ORD01126,PROD0524,4,5341.62,20
ITEM02993,ORD01861,PROD0048,2,5753.71,0
ITEM02994,ORD01724,PROD0503,3,3762.9,20
ITEM02995,ORD01695,PROD0532,2,7972.87,5
ITEM02996,ORD01386,PROD0363,4,254.17,15
ITEM02997,ORD01812,PROD0242,1,6162.65,25
ITEM02998,ORD00894,PROD0103,3,2734.77,25
ITEM02999,ORD00175,PROD0326,4,5457.54,0
ITEM03001,ORD02472,PROD0228,5,2299.71,10
ITEM03002,ORD01079,PROD0046,3,3036.01,20
ITEM03003,ORD02202,PROD0215,1,7779.09,10
ITEM03004,ORD00262,PROD0316,4,7615.14,25
ITEM03005,ORD02874,PROD0105,2,7499.24,25
ITEM03006,ORD01322,PROD0051,2,3294.68,15
ITEM03007,ORD00467,PROD0333,4,6580.21,20
ITEM03008,ORD02465,PROD0077,1,4724.82,15
ITEM03009,ORD01845,PROD0458,5,569.48,5
ITEM03010,ORD00951,PROD0310,3,2953.71,20
ITEM03011,ORD01196,PROD0270,4,7814.16,20
ITEM03013,ORD02973,PROD0438,3,6543.07,0
ITEM03014,ORD01770,PROD0224,2,4963.27,15
ITEM03015,ORD00896,PROD0511,5,5345.96,0
ITEM03016,ORD01455,PROD0597,4,3023.5,25
ITEM03017,ORD00657,PROD0151,4,1983.14,20
ITEM03018,ORD01612,PROD0573,2,5728.76,5
ITEM03019,ORD02314,PROD0091,3,4539.8,25
ITEM03020,ORD02712,PROD0312,2,7968.05,5
ITEM03021,ORD00929,PROD0180,3,860.19,25
ITEM03022,ORD01528,PROD0071,5,2873.63,25
ITEM03023,ORD01042,PROD0551,2,4727.16,15
ITEM03024,ORD00099,PROD0478,2,2504.15,15
ITEM03025,ORD01929,PROD0261,4,1536.98,0
ITEM03026,ORD01415,PROD0587,3,4426.44,25
ITEM03027,ORD00338,PROD0499,3,5964.68,20
ITEM03028,ORD00471,PROD0435,1,3619.33,10
ITEM03029,ORD00054,PROD0166,2,753.84,25
ITEM03030,ORD00386,PROD0415,5,4481.72,25
ITEM03031,ORD01175,PROD0102,2,6333.72,10
ITEM03032,ORD01121,PROD0492,4,5637.55,0
ITEM03033,ORD02889,PROD0262,5,1746.66,15
ITEM03034,ORD01843,PROD0295,1,5927.16,5
ITEM03035,ORD02423,PROD0129,5,3329.78,25
ITEM03037,ORD00621,PROD0435,3,7758.57,25
ITEM03038,ORD00122,PROD0589,5,3168.1,5
ITEM03039,ORD00478,PROD0572,2,3412.59,15
ITEM03040,ORD01883,PROD0127,5,6008.1,15
ITEM03041,ORD01696,PROD0446,1,161.74,10
ITEM03042,ORD01615,PROD0247,3,1515.08,0
ITEM03043,ORD00551,PROD0132,2,5488.39,5
ITEM03044,ORD01101,PROD0558,1,718.11,5
ITEM03045,ORD02971,PROD0449,4,4496.75,15
ITEM03046,ORD02000,PROD0367,5,5961.9,0
ITEM03047,ORD01943,PROD0464,5,716.51,5
ITEM03048,ORD02604,PROD0312,3,6541.88,0
ITEM03050,ORD01005,PROD0359,1,3744.68,15
ITEM03051,ORD01477,PROD0445,3,1249.88,15
ITEM03052,ORD00216,PROD0113,5,3162.28,15
ITEM03053,ORD00526,PROD0389,2,671.9,20
ITEM03055,ORD02387,PROD0162,2,3964.85,15
ITEM03056,ORD01539,PROD0270,1,2494.25,0
ITEM03057,ORD00108,PROD0222,5,2688.5,5
ITEM03059,ORD01111,PROD0296,3,7018.79,15
ITEM03060,ORD01971,PROD0145,2,4337.54,20
ITEM03061,ORD00937,PROD0587,1,2510.42,5
ITEM03062,ORD00957,PROD0068,3,7412.44,10
ITEM03063,ORD01549,PROD0086,3,5540.11,10
ITEM03064,ORD02377,PROD0203,2,2957.15,0
ITEM03065,ORD01068,PROD0469,5,4208.91,20
ITEM03066,ORD01298,PROD0219,1,1202.0,25
ITEM03067,ORD00034,PROD0297,1,4727.83,10
ITEM03068,ORD00999,PROD0452,4,5257.46,15
ITEM03069,ORD00389,PROD0527,2,556.38,20
ITEM03070,ORD01532,PROD0515,1,619.23,25
ITEM03071,ORD02854,PROD0549,4,7725.48,0
ITEM03072,ORD01279,PROD0212,5,811.82,0
ITEM03073,ORD00266,PROD0257,2,3550.1,20
ITEM03075,ORD01991,PROD0562,1,4458.02,0
ITEM03076,ORD00186,PROD0416,5,2662.66,10
ITEM03077,ORD00528,PROD0339,4,6735.75,15
ITEM03078,ORD02631,PROD0562,1,1270.89,15
ITEM03079,ORD02369,PROD0203,2,7407.31,25
ITEM03080,ORD00296,PROD0382,3,1556.77,25
ITEM03081,ORD00804,PROD0013,4,410.94,5
ITEM03082,ORD00800,PROD0056,2,7677.66,15
ITEM03083,ORD01374,PROD0344,1,5450.95,5
ITEM03085,ORD00112,PROD0414,4,3921.14,0
ITEM03087,ORD02320,PROD0146,1,899.27,15
ITEM03088,ORD01739,PROD0256,2,6813.12,20
ITEM03089,ORD00577,PROD0132,2,6845.11,10
ITEM03090,ORD00154,PROD0033,3,1972.04,20
ITEM03091,ORD00535,PROD0189,2,520.45,15
ITEM03092,ORD00573,PROD0029,1,7692.91,25
ITEM03093,ORD02515,PROD0048,1,1043.89,5
ITEM03094,ORD01049,PROD0548,3,1791.25,20
ITEM03095,ORD00414,PROD0198,2,5187.68,10
ITEM03096,ORD00744,PROD0530,4,7649.55,0
ITEM03097,ORD00880,PROD0163,2,5903.56,10
ITEM03098,ORD01375,PROD0422,3,2766.06,5
ITEM03099,ORD01247,PROD0191,5,3287.86,10
ITEM03100,ORD02497,PROD0454,4,6375.45,5
ITEM03101,ORD01081,PROD0598,5,3525.88,5
ITEM03102,ORD01097,PROD0179,1,5878.01,20
ITEM03103,ORD01461,PROD0254,4,6040.28,25
ITEM03104,ORD02745,PROD0485,2,2322.31,20
ITEM03107,ORD01572,PROD0414,3,6540.48,20
ITEM03108,ORD00272,PROD0274,4,6147.64,15
ITEM03109,ORD00646,PROD0379,2,6997.85,20
ITEM03110,ORD00249,PROD0427,4,2506.15,10
ITEM03111,ORD01937,PROD0379,2,2106.33,20
ITEM03112,ORD02859,PROD0380,2,2415.07,15
ITEM03113,ORD01110,PROD0404,4,5799.48,25
ITEM03114,ORD00956,PROD0347,2,4555.37,25
ITEM03115,ORD02824,PROD0418,2,6130.83,20
ITEM03116,ORD02259,PROD0348,2,1359.65,5
ITEM03117,ORD02897,PROD0398,4,7401.66,5
ITEM03118,ORD01220,PROD0106,3,3877.35,5
ITEM03119,ORD02626,PROD0469,4,7614.58,25
ITEM03120,ORD02562,PROD0561,2,2693.26,5
ITEM03121,ORD02701,PROD0294,4,4455.95,20
ITEM03122,ORD01758,PROD0253,5,355.15,0
ITEM03123,ORD01611,PROD0552,2,2473.88,15
ITEM03124,ORD02418,PROD0243,5,4926.09,20
ITEM03125,ORD02693,PROD0080,4,905.02,5
ITEM03126,ORD02760,PROD0513,1,946.82,20
ITEM03127,ORD02687,PROD0202,4,843.82,5
ITEM03128,ORD00095,PROD0510,2,3870.77,15
ITEM03129,ORD00242,PROD0483,2,6233.87,0
ITEM03130,ORD00391,PROD0281,5,4966.33,15
ITEM03131,ORD02269,PROD0020,5,7185.46,15
ITEM03132,ORD02998,PROD0282,5,1782.85,5
ITEM03134,ORD01220,PROD0453,4,1593.96,25
ITEM03135,ORD01139,PROD0148,5,7933.24,25
ITEM03136,ORD00674,PROD0398,3,2854.11,15
ITEM03137,ORD00841,PROD0196,5,1004.75,5
ITEM03138,ORD02397,PROD0308,1,1839.57,20
ITEM03139,ORD01075,PROD0518,1,7948.79,0
ITEM03140,ORD00744,PROD0424,4,5791.05,20
ITEM03143,ORD00904,PROD0114,1,973.3,15
ITEM03144,ORD00441,PROD0174,3,6314.35,20
ITEM03145,ORD00113,PROD0117,4,6242.15,5
ITEM03147,ORD00798,PROD0232,2,2286.58,10
ITEM03148,ORD00883,PROD0488,4,6690.86,25
ITEM03149,ORD00841,PROD0281,5,6387.34,10
ITEM03150,ORD00187,PROD0577,5,6407.57,10
ITEM03151,ORD00363,PROD0064,1,6940.06,15
ITEM03153,ORD02230,PROD0094,1,3293.59,10
ITEM03154,ORD02369,PROD0086,1,523.35,10
ITEM03155,ORD02688,PROD0166,1,1331.6,20
ITEM03156,ORD01709,PROD0428,1,3322.96,20
ITEM03157,ORD00136,PROD0075,5,4877.44,5
ITEM03158,ORD01196,PROD0148,1,7644.97,150
ITEM03159,ORD01057,PROD0514,3,2523.55,10
ITEM03160,ORD00639,PROD0062,2,2656.12,0
ITEM03161,ORD01743,PROD0063,4,4588.97,25
ITEM03162,ORD00394,PROD0498,5,932.56,20
ITEM03163,ORD01566,PROD0061,1,2692.82,15
ITEM03164,ORD00406,PROD0089,4,1060.65,5
ITEM03165,ORD02890,PROD0101,5,5502.48,0
ITEM03166,ORD00555,PROD0311,4,5401.7,0
ITEM03167,ORD00662,PROD0534,5,6453.58,0
ITEM03168,ORD01186,PROD0095,1,1190.28,20
ITEM03169,ORD01882,PROD0307,3,1223.23,15
ITEM03170,ORD02856,PROD0077,5,1823.05,15
ITEM03171,ORD01952,PROD0523,3,4003.25,10
ITEM03172,ORD01756,PROD0193,5,713.22,20
ITEM03173,ORD00327,PROD0039,4,2518.07,0
ITEM03174,ORD02694,PROD0389,1,6292.29,10
ITEM03175,ORD00694,PROD0256,2,1083.92,10
ITEM03176,ORD00197,PROD0078,2,796.85,10
ITEM03177,ORD00893,PROD0340,1,3376.07,25
ITEM03179,ORD01038,PROD0353,3,1462.68,10
ITEM03180,ORD00719,PROD0509,3,7163.36,0
ITEM03181,ORD00570,PROD0373,3,3969.49,0
ITEM03182,ORD02899,PROD0478,5,4411.01,25
ITEM03183,ORD02514,PROD0283,5,4276.84,10
ITEM03184,ORD01745,PROD0400,5,2366.26,20
ITEM03185,ORD02449,PROD0227,1,390.41,0
ITEM03186,ORD02421,PROD0349,4,3693.63,25
ITEM03187,ORD01647,PROD0214,3,3007.88,20
ITEM03188,ORD01214,PROD0150,2,3668.8,25
ITEM03189,ORD00354,PROD0467,2,3209.27,5
ITEM03190,ORD02677,PROD0371,4,3030.62,10
ITEM03191,ORD01568,PROD0009,4,327.06,0
ITEM03192,ORD00340,PROD0302,3,1023.17,5
ITEM03193,ORD00021,PROD0388,5,5239.01,15
ITEM03194,ORD00738,PROD0267,1,6331.51,20
ITEM03195,ORD01824,PROD0106,1,176.93,25
ITEM03196,ORD01687,PROD0419,5,4856.11,25
ITEM03197,ORD01114,PROD0103,4,1214.27,5
ITEM03198,ORD00032,PROD0484,4,1472.73,20
ITEM03199,ORD02950,PROD0114,1,2906.72,25
ITEM03200,ORD00661,PROD0144,2,1271.18,5
ITEM03201,ORD00742,PROD0180,5,1366.93,0
ITEM03202,ORD02196,PROD0285,4,2714.93,5
ITEM03204,ORD02440,PROD0305,1,160.12,0
ITEM03205,ORD00160,PROD0568,3,3701.11,0
ITEM03206,ORD00935,PROD0382,1,5680.57,5
ITEM03207,ORD01422,PROD0031,3,1674.78,15
ITEM03208,ORD00597,PROD0169,5,4797.58,0
ITEM03209,ORD01789,PROD0297,1,5170.52,25
ITEM03210,ORD01473,PROD0502,5,7847.27,20
ITEM03212,ORD00071,PROD0075,1,7175.4,0
ITEM03213,ORD02548,PROD0295,3,2054.29,0
ITEM03214,ORD02512,PROD0341,2,6325.15,20
ITEM03215,ORD00392,PROD0269,3,3835.82,15
ITEM03216,ORD01861,PROD0295,2,4472.23,5
ITEM03217,ORD00349,PROD0523,5,7421.76,5
ITEM03218,ORD00093,PROD0395,2,6084.67,15
ITEM03219,ORD02291,PROD0026,2,3797.57,20
ITEM03220,ORD00473,PROD0150,1,1892.06,25
ITEM03221,ORD02542,PROD0456,3,7459.63,5
ITEM03222,ORD02952,PROD0413,5,4669.32,10
ITEM03223,ORD01360,PROD0566,3,7668.9,15
ITEM03224,ORD01525,PROD0586,3,5628.3,0
ITEM03225,ORD02232,PROD0285,2,4670.91,25
ITEM03227,ORD02612,PROD0051,3,2970.4,5
ITEM03229,ORD02982,PROD0050,4,2752.74,15
ITEM03230,ORD00986,PROD0240,4,6085.75,10
ITEM03231,ORD01819,PROD0045,1,3282.72,5
ITEM03232,ORD01820,PROD0425,1,7422.58,15
ITEM03233,ORD02720,PROD0574,1,2495.9,20
ITEM03234,ORD00240,PROD0144,3,1876.62,0
ITEM03235,ORD02098,PROD0288,2,3909.45,15
ITEM03236,ORD02523,PROD0165,5,6813.7,10
ITEM03237,ORD01104,PROD0309,4,6224.9,15
ITEM03238,ORD00739,PROD0331,1,4322.3,25
ITEM03239,ORD00755,PROD0247,2,7222.49,5
ITEM03240,ORD00871,PROD0309,5,187.42,0
ITEM03241,ORD01122,PROD0082,4,5719.09,10
ITEM03242,ORD00454,PROD0339,3,2085.81,15
ITEM03244,ORD01879,PROD0289,5,7436.11,15
ITEM03245,ORD00714,PROD0511,5,6500.59,0
ITEM03246,ORD00665,PROD0285,2,3046.04,0
ITEM03247,ORD00980,PROD0219,2,5308.7,20
ITEM03248,ORD01385,PROD0299,3,1573.07,5
ITEM03249,ORD00339,PROD0330,5,7384.74,5
ITEM03250,ORD02152,PROD0397,2,511.81,0
ITEM03251,ORD00573,PROD0446,4,1592.99,25
ITEM03252,ORD02529,PROD0093,4,1389.76,15
ITEM03253,ORD01211,PROD0161,5,1239.85,5
ITEM03254,ORD00109,PROD0310,1,3347.08,20
ITEM03255,ORD00725,PROD0123,3,5523.3,20
ITEM03256,ORD00722,PROD0416,4,4892.37,15
ITEM03257,ORD00021,PROD0406,2,7891.69,10
ITEM03258,ORD00136,PROD0221,1,6736.16,20
ITEM03259,ORD00643,PROD0513,1,2521.25,10
ITEM03260,ORD00032,PROD0190,2,503.9,0
ITEM03261,ORD02751,PROD0600,1,984.01,5
ITEM03262,ORD02634,PROD0250,2,3083.32,5
ITEM03263,ORD02005,PROD0499,1,4889.07,0
ITEM03264,ORD00239,PROD0023,2,5713.56,25
ITEM03265,ORD01400,PROD0441,1,3107.75,5
ITEM03266,ORD01395,PROD0386,3,5645.11,0
ITEM03267,ORD02106,PROD0378,3,7763.15,10
ITEM03268,ORD00011,PROD0461,5,7980.38,5
ITEM03270,ORD02978,PROD0223,2,5981.76,0
ITEM03271,ORD01578,PROD0480,4,7340.98,20
ITEM03272,ORD00310,PROD0292,3,3108.23,15
ITEM03273,ORD01180,PROD0251,4,250.86,25
ITEM03274,ORD00485,PROD0303,3,1687.12,20
ITEM03275,ORD02865,PROD0107,1,5410.13,15
ITEM03276,ORD01753,PROD0431,4,2818.85,10
ITEM03277,ORD00725,PROD0483,4,675.14,0
ITEM03278,ORD02358,PROD0164,5,829.34,25
ITEM03279,ORD02655,PROD0329,4,4447.4,15
ITEM03280,ORD02713,PROD0076,5,620.01,5
ITEM03281,ORD01008,PROD0071,1,3217.71,25
ITEM03282,ORD02241,PROD0453,1,3183.1,15
ITEM03283,ORD02592,PROD0438,2,2782.1,5
ITEM03284,ORD00620,PROD0204,4,1116.37,10
ITEM03285,ORD02400,PROD0160,1,6971.69,15
ITEM03286,ORD02605,PROD0530,3,5229.9,10
ITEM03287,ORD01697,PROD0226,4,807.74,10
ITEM03288,ORD00624,PROD0320,2,319.35,0
ITEM03289,ORD01003,PROD0465,3,6217.34,5
ITEM03290,ORD02334,PROD0551,5,7276.73,5
ITEM03291,ORD00997,PROD0075,2,1274.13,15
ITEM03292,ORD01412,PROD0515,4,3132.92,5
ITEM03293,ORD00520,PROD0491,5,5751.8,0
ITEM03295,ORD01691,PROD0351,5,711.89,10
ITEM03296,ORD00862,PROD0537,2,473.77,0
ITEM03297,ORD01126,PROD0032,4,6460.05,5
ITEM03298,ORD02869,PROD0439,4,2448.77,15
ITEM03299,ORD01824,PROD0226,3,649.37,5
ITEM03300,ORD01999,PROD0188,3,2629.99,10
ITEM03301,ORD00904,PROD0255,4,7608.93,10
ITEM03302,ORD02756,PROD0402,3,7453.27,15
ITEM03303,ORD02514,PROD0481,4,2192.4,15
ITEM03304,ORD02095,PROD0301,5,3493.0,5
ITEM03305,ORD01142,PROD0592,3,5709.04,0
ITEM03306,ORD00089,PROD0315,4,5059.97,10
ITEM03307,ORD00024,PROD0424,5,1167.47,20
ITEM03308,ORD01716,PROD0335,4,4340.58,10
ITEM03309,ORD00450,PROD0147,1,6950.99,5
ITEM03310,ORD01833,PROD0428,4,1557.69,5
ITEM03312,ORD01055,PROD0276,2,722.65,20
ITEM03313,ORD00452,PROD0309,4,6969.11,25
ITEM03314,ORD01521,PROD0005,2,1306.65,5
ITEM03315,ORD01199,PROD0506,4,4468.32,25
ITEM03316,ORD02865,PROD0007,3,7299.06,15
ITEM03317,ORD02962,PROD0581,4,6885.06,5
ITEM03318,ORD01531,PROD0120,5,2436.76,25
ITEM03319,ORD00213,PROD0470,1,1748.35,25
ITEM03320,ORD02503,PROD0543,2,884.82,15
ITEM03321,ORD02276,PROD0148,2,1665.58,25
ITEM03322,ORD02995,PROD0160,1,7422.75,25
ITEM03323,ORD02881,PROD0277,3,652.65,15
ITEM03324,ORD02000,PROD0410,4,242.24,5
ITEM03326,ORD01747,PROD0206,1,1035.67,5
ITEM03327,ORD00621,PROD0028,1,7147.03,25
ITEM03329,ORD00519,PROD0398,3,6219.89,20
ITEM03330,ORD00834,PROD0210,2,3469.45,15
ITEM03331,ORD02768,PROD0591,4,330.09,20
ITEM03332,ORD00682,PROD0554,5,3332.95,25
ITEM03333,ORD02614,PROD0088,2,3142.35,10
ITEM03334,ORD02622,PROD0260,5,7351.23,15
ITEM03335,ORD02456,PROD0137,1,4563.99,10
ITEM03337,ORD00466,PROD0193,2,2203.18,10
ITEM03338,ORD00384,PROD0578,2,3087.47,25
ITEM03339,ORD00004,PROD0080,1,7206.54,10
ITEM03340,ORD01604,PROD0113,4,2858.1,20
ITEM03342,ORD02146,PROD0522,5,5165.54,25
ITEM03343,ORD00147,PROD0293,3,5158.75,0
ITEM03345,ORD01662,PROD0395,5,2818.45,25
ITEM03346,ORD00875,PROD0339,2,4251.16,25
ITEM03347,ORD00423,PROD0282,5,5218.95,15
ITEM03348,ORD01271,PROD0470,3,2915.27,0
ITEM03349,ORD00808,PROD0044,5,5167.42,0
ITEM03350,ORD01652,PROD0529,3,3144.25,15
ITEM03351,ORD00451,PROD0499,4,4458.98,0
ITEM03352,ORD00374,PROD0039,2,7125.33,25
ITEM03353,ORD00421,PROD0415,5,4287.85,20
ITEM03354,ORD02646,PROD0210,4,5658.55,15
ITEM03355,ORD00383,PROD0110,3,4200.26,15
ITEM03356,ORD01738,PROD0530,4,1035.66,20
ITEM03357,ORD02340,PROD0482,4,3592.54,20
ITEM03358,ORD02920,PROD0534,2,5362.37,5
ITEM03359,ORD01696,PROD0068,4,6977.81,25
ITEM03360,ORD01315,PROD0029,3,7761.73,20
ITEM03361,ORD00850,PROD0384,2,2156.33,25
ITEM03362,ORD02209,PROD0069,5,2880.05,10
ITEM03363,ORD01802,PROD0154,5,3051.5,10
ITEM03364,ORD00981,PROD0254,5,5300.65,20
ITEM03365,ORD00669,PROD0290,2,3194.99,25
ITEM03366,ORD00582,PROD0097,4,7257.56,25
ITEM03367,ORD01975,PROD0344,5,490.02,25
ITEM03368,ORD01353,PROD0553,3,7442.89,15
ITEM03369,ORD02245,PROD0497,5,6971.7,0
ITEM03370,ORD00830,PROD0007,2,6341.24,10
ITEM03371,ORD00838,PROD0162,4,1553.34,15
ITEM03372,ORD01762,PROD0574,2,2152.11,0
ITEM03373,ORD02614,PROD0380,1,1442.16,5
ITEM03374,ORD02122,PROD0380,3,3497.78,5
ITEM03375,ORD00019,PROD0558,4,6572.75,0
ITEM03376,ORD02193,PROD0578,4,1131.73,25
ITEM03377,ORD00033,PROD0468,2,4511.22,25
ITEM03378,ORD00684,PROD0496,4,3832.77,25
ITEM03379,ORD00475,PROD0124,5,2446.04,10
ITEM03380,ORD00526,PROD0493,5,7384.1,5
ITEM03381,ORD00005,PROD0063,1,3624.3,0
ITEM03382,ORD00600,PROD0075,1,6644.15,25
ITEM03383,ORD01142,PROD0145,2,2467.35,10
ITEM03384,ORD02003,PROD0222,1,2888.07,25
ITEM03385,ORD01981,PROD0458,4,887.39,20
ITEM03386,ORD02916,PROD0438,1,5471.17,20
ITEM03387,ORD02585,PROD0487,1,3103.16,25
ITEM03388,ORD02499,PROD0445,3,6209.26,15
ITEM03389,ORD01865,PROD0417,3,469.43,20
ITEM03390,ORD02964,PROD0387,5,6859.35,5
ITEM03391,ORD01178,PROD0273,1,287.1,25
ITEM03392,ORD01502,PROD0156,2,7498.93,10
ITEM03393,ORD00567,PROD0389,3,1690.77,15
ITEM03394,ORD02557,PROD0206,2,1148.4,0
ITEM03395,ORD02374,PROD0078,3,2064.44,20
ITEM03396,ORD02882,PROD0014,4,316.82,25
ITEM03397,ORD01166,PROD0490,2,3457.47,0
ITEM03399,ORD00153,PROD0099,1,693.56,25
ITEM03400,ORD00621,PROD0430,1,391.23,0
ITEM03401,ORD00552,PROD0411,3,4550.12,25
ITEM03402,ORD00856,PROD0268,4,7291.42,20
ITEM03403,ORD01867,PROD0570,2,1882.16,10
ITEM03404,ORD02080,PROD0513,2,2961.53,0
ITEM03405,ORD02459,PROD0192,1,2376.95,15
ITEM03406,ORD01934,PROD0584,1,6572.89,15
ITEM03407,ORD00994,PROD0518,4,7881.87,15
ITEM03408,ORD01162,PROD0246,2,330.12,5
ITEM03411,ORD01272,PROD0403,5,2764.62,20
ITEM03412,ORD00682,PROD0511,2,2427.27,0
ITEM03413,ORD00141,PROD0145,1,4436.92,25
ITEM03414,ORD00204,PROD0089,3,5382.34,15
ITEM03415,ORD00072,PROD0328,1,4775.44,20
ITEM03417,ORD00470,PROD0411,2,5877.62,25
ITEM03418,ORD02852,PROD0203,2,2664.11,15
ITEM03419,ORD02685,PROD0223,4,4846.44,5
ITEM03420,ORD00053,PROD0092,1,596.39,0
ITEM03421,ORD02414,PROD0054,5,6592.93,20
ITEM03422,ORD00962,PROD0068,5,3630.43,0
ITEM03423,ORD02979,PROD0004,3,6850.82,20
ITEM03424,ORD00184,PROD0178,5,5203.02,5
ITEM03425,ORD01376,PROD0286,1,2780.56,20
ITEM03426,ORD00737,PROD0052,5,5955.82,0
ITEM03427,ORD01076,PROD0226,4,3424.7,0
ITEM03428,ORD00994,PROD0428,4,1487.59,25
ITEM03429,ORD00102,PROD0525,1,1251.59,5
ITEM03430,ORD02763,PROD0440,5,674.22,20
ITEM03431,ORD01242,PROD0470,3,6187.46,0
ITEM03433,ORD00149,PROD0358,5,7582.99,25
ITEM03434,ORD01002,PROD0009,5,3546.31,5
ITEM03436,ORD00388,PROD0572,5,7901.37,25
ITEM03438,ORD01672,PROD0365,1,6096.12,0
ITEM03439,ORD01662,PROD0498,4,3909.65,0
ITEM03440,ORD02086,PROD0508,4,3275.31,5
ITEM03441,ORD02696,PROD0544,5,6512.36,5
ITEM03442,ORD01676,PROD0242,4,4426.26,25
ITEM03443,ORD02732,PROD0367,1,839.09,25
ITEM03444,ORD01625,PROD0166,4,7405.9,5
ITEM03445,ORD02426,PROD0163,2,3487.15,15
ITEM03446,ORD01819,PROD0528,5,237.87,25
ITEM03447,ORD02818,PROD0200,4,5202.11,0
ITEM03448,ORD01619,PROD0333,2,1620.0,25
ITEM03449,ORD02467,PROD0551,5,155.3,10
ITEM03451,ORD02194,PROD0109,2,2689.15,20
ITEM03452,ORD01953,PROD0492,4,1345.51,10
ITEM03453,ORD02471,PROD0508,4,2476.63,20
ITEM03454,ORD00770,PROD0571,3,7682.8,20
ITEM03455,ORD00101,PROD0325,1,7405.58,25
ITEM03457,ORD01351,PROD0495,5,4724.29,20
ITEM03458,ORD00287,PROD0143,5,7664.54,10
ITEM03459,ORD01624,PROD0360,1,4344.91,15
ITEM03460,ORD00329,PROD0117,3,4275.82,0
ITEM03461,ORD00230,PROD0370,1,184.25,20
ITEM03462,ORD00753,PROD0269,3,4815.77,25
ITEM03463,ORD00742,PROD0536,4,4555.25,15
ITEM03464,ORD01432,PROD0475,1,5067.71,25
ITEM03466,ORD00417,PROD0154,3,5123.92,0
ITEM03467,ORD02637,PROD0520,4,6709.56,0
ITEM03468,ORD02021,PROD0282,2,4637.22,0
ITEM03469,ORD01645,PROD0353,2,7964.39,5
ITEM03470,ORD00931,PROD0194,4,4897.12,0
ITEM03471,ORD02597,PROD0575,1,3167.87,0
ITEM03472,ORD00056,PROD0511,2,305.53,5
ITEM03473,ORD01072,PROD0177,4,5261.98,15
ITEM03474,ORD00569,PROD0266,5,3692.17,5
ITEM03475,ORD01924,PROD0296,1,5623.7,10
ITEM03476,ORD02027,PROD0095,3,2544.84,25
ITEM03477,ORD02448,PROD0377,4,5474.57,15
ITEM03478,ORD01048,PROD0051,4,4410.59,15
ITEM03479,ORD00854,PROD0371,3,2137.24,10
ITEM03480,ORD00897,PROD0261,3,5837.75,10
ITEM03481,ORD01560,PROD0440,5,7805.19,25
ITEM03482,ORD01716,PROD0363,5,1709.22,25
ITEM03483,ORD01097,PROD0519,2,6324.41,20
ITEM03484,ORD00937,PROD0362,5,7565.89,25
ITEM03485,ORD00656,PROD0427,4,1844.3,15
ITEM03487,ORD02716,PROD0472,4,3014.61,15
ITEM03488,ORD00019,PROD0521,5,2432.21,5
ITEM03489,ORD02665,PROD0419,5,4552.69,25
ITEM03491,ORD01764,PROD0346,5,398.64,0
ITEM03493,ORD02953,PROD0033,5,1522.72,10
ITEM03494,ORD01643,PROD0475,2,5902.61,0
ITEM03495,ORD00210,PROD0469,2,2350.86,20
ITEM03496,ORD00804,PROD0581,1,5621.0,15
ITEM03497,ORD00931,PROD0502,2,6779.61,20
ITEM03498,ORD01290,PROD0277,3,5385.59,25
ITEM03499,ORD00020,PROD0248,5,7414.2,0
ITEM03500,ORD01728,PROD0142,3,4538.89,10
ITEM03501,ORD00451,PROD0363,1,5461.18,25
ITEM03502,ORD02856,PROD0005,3,7940.79,0
ITEM03503,ORD02695,PROD0190,5,889.57,5
ITEM03504,ORD01407,PROD0233,1,1243.26,15
ITEM03505,ORD02444,PROD0272,2,6621.26,15
ITEM03506,ORD02542,PROD0339,2,767.55,25
ITEM03507,ORD02970,PROD0103,1,1266.55,25
ITEM03508,ORD01445,PROD0590,1,2306.95,5
ITEM03509,ORD01643,PROD0367,2,7096.62,10
ITEM03510,ORD00611,PROD0565,4,6747.87,15
ITEM03511,ORD00751,PROD0353,1,5581.42,20
ITEM03512,ORD01489,PROD0508,2,4298.96,20
ITEM03513,ORD02929,PROD0359,3,2446.56,0
ITEM03514,ORD01064,PROD0442,1,6415.76,25
ITEM03515,ORD00332,PROD0599,2,2694.8,0
ITEM03516,ORD01953,PROD0312,3,6656.06,10
ITEM03518,ORD00556,PROD0486,2,4418.96,0
ITEM03519,ORD01703,PROD0467,2,2092.49,10
ITEM03520,ORD01579,PROD0098,2,6789.97,25
ITEM03521,ORD01301,PROD0488,3,7712.08,25
ITEM03522,ORD02957,PROD0171,4,2170.03,0
ITEM03523,ORD00712,PROD0435,1,4182.51,20
ITEM03524,ORD00486,PROD0524,4,3229.2,0
ITEM03525,ORD02414,PROD0061,4,4632.51,0
ITEM03526,ORD02472,PROD0442,2,308.39,5
ITEM03528,ORD00243,PROD0319,3,405.02,10
ITEM03529,ORD02954,PROD0553,2,7353.83,5
ITEM03530,ORD02774,PROD0429,4,1936.38,0
ITEM03531,ORD00710,PROD0221,3,6285.91,20
ITEM03532,ORD02278,PROD0544,1,2572.33,10
ITEM03533,ORD00371,PROD0299,2,598.9,10
ITEM03534,ORD02490,PROD0249,4,2487.57,0
ITEM03536,ORD00973,PROD0110,2,2154.51,15
ITEM03537,ORD01482,PROD0380,4,3121.98,5
ITEM03540,ORD00349,PROD0534,2,5228.14,5
ITEM03541,ORD01786,PROD0382,2,7335.51,0
ITEM03542,ORD00157,PROD0161,5,3947.9,0
ITEM03543,ORD02778,PROD0110,3,274.03,5
ITEM03544,ORD02799,PROD0599,1,7597.48,15
ITEM03545,ORD02478,PROD0130,4,7240.51,10
ITEM03546,ORD00264,PROD0463,2,6879.28,20
ITEM03547,ORD00457,PROD0438,2,5529.67,0
ITEM03549,ORD00638,PROD0161,1,4810.58,5
ITEM03550,ORD01627,PROD0581,1,6326.74,15
ITEM03551,ORD00893,PROD0472,4,6257.41,0
ITEM03552,ORD00111,PROD0368,2,4584.31,25
ITEM03553,ORD01849,PROD0500,1,3620.26,10
ITEM03554,ORD01419,PROD0083,3,6927.6,0
ITEM03555,ORD01042,PROD0281,3,551.28,5
ITEM03556,ORD00025,PROD0135,4,5977.85,20
ITEM03557,ORD01000,PROD0574,4,4506.37,0
ITEM03558,ORD00873,PROD0318,3,7061.91,5
ITEM03559,ORD02435,PROD0324,5,3288.16,15
ITEM03560,ORD00194,PROD0244,1,2286.77,20
ITEM03561,ORD02945,PROD0211,3,3353.48,25
ITEM03562,ORD01882,PROD0357,3,5059.65,20
ITEM03563,ORD02913,PROD0150,2,6342.14,20
ITEM03564,ORD02069,PROD0099,1,742.81,5
ITEM03565,ORD02251,PROD0136,4,1504.31,0
ITEM03566,ORD01285,PROD0103,2,2069.85,15
ITEM03567,ORD00247,PROD0103,5,2587.46,5
ITEM03569,ORD00693,PROD0371,2,1514.43,20
ITEM03570,ORD00807,PROD0079,4,4255.33,25
ITEM03571,ORD02610,PROD0421,2,3410.39,0
ITEM03572,ORD00974,PROD0551,5,5462.38,25
ITEM03573,ORD00353,PROD0491,2,5945.49,20
ITEM03574,ORD00052,PROD0478,5,4801.21,10
ITEM03575,ORD02655,PROD0498,4,3934.82,0
ITEM03576,ORD00176,PROD0024,3,1165.8,10
ITEM03577,ORD02863,PROD0103,1,7737.21,0
ITEM03578,ORD01871,PROD0117,4,2045.34,20
ITEM03579,ORD01496,PROD0029,5,6727.91,10
ITEM03580,ORD00427,PROD0185,2,3751.41,20
ITEM03581,ORD01521,PROD0083,1,7074.9,20
ITEM03582,ORD00330,PROD0272,3,2990.19,10
ITEM03583,ORD01722,PROD0484,2,4992.16,10
ITEM03584,ORD01387,PROD0399,1,4860.31,15
ITEM03586,ORD02804,PROD0120,5,4078.74,5
ITEM03587,ORD01744,PROD0247,5,2931.85,0
ITEM03588,ORD00551,PROD0412,4,7400.78,15
ITEM03589,ORD02228,PROD0225,1,3072.2,15
ITEM03590,ORD00850,PROD0470,1,1685.44,20
ITEM03591,ORD01958,PROD0294,1,1452.11,5
ITEM03592,ORD00891,PROD0296,4,7697.11,10
ITEM03593,ORD01218,PROD0401,4,1530.88,15
ITEM03594,ORD00839,PROD0224,1,2480.33,25
ITEM03595,ORD00453,PROD0074,4,3416.35,0
ITEM03596,ORD02803,PROD0306,2,5065.74,0
ITEM03597,ORD01535,PROD0191,3,4164.17,0
ITEM03598,ORD02462,PROD0407,5,5936.41,5
ITEM03599,ORD01703,PROD0269,4,363.62,10
ITEM03600,ORD01591,PROD0321,4,4378.39,20
ITEM03601,ORD01588,PROD0523,4,7426.74,5
ITEM03602,ORD01546,PROD0565,5,6268.37,5
ITEM03603,ORD00013,PROD0029,3,4399.08,15
ITEM03604,ORD02798,PROD0234,4,5872.15,25
ITEM03605,ORD00323,PROD0353,5,7807.91,25
ITEM03606,ORD00594,PROD0117,2,3938.05,0
ITEM03607,ORD01571,PROD0338,5,1900.98,0
ITEM03608,ORD00179,PROD0271,1,3110.39,25
ITEM03609,ORD00595,PROD0593,1,793.35,15
ITEM03610,ORD00698,PROD0132,5,1381.49,15
ITEM03611,ORD00509,PROD0532,2,310.31,20
ITEM03612,ORD00468,PROD0458,5,6215.51,15
ITEM03613,ORD02671,PROD0055,4,2777.13,15
ITEM03614,ORD02154,PROD0534,3,6686.15,15
ITEM03615,ORD01167,PROD0596,5,3673.05,20
ITEM03616,ORD00233,PROD0324,2,7449.39,5
ITEM03617,ORD00437,PROD0503,1,1016.47,20
ITEM03618,ORD01677,PROD0344,4,2944.18,25
ITEM03619,ORD00389,PROD0567,5,4346.12,0
ITEM03620,ORD00039,PROD0444,1,4016.25,25
ITEM03621,ORD02805,PROD0321,4,6913.33,0
ITEM03622,ORD01671,PROD0205,1,1470.08,15
ITEM03623,ORD01502,PROD0361,4,6571.11,25
ITEM03624,ORD01698,PROD0106,4,4833.97,20
ITEM03625,ORD01682,PROD0224,4,7323.77,20
ITEM03626,ORD00291,PROD0091,5,6737.56,5
ITEM03627,ORD02153,PROD0595,5,570.38,20
ITEM03628,ORD00683,PROD0049,1,6144.34,25
ITEM03629,ORD00054,PROD0512,1,3494.24,15
ITEM03630,ORD01426,PROD0194,2,1052.12,150
ITEM03631,ORD02831,PROD0200,4,7379.25,5
ITEM03632,ORD00315,PROD0482,5,6908.72,10
ITEM03633,ORD01097,PROD0593,1,6071.36,0
ITEM03634,ORD01272,PROD0058,2,3888.34,5
ITEM03635,ORD02464,PROD0366,3,3066.84,10
ITEM03636,ORD02063,PROD0231,3,5604.53,5
ITEM03637,ORD02786,PROD0562,1,1352.22,10
ITEM03638,ORD00893,PROD0158,2,7299.59,10
ITEM03639,ORD00434,PROD0449,3,697.46,20
ITEM03640,ORD02870,PROD0189,3,4527.56,0
ITEM03641,ORD02578,PROD0261,4,6961.02,5
ITEM03642,ORD00436,PROD0187,2,3335.66,0
ITEM03643,ORD00498,PROD0556,4,1981.18,20
ITEM03644,ORD01070,PROD0367,3,916.69,5
ITEM03645,ORD02963,PROD0569,3,2648.96,0
ITEM03646,ORD01286,PROD0399,2,6241.45,20
ITEM03647,ORD00993,PROD0009,4,4842.85,20
ITEM03648,ORD02710,PROD0346,5,512.21,20
ITEM03649,ORD01756,PROD0314,3,7073.14,20
ITEM03650,ORD02206,PROD0476,2,5092.66,25
ITEM03651,ORD00132,PROD0576,5,4902.01,5
ITEM03652,ORD02878,PROD0111,4,3945.12,5
ITEM03655,ORD00787,PROD0440,4,375.95,25
ITEM03656,ORD00558,PROD0124,4,5306.37,25
ITEM03659,ORD02152,PROD0236,1,3382.59,5
ITEM03660,ORD00758,PROD0241,4,2604.47,0
ITEM03661,ORD00386,PROD0558,1,5243.19,10
ITEM03662,ORD01189,PROD0275,2,2477.77,20
ITEM03663,ORD01109,PROD0160,1,1385.13,10
ITEM03664,ORD01003,PROD0377,1,5627.0,10
ITEM03665,ORD01800,PROD0422,3,5657.18,0
ITEM03666,ORD00484,PROD0528,4,5310.35,10
ITEM03668,ORD01168,PROD0106,3,4035.69,5
ITEM03669,ORD02544,PROD0553,5,5697.45,5
ITEM03670,ORD01915,PROD0040,3,2591.71,25
ITEM03671,ORD00550,PROD0308,3,7922.43,25
ITEM03672,ORD02595,PROD0058,5,7287.99,5
ITEM03674,ORD01304,PROD0393,3,4989.55,5
ITEM03675,ORD02368,PROD0180,1,5128.26,5
ITEM03676,ORD00991,PROD0492,4,5732.33,15
ITEM03677,ORD02389,PROD0434,5,1510.16,5
ITEM03678,ORD02335,PROD0356,2,1968.95,15
ITEM03679,ORD00383,PROD0583,3,878.99,0
ITEM03680,ORD02561,PROD0555,2,4929.31,0
ITEM03681,ORD02545,PROD0237,3,1145.51,25
ITEM03682,ORD02585,PROD0153,3,167.27,15
ITEM03683,ORD02759,PROD0182,5,5995.74,10
ITEM03684,ORD01680,PROD0196,2,6476.73,25
ITEM03685,ORD02120,PROD0552,5,1956.07,5
ITEM03686,ORD01055,PROD0214,4,3061.78,150
ITEM03687,ORD02158,PROD0391,4,7234.86,10
ITEM03688,ORD02997,PROD0039,5,3562.06,10
ITEM03689,ORD01180,PROD0180,3,2105.35,20
ITEM03690,ORD00724,PROD0393,5,7566.01,20
ITEM03691,ORD01351,PROD0352,1,3680.67,5
ITEM03692,ORD01393,PROD0023,5,6916.46,5
ITEM03693,ORD02292,PROD0536,5,7911.27,20
ITEM03694,ORD01115,PROD0492,1,2102.6,15
ITEM03696,ORD02462,PROD0099,4,3328.13,0
ITEM03697,ORD01060,PROD0469,1,6450.16,20
ITEM03698,ORD00825,PROD0005,1,6131.87,20
ITEM03699,ORD01394,PROD0281,2,4471.26,15
ITEM03700,ORD00870,PROD0282,3,5955.64,20
ITEM03702,ORD01761,PROD0461,5,4380.32,20
ITEM03703,ORD01058,PROD0468,1,3357.38,0
ITEM03704,ORD01875,PROD0023,4,4736.3,0
ITEM03706,ORD02145,PROD0267,4,955.64,15
ITEM03707,ORD01968,PROD0368,4,3542.26,10
ITEM03708,ORD00001,PROD0347,1,4411.13,20
ITEM03709,ORD01731,PROD0021,1,3167.22,25
ITEM03710,ORD01199,PROD0268,5,7111.52,25
ITEM03711,ORD00741,PROD0210,3,5600.21,10
ITEM03712,ORD02502,PROD0446,5,4209.41,0
ITEM03713,ORD01140,PROD0332,1,5218.85,15
ITEM03714,ORD01674,PROD0591,2,3953.11,10
ITEM03715,ORD00187,PROD0139,3,7224.74,20
ITEM03716,ORD01781,PROD0074,4,6676.79,20
ITEM03717,ORD02408,PROD0172,3,6442.07,0
ITEM03718,ORD01232,PROD0035,2,2743.94,25
ITEM03719,ORD00986,PROD0552,3,6989.65,15
ITEM03720,ORD01753,PROD0177,4,7015.17,10
ITEM03721,ORD02107,PROD0074,4,6120.64,5
ITEM03722,ORD02119,PROD0295,5,2069.28,25
ITEM03724,ORD01324,PROD0525,3,1882.77,25
ITEM03725,ORD00347,PROD0023,1,6823.71,5
ITEM03726,ORD01800,PROD0563,5,3112.37,150
ITEM03727,ORD00345,PROD0214,1,6108.87,25
ITEM03728,ORD02064,PROD0378,2,7266.43,25
ITEM03729,ORD02006,PROD0471,3,4264.82,15
ITEM03730,ORD00200,PROD0222,4,2721.25,5
ITEM03731,ORD00212,PROD0199,4,1842.71,10
ITEM03732,ORD02786,PROD0289,2,5086.61,10
ITEM03733,ORD01651,PROD0521,5,3113.53,25
ITEM03734,ORD02944,PROD0251,2,973.87,0
ITEM03735,ORD02762,PROD0155,2,1895.45,15
ITEM03737,ORD00196,PROD0460,2,6729.86,15
ITEM03738,ORD01235,PROD0287,3,3768.73,15
ITEM03739,ORD00709,PROD0424,2,3196.77,15
ITEM03740,ORD01821,PROD0552,3,5618.47,20
ITEM03742,ORD01086,PROD0508,3,4964.21,25
ITEM03743,ORD01175,PROD0246,3,6738.59,25
ITEM03744,ORD01370,PROD0142,5,2930.01,5
ITEM03745,ORD01828,PROD0471,3,7043.69,0
ITEM03746,ORD00984,PROD0488,4,3805.99,20
ITEM03747,ORD01947,PROD0289,1,2231.34,5
ITEM03748,ORD00093,PROD0492,4,3817.88,0
ITEM03749,ORD01263,PROD0456,3,1717.81,0
ITEM03750,ORD00312,PROD0325,4,6167.27,25
ITEM03752,ORD02636,PROD0048,5,6831.18,25
ITEM03753,ORD00138,PROD0419,3,3277.66,25
ITEM03754,ORD02074,PROD0154,2,5997.19,25
ITEM03755,ORD01079,PROD0352,2,4273.87,10
ITEM03756,ORD02682,PROD0433,3,2081.11,5
ITEM03757,ORD00821,PROD0134,4,3524.22,0
ITEM03759,ORD02338,PROD0081,1,620.45,5
ITEM03760,ORD01261,PROD0599,3,6622.1,0
ITEM03761,ORD00323,PROD0514,5,4793.82,15
ITEM03763,ORD01304,PROD0515,2,6028.67,15
ITEM03764,ORD01134,PROD0412,4,750.53,25
ITEM03765,ORD01256,PROD0482,4,3486.64,0
ITEM03766,ORD02092,PROD0419,5,3971.86,0
ITEM03767,ORD01150,PROD0473,5,3381.13,25
ITEM03768,ORD02667,PROD0393,5,7100.69,25
ITEM03770,ORD01656,PROD0352,5,4751.41,0
ITEM03771,ORD02158,PROD0070,3,5788.88,25
ITEM03772,ORD00954,PROD0238,1,5880.46,20
ITEM03773,ORD02886,PROD0191,4,3469.08,10
ITEM03774,ORD00072,PROD0324,3,6729.68,25
ITEM03775,ORD00992,PROD0548,4,1521.67,5
ITEM03776,ORD00275,PROD0260,1,2933.24,5
ITEM03778,ORD01985,PROD0315,4,6960.78,5
ITEM03779,ORD02261,PROD0093,3,3712.2,25
ITEM03780,ORD02050,PROD0348,2,2200.03,10
ITEM03781,ORD01239,PROD0132,1,1625.62,20
ITEM03782,ORD01076,PROD0289,1,280.99,25
ITEM03783,ORD02754,PROD0171,2,6297.26,15
ITEM03785,ORD02794,PROD0417,4,2584.24,15
ITEM03786,ORD01963,PROD0310,1,1749.73,5
ITEM03787,ORD01502,PROD0079,5,5443.38,0
ITEM03788,ORD00579,PROD0364,5,3085.02,10
ITEM03789,ORD01714,PROD0326,5,6545.51,10
ITEM03790,ORD00861,PROD0540,5,3012.74,5
ITEM03791,ORD02842,PROD0122,4,4470.46,10
ITEM03792,ORD01408,PROD0060,5,4251.74,25
ITEM03793,ORD02775,PROD0078,2,7773.34,20
ITEM03794,ORD01537,PROD0339,3,6490.06,0
ITEM03795,ORD01544,PROD0472,3,6099.5,5
ITEM03796,ORD00882,PROD0551,2,7548.34,0
ITEM03797,ORD02407,PROD0226,3,4330.07,20
ITEM03799,ORD02183,PROD0067,3,6949.27,5
ITEM03800,ORD01062,PROD0131,5,7858.93,5
ITEM03801,ORD01277,PROD0161,1,5559.73,10
ITEM03802,ORD02353,PROD0475,2,7827.89,0
ITEM03803,ORD02407,PROD0105,2,647.02,10
ITEM03804,ORD00634,PROD0484,2,2467.26,0
ITEM03805,ORD01212,PROD0412,1,1693.64,0
ITEM03806,ORD01362,PROD0365,3,1686.85,0
ITEM03807,ORD00258,PROD0329,2,456.08,0
ITEM03808,ORD01259,PROD0304,1,3680.77,20
ITEM03809,ORD00361,PROD0103,1,4990.62,25
ITEM03810,ORD01669,PROD0370,5,4459.88,25
ITEM03811,ORD01282,PROD0328,4,3343.2,25
ITEM03813,ORD00491,PROD0572,2,4841.44,0
ITEM03814,ORD00580,PROD0417,5,6882.84,20
ITEM03815,ORD01094,PROD0350,2,582.35,10
ITEM03816,ORD02804,PROD0085,5,7351.28,0
ITEM03817,ORD00094,PROD0430,1,7354.09,25
ITEM03818,ORD01567,PROD0390,5,882.28,0
ITEM03819,ORD02877,PROD0540,2,1406.29,10
ITEM03820,ORD00549,PROD0127,4,4354.05,15
ITEM03821,ORD02063,PROD0129,2,5543.06,25
ITEM03822,ORD02045,PROD0365,4,1488.42,15
ITEM03823,ORD02533,PROD0583,4,7643.64,0
ITEM03824,ORD02168,PROD0199,3,4048.07,25
ITEM03825,ORD00354,PROD0004,1,2860.31,5
ITEM03826,ORD00570,PROD0361,4,1166.62,5
ITEM03827,ORD02258,PROD0467,1,5672.15,5
ITEM03828,ORD00598,PROD0032,1,7687.28,25
ITEM03830,ORD00528,PROD0261,2,4518.53,0
ITEM03831,ORD00593,PROD0359,1,2467.65,5
ITEM03832,ORD02938,PROD0046,3,5463.6,20
ITEM03833,ORD02632,PROD0024,2,7321.19,20
ITEM03834,ORD01637,PROD0017,4,494.75,20
ITEM03835,ORD00118,PROD0178,2,2207.86,15
ITEM03836,ORD01469,PROD0308,4,2218.4,15
ITEM03837,ORD02837,PROD0350,1,5786.43,0
ITEM03838,ORD01054,PROD0086,5,7780.61,20
ITEM03839,ORD02069,PROD0339,4,3228.32,25
ITEM03840,ORD01064,PROD0210,1,886.08,15
ITEM03841,ORD01349,PROD0363,4,6471.28,5
ITEM03842,ORD02109,PROD0573,4,4317.12,20
ITEM03843,ORD01814,PROD0391,3,3490.71,20
ITEM03844,ORD02554,PROD0244,1,1767.13,25
ITEM03845,ORD00215,PROD0427,2,7097.64,5
ITEM03847,ORD00793,PROD0570,4,221.6,10
ITEM03848,ORD01975,PROD0284,4,7235.02,0
ITEM03849,ORD02366,PROD0016,2,4145.18,5
ITEM03850,ORD01349,PROD0125,3,6876.18,20
ITEM03851,ORD02404,PROD0331,2,4546.94,25
ITEM03852,ORD02333,PROD0297,3,726.33,25
ITEM03854,ORD00196,PROD0371,2,2564.86,5
ITEM03855,ORD02298,PROD0246,5,2963.5,0
ITEM03856,ORD01675,PROD0486,2,5170.9,20
ITEM03858,ORD02022,PROD0009,5,2158.4,20
ITEM03859,ORD02118,PROD0414,5,6023.49,15
ITEM03860,ORD01359,PROD0390,2,4805.06,5
ITEM03861,ORD01506,PROD0548,2,7000.21,5
ITEM03862,ORD02153,PROD0169,5,7223.4,0
ITEM03863,ORD02159,PROD0224,2,2076.93,5
ITEM03864,ORD00171,PROD0448,5,4186.78,15
ITEM03865,ORD02193,PROD0306,4,3956.92,15
ITEM03866,ORD02618,PROD0508,5,295.01,15
ITEM03867,ORD01141,PROD0332,5,1867.67,10
ITEM03868,ORD01150,PROD0589,3,6672.96,15
ITEM03869,ORD01372,PROD0151,1,1963.75,25
ITEM03870,ORD00822,PROD0084,4,2680.66,10
ITEM03872,ORD02868,PROD0501,3,4368.98,15
ITEM03873,ORD01133,PROD0090,1,5690.17,10
ITEM03874,ORD02157,PROD0396,2,3514.06,10
ITEM03875,ORD00493,PROD0121,5,5007.73,15
ITEM03876,ORD01054,PROD0343,2,2255.53,15
ITEM03877,ORD01457,PROD0326,1,6174.9,25
ITEM03878,ORD01786,PROD0319,1,4949.31,15
ITEM03880,ORD00205,PROD0580,2,2905.05,20
ITEM03881,ORD00753,PROD0063,1,3258.62,5
ITEM03882,ORD00155,PROD0088,3,4668.52,25
ITEM03883,ORD02619,PROD0159,2,7387.42,5
ITEM03884,ORD00518,PROD0537,3,6110.7,25
ITEM03885,ORD00881,PROD0313,5,1464.03,15
ITEM03886,ORD01681,PROD0567,1,4606.65,20
ITEM03887,ORD01041,PROD0447,1,7646.1,25
ITEM03888,ORD02074,PROD0035,3,213.64,5
ITEM03889,ORD00806,PROD0308,5,189.31,10
ITEM03890,ORD00898,PROD0450,2,3091.61,20
ITEM03891,ORD01635,PROD0410,4,968.97,10
ITEM03892,ORD01337,PROD0268,3,3422.11,0
ITEM03894,ORD00168,PROD0448,4,6867.97,25
ITEM03895,ORD01651,PROD0142,4,1217.86,25
ITEM03896,ORD01363,PROD0212,4,7412.65,10
ITEM03897,ORD02557,PROD0588,1,990.62,25
ITEM03898,ORD00628,PROD0544,3,3358.83,25
ITEM03899,ORD02567,PROD0158,5,3010.78,0
ITEM03900,ORD00700,PROD0088,3,7763.32,25
ITEM03901,ORD02659,PROD0223,5,2080.32,0
ITEM03902,ORD02759,PROD0510,4,2820.45,10
ITEM03903,ORD02249,PROD0143,1,7326.36,15
ITEM03905,ORD01519,PROD0408,4,5184.58,10
ITEM03906,ORD01182,PROD0405,1,3649.62,20
ITEM03907,ORD00092,PROD0493,3,795.16,20
ITEM03908,ORD02855,PROD0584,1,4916.13,0
ITEM03910,ORD02346,PROD0284,3,903.42,10
ITEM03911,ORD02475,PROD0170,3,1767.17,0
ITEM03912,ORD01760,PROD0283,5,4400.76,20
ITEM03914,ORD02716,PROD0585,4,2286.09,15
ITEM03915,ORD01780,PROD0359,4,6274.04,20
ITEM03916,ORD00151,PROD0493,1,2988.91,10
ITEM03917,ORD02971,PROD0270,2,5163.38,10
ITEM03918,ORD00912,PROD0443,5,3845.39,150
ITEM03922,ORD00988,PROD0306,1,2864.33,10
ITEM03923,ORD02432,PROD0475,4,1131.17,0
ITEM03924,ORD02720,PROD0049,1,1116.09,10
ITEM03925,ORD02636,PROD0259,4,3720.61,5
ITEM03926,ORD01179,PROD0270,2,5356.22,25
ITEM03927,ORD01075,PROD0550,4,1197.91,10
ITEM03928,ORD01497,PROD0480,5,2793.62,10
ITEM03929,ORD00426,PROD0229,3,2272.35,25
ITEM03933,ORD01503,PROD0382,3,4488.6,25
ITEM03934,ORD02385,PROD0353,4,6012.67,10
ITEM03935,ORD01999,PROD0371,5,917.11,15
ITEM03936,ORD01649,PROD0046,2,6331.21,20
ITEM03937,ORD01076,PROD0121,2,3372.78,5
ITEM03938,ORD00875,PROD0310,4,164.77,0
ITEM03939,ORD01905,PROD0105,3,3293.51,20
ITEM03940,ORD01822,PROD0099,3,5876.84,15
ITEM03942,ORD02278,PROD0358,3,4639.46,0
ITEM03943,ORD02123,PROD0222,4,7519.82,10
ITEM03944,ORD02925,PROD0413,1,1112.89,0
ITEM03945,ORD00783,PROD0398,1,301.47,15
ITEM03946,ORD01426,PROD0032,1,6100.13,15
ITEM03947,ORD00145,PROD0393,4,4646.31,25
ITEM03948,ORD01105,PROD0589,1,3987.72,15
ITEM03949,ORD02871,PROD0183,5,2603.92,25
ITEM03950,ORD00401,PROD0408,2,1012.26,10
ITEM03951,ORD02369,PROD0243,5,6199.61,20
ITEM03952,ORD01738,PROD0456,4,5463.32,10
ITEM03953,ORD00811,PROD0439,4,7998.88,10
ITEM03954,ORD02760,PROD0365,5,4815.62,0
ITEM03955,ORD02004,PROD0060,4,1155.48,20
ITEM03956,ORD02206,PROD0220,3,6265.86,5
ITEM03957,ORD00945,PROD0354,1,6063.26,20
ITEM03958,ORD00030,PROD0077,3,1638.06,20
ITEM03959,ORD01918,PROD0318,2,4016.12,10
ITEM03960,ORD02517,PROD0233,4,3330.73,25
ITEM03961,ORD00922,PROD0322,4,5741.3,25
ITEM03962,ORD02326,PROD0424,4,6183.71,0
ITEM03963,ORD02845,PROD0275,5,7711.63,5
ITEM03964,ORD02882,PROD0012,1,7326.26,25
ITEM03965,ORD02953,PROD0234,3,6227.31,15
ITEM03966,ORD01495,PROD0575,2,3210.18,0
ITEM03967,ORD02104,PROD0179,3,1574.58,25
ITEM03969,ORD02899,PROD0070,2,7107.89,20
ITEM03970,ORD01599,PROD0440,5,963.94,5
ITEM03971,ORD02754,PROD0132,2,6404.6,5
ITEM03972,ORD00310,PROD0271,2,2679.83,5
ITEM03973,ORD01547,PROD0085,1,4746.81,25
ITEM03974,ORD02239,PROD0582,2,6766.78,20
ITEM03975,ORD01254,PROD0404,3,3694.31,10
ITEM03976,ORD02578,PROD0280,4,7330.5,25
ITEM03977,ORD00880,PROD0186,3,5538.56,10
ITEM03978,ORD01148,PROD0294,1,1008.6,0
ITEM03979,ORD02817,PROD0546,3,819.83,15
ITEM03980,ORD01844,PROD0193,5,7736.01,25
ITEM03981,ORD01385,PROD0148,1,1767.71,25
ITEM03982,ORD02636,PROD0553,1,5566.63,5
ITEM03983,ORD01821,PROD0440,5,2512.13,0
ITEM03984,ORD02200,PROD0287,4,7521.93,10
ITEM03985,ORD01565,PROD0138,2,369.03,0
ITEM03986,ORD01070,PROD0535,2,1706.86,10
ITEM03987,ORD01094,PROD0062,1,1023.64,15
ITEM03988,ORD00693,PROD0555,2,7304.63,0
ITEM03989,ORD00802,PROD0002,5,3931.21,15
ITEM03990,ORD01193,PROD0480,4,512.75,20
ITEM03991,ORD00044,PROD0432,4,3568.6,20
ITEM03992,ORD00972,PROD0477,4,1283.39,20
ITEM03994,ORD02823,PROD0068,4,1606.5,0
ITEM03995,ORD02044,PROD0151,1,2363.22,20
ITEM03996,ORD02115,PROD0405,5,537.21,10
ITEM03997,ORD00422,PROD0514,4,6539.29,5
ITEM03998,ORD00184,PROD0232,2,3188.91,10
ITEM04000,ORD01914,PROD0306,1,4772.26,0
ITEM04001,ORD01644,PROD0038,3,5785.7,25
ITEM04002,ORD00945,PROD0021,4,6309.33,10
ITEM04003,ORD02332,PROD0034,5,5796.65,15
ITEM04005,ORD02712,PROD0118,5,3687.43,0
ITEM04006,ORD00506,PROD0566,1,5938.53,10
ITEM04007,ORD02289,PROD0588,1,1624.45,20
ITEM04008,ORD00583,PROD0594,4,3796.69,0
ITEM04009,ORD01894,PROD0284,2,1075.25,10
ITEM04010,ORD01011,PROD0069,5,2104.4,15
ITEM04011,ORD02985,PROD0142,3,7627.91,15
ITEM04012,ORD00015,PROD0144,2,1037.69,20
ITEM04013,ORD00103,PROD0564,5,3725.64,10
ITEM04014,ORD02107,PROD0011,2,6938.99,20
ITEM04015,ORD00950,PROD0204,3,4430.11,20
ITEM04016,ORD01221,PROD0197,5,5164.41,0
ITEM04017,ORD01673,PROD0371,4,2028.61,10
ITEM04019,ORD01546,PROD0588,2,6206.18,25
ITEM04020,ORD01414,PROD0126,1,7027.24,25
ITEM04021,ORD00334,PROD0312,1,7272.67,0
ITEM04022,ORD00617,PROD0557,2,1636.78,20
ITEM04023,ORD01354,PROD0377,5,7619.37,20
ITEM04024,ORD02894,PROD0494,5,4688.78,5
ITEM04025,ORD01389,PROD0465,1,4018.34,15
ITEM04027,ORD01683,PROD0513,4,7274.3,20
ITEM04028,ORD01243,PROD0076,2,2141.15,25
ITEM04029,ORD01565,PROD0005,3,881.8,15
ITEM04031,ORD02275,PROD0329,2,2026.68,15
ITEM04032,ORD02289,PROD0266,1,6085.03,15
ITEM04033,ORD01654,PROD0469,4,6945.5,15
ITEM04034,ORD00249,PROD0010,4,2346.55,10
ITEM04035,ORD01330,PROD0466,2,6765.65,25
ITEM04036,ORD01936,PROD0243,1,1937.03,5
ITEM04037,ORD01083,PROD0595,4,6025.07,25
ITEM04038,ORD02971,PROD0463,3,7312.41,15
ITEM04039,ORD01082,PROD0349,1,6268.93,10
ITEM04041,ORD01244,PROD0450,2,6773.02,20
ITEM04042,ORD00380,PROD0353,4,303.34,10
ITEM04043,ORD01186,PROD0167,4,554.0,20
ITEM04044,ORD02391,PROD0369,5,5787.23,10
ITEM04045,ORD01956,PROD0424,1,975.71,0
ITEM04046,ORD01983,PROD0590,4,3228.81,15
ITEM04047,ORD01483,PROD0297,3,3433.87,15
ITEM04048,ORD00614,PROD0525,5,6353.45,5
ITEM04049,ORD00682,PROD0397,5,1799.19,20
ITEM04050,ORD01384,PROD0275,1,6101.96,20
ITEM04051,ORD00043,PROD0520,3,7659.61,15
ITEM04052,ORD02165,PROD0358,4,239.55,15
ITEM04053,ORD01553,PROD0187,4,681.28,20
ITEM04054,ORD00542,PROD0420,5,3889.41,20
ITEM04055,ORD01814,PROD0452,4,3596.41,10
ITEM04056,ORD01919,PROD0042,2,4620.6,15
ITEM04057,ORD00592,PROD0386,2,4051.47,20
ITEM04058,ORD00753,PROD0455,1,5410.13,0
ITEM04059,ORD00226,PROD0449,2,7908.59,0
ITEM04060,ORD00533,PROD0568,5,3442.63,5
ITEM04062,ORD00688,PROD0295,2,1437.11,5
ITEM04063,ORD02804,PROD0248,1,6334.18,5
ITEM04064,ORD02527,PROD0236,3,2347.4,0
ITEM04065,ORD01644,PROD0029,4,4593.09,10
ITEM04066,ORD02899,PROD0233,1,3280.79,10
ITEM04068,ORD01605,PROD0331,2,4850.47,0
ITEM04069,ORD00560,PROD0518,3,2053.15,25
ITEM04070,ORD00199,PROD0034,4,6912.66,10
ITEM04071,ORD01040,PROD0544,5,2790.2,20
ITEM04072,ORD01962,PROD0349,2,987.08,20
ITEM04073,ORD02588,PROD0533,1,2159.01,10
ITEM04074,ORD01434,PROD0319,2,4305.85,0
ITEM04075,ORD01328,PROD0254,4,3370.05,10
ITEM04076,ORD00541,PROD0374,3,6435.61,15
ITEM04077,ORD02283,PROD0435,5,4310.77,15
ITEM04078,ORD02230,PROD0407,1,5478.07,0
ITEM04079,ORD00937,PROD0134,2,1110.39,0
ITEM04080,ORD01969,PROD0036,1,5028.24,25
ITEM04081,ORD01336,PROD0574,4,7721.0,5
ITEM04082,ORD02425,PROD0591,2,4388.57,15
ITEM04083,ORD02318,PROD0538,4,1401.91,20
ITEM04084,ORD02036,PROD0208,1,2125.05,5
ITEM04085,ORD01269,PROD0582,3,6408.05,5
ITEM04086,ORD02361,PROD0116,4,7338.35,20
ITEM04087,ORD01607,PROD0318,3,1051.61,0
ITEM04088,ORD00961,PROD0200,2,4403.93,20
ITEM04089,ORD00028,PROD0483,1,302.18,0
ITEM04090,ORD02874,PROD0043,2,4287.51,10
ITEM04091,ORD01387,PROD0082,2,7521.12,5
ITEM04092,ORD02790,PROD0164,1,795.81,15
ITEM04093,ORD01479,PROD0305,3,7584.86,0
ITEM04094,ORD01632,PROD0283,5,4061.57,5
ITEM04095,ORD02698,PROD0070,1,6967.28,10
ITEM04096,ORD01663,PROD0426,2,7014.4,10
ITEM04098,ORD02790,PROD0585,4,2134.97,5
ITEM04099,ORD00209,PROD0236,4,584.91,20
ITEM04100,ORD01400,PROD0300,5,7466.23,5
ITEM04101,ORD00827,PROD0014,5,7745.62,20
ITEM04102,ORD02022,PROD0146,2,5557.04,5
ITEM04103,ORD01630,PROD0548,1,3496.02,0
ITEM04104,ORD01064,PROD0344,4,7825.91,5
ITEM04105,ORD00939,PROD0138,4,3960.6,10
ITEM04106,ORD02719,PROD0545,3,4076.32,0
ITEM04107,ORD02544,PROD0472,1,900.88,0
ITEM04109,ORD01980,PROD0136,1,4996.79,10
ITEM04110,ORD00302,PROD0586,2,512.83,20
ITEM04111,ORD00634,PROD0563,3,1141.67,5
ITEM04113,ORD01101,PROD0590,2,6068.51,20
ITEM04114,ORD01395,PROD0518,2,4808.11,0
ITEM04115,ORD01408,PROD0549,3,7328.71,0
ITEM04116,ORD00317,PROD0440,2,6446.27,25
ITEM04117,ORD01818,PROD0086,3,4872.1,0
ITEM04118,ORD01912,PROD0343,4,2526.23,0
ITEM04120,ORD00976,PROD0597,4,1393.84,5
ITEM04121,ORD01417,PROD0082,5,7416.56,5
ITEM04123,ORD01925,PROD0461,2,6113.84,25
ITEM04124,ORD01779,PROD0473,4,1499.03,10
ITEM04125,ORD01217,PROD0196,3,1700.79,10
ITEM04126,ORD01247,PROD0474,5,4038.95,20
ITEM04127,ORD01542,PROD0371,4,1015.99,15
ITEM04128,ORD02913,PROD0315,2,7170.47,25
ITEM04129,ORD02653,PROD0045,2,4965.06,20
ITEM04130,ORD00193,PROD0232,3,7435.55,25
ITEM04131,ORD00077,PROD0304,2,2450.14,20
ITEM04132,ORD01716,PROD0052,1,5809.81,20
ITEM04133,ORD01176,PROD0010,5,666.65,25
ITEM04134,ORD01452,PROD0495,2,3901.38,5
ITEM04135,ORD01180,PROD0172,4,3148.25,25
ITEM04136,ORD00567,PROD0129,3,2204.34,5
ITEM04137,ORD00136,PROD0227,4,6287.84,5
ITEM04138,ORD00218,PROD0087,3,7395.18,25
ITEM04139,ORD00241,PROD0103,3,1314.22,5
ITEM04140,ORD00446,PROD0117,4,1597.12,5
ITEM04141,ORD01623,PROD0319,1,2180.2,10
ITEM04142,ORD01725,PROD0586,1,7048.6,25
ITEM04145,ORD01118,PROD0460,3,1434.13,20
ITEM04146,ORD02207,PROD0249,3,4989.19,25
ITEM04147,ORD01702,PROD0493,4,6408.42,0
ITEM04148,ORD01446,PROD0256,5,306.05,5
ITEM04149,ORD00681,PROD0442,2,5972.77,15
ITEM04150,ORD02985,PROD0242,4,2696.91,0
ITEM04151,ORD02948,PROD0208,2,4900.14,0
ITEM04152,ORD02354,PROD0039,1,3543.74,15
ITEM04153,ORD01666,PROD0070,3,2513.68,15
ITEM04154,ORD02062,PROD0501,2,6759.97,25
ITEM04155,ORD01331,PROD0326,3,5320.47,0
ITEM04156,ORD02927,PROD0291,2,5184.19,0
ITEM04157,ORD01641,PROD0505,5,1277.32,25
ITEM04158,ORD00251,PROD0444,4,7610.36,10
ITEM04159,ORD02339,PROD0231,5,1692.16,5
ITEM04160,ORD02802,PROD0589,4,4761.73,10
ITEM04161,ORD01309,PROD0218,5,6941.24,25
ITEM04162,ORD01421,PROD0179,5,3830.16,25
ITEM04163,ORD00912,PROD0343,4,1705.3,20
ITEM04164,ORD00404,PROD0227,2,304.6,15
ITEM04165,ORD00953,PROD0284,3,2101.13,25
ITEM04166,ORD00853,PROD0052,2,7888.22,15
ITEM04167,ORD01271,PROD0104,2,1347.34,15
ITEM04168,ORD01039,PROD0023,5,4379.06,5
ITEM04169,ORD02927,PROD0470,2,581.47,5
ITEM04170,ORD01421,PROD0046,3,7339.46,150
ITEM04172,ORD00393,PROD0030,4,5713.31,10
ITEM04173,ORD01461,PROD0333,5,6894.72,0
ITEM04174,ORD02408,PROD0274,1,2296.06,5
ITEM04175,ORD02653,PROD0307,3,3237.17,0
ITEM04176,ORD00323,PROD0161,3,6532.15,0
ITEM04177,ORD00540,PROD0329,2,4158.93,0
ITEM04178,ORD01992,PROD0530,1,4753.1,5
ITEM04179,ORD01415,PROD0022,3,5766.65,5
ITEM04180,ORD02987,PROD0318,5,7693.83,0
ITEM04181,ORD02526,PROD0482,1,2765.48,15
ITEM04182,ORD01287,PROD0367,4,7602.74,15
ITEM04183,ORD01771,PROD0237,2,7676.52,25
ITEM04184,ORD02661,PROD0135,3,3365.2,0
ITEM04186,ORD02750,PROD0550,3,7150.45,25
ITEM04187,ORD01772,PROD0244,3,1181.67,0
ITEM04188,ORD01877,PROD0447,1,2604.39,10
ITEM04189,ORD00631,PROD0057,3,4915.84,25
ITEM04190,ORD01579,PROD0513,3,5391.01,15
ITEM04191,ORD02440,PROD0457,4,7036.53,10
ITEM04192,ORD00778,PROD0221,4,338.23,20
ITEM04193,ORD00173,PROD0039,1,496.43,10
ITEM04194,ORD01711,PROD0099,1,5901.53,20
ITEM04195,ORD00610,PROD0498,5,4266.89,20
ITEM04196,ORD00403,PROD0551,5,1775.92,10
ITEM04197,ORD01601,PROD0118,4,7515.42,20
ITEM04198,ORD02143,PROD0117,4,7740.05,15
ITEM04199,ORD02899,PROD0549,3,845.47,25
ITEM04201,ORD02572,PROD0037,5,3147.2,15
ITEM04202,ORD02281,PROD0550,2,3134.52,5
ITEM04203,ORD02147,PROD0036,1,3911.46,5
ITEM04205,ORD02615,PROD0568,1,5434.85,10
ITEM04206,ORD01833,PROD0159,2,3746.1,10
ITEM04207,ORD01721,PROD0290,1,3808.96,5
ITEM04208,ORD02979,PROD0030,5,1892.27,15
ITEM04209,ORD02473,PROD0455,5,6117.85,20
ITEM04210,ORD02576,PROD0584,3,960.44,10
ITEM04211,ORD01420,PROD0291,5,4456.7,15
ITEM04212,ORD01891,PROD0082,3,3192.1,10
ITEM04214,ORD02963,PROD0428,4,3074.71,20
ITEM04215,ORD01383,PROD0504,1,809.41,10
ITEM04216,ORD01452,PROD0442,1,2906.09,20
ITEM04217,ORD01497,PROD0412,2,7975.76,5
ITEM04219,ORD01798,PROD0215,5,7466.18,0
ITEM04220,ORD02949,PROD0034,2,2893.5,10
ITEM04221,ORD01756,PROD0340,2,2035.78,15
ITEM04222,ORD02882,PROD0489,4,6387.62,0
ITEM04223,ORD02774,PROD0205,1,3121.45,25
ITEM04224,ORD02283,PROD0493,1,4796.44,5
ITEM04225,ORD01703,PROD0111,3,2372.89,15
ITEM04226,ORD02758,PROD0158,1,6839.09,5
ITEM04227,ORD01076,PROD0059,2,7638.4,10
ITEM04228,ORD01381,PROD0329,1,5316.75,10
ITEM04229,ORD01212,PROD0033,5,7949.19,25
ITEM04230,ORD00150,PROD0578,5,7359.46,5
ITEM04231,ORD02327,PROD0508,4,5104.11,5
ITEM04232,ORD02132,PROD0523,4,1210.57,15
ITEM04233,ORD00399,PROD0402,2,253.54,10
ITEM04234,ORD01019,PROD0539,2,6213.71,0
ITEM04235,ORD00113,PROD0031,5,773.82,5
ITEM04236,ORD01282,PROD0162,5,2561.63,5
ITEM04238,ORD02320,PROD0423,3,7924.4,15
ITEM04239,ORD01588,PROD0157,5,5010.7,25
ITEM04240,ORD00798,PROD0368,1,4246.67,15
ITEM04241,ORD00643,PROD0149,3,1368.34,10
ITEM04243,ORD01024,PROD0039,2,1911.97,10
ITEM04244,ORD00160,PROD0382,4,5986.93,15
ITEM04245,ORD00419,PROD0189,3,768.68,10
ITEM04246,ORD02125,PROD0578,1,6634.62,0
ITEM04247,ORD02116,PROD0170,5,7078.11,0
ITEM04248,ORD01380,PROD0072,4,3309.99,0
ITEM04249,ORD02907,PROD0556,1,6820.94,5
ITEM04250,ORD02373,PROD0131,4,4288.55,10
ITEM04251,ORD01129,PROD0498,5,414.12,20
ITEM04252,ORD01564,PROD0199,4,800.75,5
ITEM04253,ORD01941,PROD0401,5,2685.23,20
ITEM04255,ORD00656,PROD0266,5,1321.03,20
ITEM04256,ORD02230,PROD0403,2,5834.87,5
ITEM04257,ORD01891,PROD0241,4,752.95,10
ITEM04258,ORD00171,PROD0232,1,6725.15,0
ITEM04259,ORD02184,PROD0033,2,3135.03,15
ITEM04260,ORD02586,PROD0125,3,6335.69,20
ITEM04261,ORD01019,PROD0588,4,200.25,0
ITEM04262,ORD00101,PROD0271,4,7455.83,0
ITEM04263,ORD02054,PROD0582,1,6671.93,20
ITEM04264,ORD02522,PROD0129,3,6798.94,15
ITEM04265,ORD02695,PROD0147,3,5851.31,15
ITEM04266,ORD02295,PROD0566,2,2422.31,0
ITEM04267,ORD00903,PROD0269,1,2355.09,5
ITEM04268,ORD00286,PROD0529,1,1020.29,20
ITEM04269,ORD02595,PROD0107,3,226.2,10
ITEM04270,ORD00352,PROD0238,2,2621.67,0
ITEM04272,ORD02058,PROD0370,4,160.7,25
ITEM04273,ORD01126,PROD0049,4,3707.9,10
ITEM04274,ORD02706,PROD0516,4,4283.55,0
ITEM04275,ORD00090,PROD0203,1,2212.01,10
ITEM04276,ORD01597,PROD0279,3,3869.34,5
ITEM04277,ORD01875,PROD0336,4,4857.2,0
ITEM04278,ORD01864,PROD0275,1,1896.5,15
ITEM04279,ORD01088,PROD0265,5,5074.99,20
ITEM04280,ORD02152,PROD0461,1,4893.51,5
ITEM04281,ORD01012,PROD0110,2,3236.5,20
ITEM04282,ORD01184,PROD0092,2,6554.19,15
ITEM04283,ORD01231,PROD0073,1,6692.63,0
ITEM04284,ORD00919,PROD0172,4,6108.76,15
ITEM04285,ORD01437,PROD0240,1,5667.16,20
ITEM04286,ORD00187,PROD0357,4,7414.86,15
ITEM04287,ORD00989,PROD0090,1,787.53,20
ITEM04288,ORD02469,PROD0416,3,2468.28,0
ITEM04289,ORD00679,PROD0330,2,3259.89,15
ITEM04290,ORD01183,PROD0022,1,2355.06,10
ITEM04291,ORD02135,PROD0410,4,4855.66,20
ITEM04292,ORD01551,PROD0598,5,4788.89,20
ITEM04293,ORD01034,PROD0530,1,3818.28,25
ITEM04294,ORD01010,PROD0416,1,349.02,0
ITEM04295,ORD01868,PROD0480,1,6064.92,15
ITEM04296,ORD01992,PROD0228,4,2608.61,10
ITEM04297,ORD02440,PROD0203,2,6554.61,0
ITEM04298,ORD01820,PROD0541,1,1018.59,0
ITEM04299,ORD01812,PROD0110,5,5672.35,15
ITEM04300,ORD00214,PROD0038,3,4986.29,5
ITEM04301,ORD00381,PROD0275,3,2455.74,10
ITEM04302,ORD01369,PROD0434,4,2342.63,5
ITEM04303,ORD00956,PROD0532,3,5359.2,25
ITEM04305,ORD02325,PROD0112,4,6242.82,0
ITEM04306,ORD00865,PROD0240,3,2063.85,0
ITEM04307,ORD00227,PROD0319,5,5603.64,20
ITEM04309,ORD00879,PROD0396,1,7664.37,20
ITEM04310,ORD01957,PROD0468,2,964.56,15
ITEM04311,ORD00887,PROD0582,3,6142.29,25
ITEM04312,ORD00634,PROD0280,5,4038.18,25
ITEM04313,ORD00624,PROD0201,5,6608.06,20
ITEM04314,ORD01541,PROD0338,2,6709.41,5
ITEM04315,ORD01963,PROD0398,5,3707.89,0
ITEM04316,ORD01069,PROD0081,2,2296.81,5
ITEM04317,ORD00510,PROD0494,5,3215.56,0
ITEM04318,ORD01764,PROD0007,3,3006.12,25
ITEM04319,ORD00415,PROD0490,2,6624.34,15
ITEM04320,ORD02489,PROD0129,1,7064.57,0
ITEM04321,ORD01592,PROD0140,3,342.31,25
ITEM04322,ORD02407,PROD0571,5,1625.63,10
ITEM04323,ORD01078,PROD0403,3,3295.06,20
ITEM04324,ORD02192,PROD0459,1,947.75,10
ITEM04325,ORD02715,PROD0336,3,3965.08,5
ITEM04326,ORD02455,PROD0244,3,5342.08,15
ITEM04327,ORD02850,PROD0102,5,7886.68,15
ITEM04328,ORD02389,PROD0155,3,2678.91,20
ITEM04329,ORD02657,PROD0057,3,337.25,5
ITEM04331,ORD00456,PROD0057,1,6571.11,15
ITEM04332,ORD00303,PROD0426,1,6791.79,15
ITEM04333,ORD00789,PROD0576,3,6334.08,25
ITEM04334,ORD02554,PROD0527,1,1243.62,0
ITEM04335,ORD00947,PROD0002,1,5429.8,20
ITEM04336,ORD02098,PROD0144,2,4317.22,10
ITEM04337,ORD02728,PROD0385,5,5052.27,25
ITEM04338,ORD02813,PROD0575,4,3902.86,5
ITEM04339,ORD02761,PROD0224,1,631.69,25
ITEM04340,ORD01075,PROD0542,1,4026.25,15
ITEM04341,ORD02573,PROD0251,4,6870.21,10
ITEM04342,ORD01299,PROD0430,1,4906.38,5
ITEM04343,ORD00295,PROD0544,5,1219.27,5
ITEM04344,ORD00086,PROD0421,2,6042.63,20
ITEM04345,ORD02979,PROD0408,3,1104.28,15
ITEM04346,ORD00259,PROD0229,1,1370.99,15
ITEM04348,ORD02076,PROD0194,3,7317.53,20
ITEM04349,ORD02421,PROD0068,4,6803.79,15
ITEM04350,ORD01122,PROD0016,2,1306.63,20
ITEM04351,ORD02730,PROD0070,5,5913.26,25
ITEM04352,ORD00736,PROD0352,2,6338.89,20
ITEM04353,ORD00612,PROD0412,4,7305.35,5
ITEM04354,ORD01559,PROD0247,4,4727.91,20
ITEM04355,ORD02559,PROD0582,3,6788.43,5
ITEM04356,ORD00764,PROD0321,2,7269.93,15
ITEM04357,ORD01054,PROD0265,3,5517.78,10
ITEM04359,ORD00476,PROD0077,3,6297.76,5
ITEM04360,ORD00905,PROD0048,4,2171.41,20
ITEM04361,ORD02899,PROD0533,1,2665.73,15
ITEM04362,ORD01962,PROD0088,3,2640.52,10
ITEM04363,ORD02433,PROD0058,4,5634.01,5
ITEM04364,ORD01973,PROD0544,4,7443.21,0
ITEM04365,ORD00704,PROD0365,5,919.06,5
ITEM04366,ORD00065,PROD0273,4,7636.67,15
ITEM04367,ORD00690,PROD0120,4,1551.83,25
ITEM04368,ORD01626,PROD0405,1,1848.46,5
ITEM04369,ORD01328,PROD0521,3,718.81,0
ITEM04370,ORD00718,PROD0328,3,5314.47,20
ITEM04371,ORD02326,PROD0502,4,6191.06,25
ITEM04372,ORD01866,PROD0585,2,4872.91,10
ITEM04373,ORD02003,PROD0593,3,6144.58,0
ITEM04374,ORD02312,PROD0150,3,5800.52,10
ITEM04375,ORD02795,PROD0088,1,655.47,25
ITEM04376,ORD00888,PROD0401,4,243.02,25
ITEM04377,ORD02162,PROD0436,2,7696.21,15
ITEM04378,ORD02675,PROD0475,4,966.97,5
ITEM04379,ORD01495,PROD0569,3,5882.72,5
ITEM04380,ORD00841,PROD0213,1,6402.39,20
ITEM04381,ORD00176,PROD0371,4,7656.49,0
ITEM04382,ORD02082,PROD0150,5,7717.46,25
ITEM04383,ORD01036,PROD0573,2,4163.52,5
ITEM04384,ORD00702,PROD0114,1,7120.61,25
ITEM04386,ORD02608,PROD0452,2,5772.71,10
ITEM04387,ORD01191,PROD0558,3,1322.37,0
ITEM04388,ORD01934,PROD0137,1,652.82,15
ITEM04390,ORD01038,PROD0072,4,5502.75,5
ITEM04391,ORD02008,PROD0441,2,5089.46,10
ITEM04392,ORD00272,PROD0161,5,5891.25,10
ITEM04393,ORD01448,PROD0340,1,5522.79,0
ITEM04394,ORD00076,PROD0373,1,404.03,0
ITEM04396,ORD00528,PROD0132,4,7035.34,5
ITEM04397,ORD02827,PROD0049,1,1796.96,0
ITEM04398,ORD01851,PROD0138,2,2038.92,0
ITEM04399,ORD00629,PROD0542,2,172.14,5
ITEM04401,ORD01125,PROD0203,4,2747.52,5
ITEM04402,ORD02353,PROD0118,4,6175.03,5
ITEM04403,ORD02295,PROD0031,5,1028.08,15
ITEM04404,ORD02906,PROD0406,2,1123.15,15
ITEM04405,ORD02508,PROD0395,5,3849.28,25
ITEM04406,ORD01252,PROD0010,2,1769.78,0
ITEM04407,ORD01042,PROD0383,3,7292.57,0
ITEM04408,ORD00078,PROD0399,1,3571.77,10
ITEM04409,ORD02377,PROD0476,1,390.43,20
ITEM04410,ORD01178,PROD0298,3,4485.7,0
ITEM04411,ORD01349,PROD0098,4,3346.65,5
ITEM04412,ORD02377,PROD0423,2,4198.44,20
ITEM04413,ORD00531,PROD0303,1,1084.27,0
ITEM04414,ORD01302,PROD0019,5,7719.94,15
ITEM04415,ORD02521,PROD0587,4,924.92,25
ITEM04416,ORD00800,PROD0126,3,6716.19,25
ITEM04418,ORD00667,PROD0137,5,7493.27,10
ITEM04419,ORD02062,PROD0562,2,7875.23,25
ITEM04420,ORD01823,PROD0312,2,2896.26,10
ITEM04421,ORD00235,PROD0314,4,7961.21,5
ITEM04422,ORD01393,PROD0204,5,3008.44,0
ITEM04423,ORD00357,PROD0119,3,6243.9,10
ITEM04424,ORD01309,PROD0519,4,6703.37,15
ITEM04425,ORD01825,PROD0557,5,4375.68,15
ITEM04426,ORD00166,PROD0227,1,7867.92,10
ITEM04427,ORD02178,PROD0020,2,306.0,10
ITEM04428,ORD02186,PROD0520,1,5697.58,20
ITEM04430,ORD00538,PROD0183,5,7934.49,5
ITEM04432,ORD02443,PROD0186,1,2708.98,10
ITEM04433,ORD02309,PROD0417,4,2671.23,15
ITEM04434,ORD02456,PROD0091,1,5492.86,15
ITEM04435,ORD02427,PROD0562,2,293.82,10
ITEM04437,ORD01025,PROD0333,1,838.94,15
ITEM04439,ORD02174,PROD0585,4,7305.78,0
ITEM04440,ORD00447,PROD0357,2,1575.04,5
ITEM04441,ORD00826,PROD0389,5,4821.63,15
ITEM04442,ORD00249,PROD0008,5,1686.7,15
ITEM04443,ORD01773,PROD0073,2,5422.21,25
ITEM04444,ORD02367,PROD0529,5,4996.81,5
ITEM04446,ORD00479,PROD0253,5,4893.74,25
ITEM04447,ORD01963,PROD0592,5,1144.17,0
ITEM04448,ORD02595,PROD0337,4,7490.07,5
ITEM04449,ORD00866,PROD0534,4,6023.12,20
ITEM04451,ORD02633,PROD0575,5,4170.0,20
ITEM04452,ORD02671,PROD0108,5,6217.8,10
ITEM04453,ORD00962,PROD0590,4,3258.02,5
ITEM04454,ORD00210,PROD0583,1,5213.64,15
ITEM04455,ORD00972,PROD0509,5,2383.85,20
ITEM04456,ORD02506,PROD0305,3,2604.17,25
ITEM04457,ORD02632,PROD0259,3,2325.26,0
ITEM04458,ORD01851,PROD0413,5,7259.17,5
ITEM04459,ORD01746,PROD0139,4,5175.96,10
ITEM04460,ORD01167,PROD0238,3,6183.45,10
ITEM04461,ORD02327,PROD0112,4,393.29,25
ITEM04462,ORD01062,PROD0256,3,4700.95,20
ITEM04463,ORD00858,PROD0529,3,7645.22,25
ITEM04464,ORD02911,PROD0582,1,3777.18,20
ITEM04465,ORD02884,PROD0587,4,3006.41,10
ITEM04466,ORD01846,PROD0520,2,7387.17,15
ITEM04467,ORD01352,PROD0427,5,715.54,15
ITEM04468,ORD02156,PROD0317,2,7929.21,25
ITEM04469,ORD00160,PROD0501,2,595.8,15
ITEM04471,ORD00385,PROD0198,3,5312.07,25
ITEM04472,ORD02566,PROD0003,4,4136.71,5
ITEM04473,ORD01589,PROD0598,2,1316.61,5
ITEM04476,ORD00533,PROD0568,3,5504.63,0
ITEM04477,ORD02983,PROD0192,2,832.94,5
ITEM04478,ORD02800,PROD0403,3,1685.2,15
ITEM04479,ORD00975,PROD0322,3,6499.57,10
ITEM04480,ORD02553,PROD0462,2,2210.48,25
ITEM04481,ORD00220,PROD0193,2,7753.34,5
ITEM04482,ORD01098,PROD0494,4,737.47,15
ITEM04483,ORD02509,PROD0338,1,4743.51,25
ITEM04484,ORD01463,PROD0322,3,2855.71,15
ITEM04485,ORD00172,PROD0153,1,471.49,0
ITEM04486,ORD01927,PROD0258,1,1677.31,10
ITEM04487,ORD01088,PROD0370,5,2301.64,15
ITEM04488,ORD01605,PROD0114,2,996.02,20
ITEM04490,ORD00059,PROD0429,3,382.86,25
ITEM04491,ORD01660,PROD0106,2,1475.55,5
ITEM04492,ORD02217,PROD0243,1,3012.72,10
ITEM04493,ORD01161,PROD0430,5,5605.55,5
ITEM04494,ORD02750,PROD0005,3,3062.18,10
ITEM04495,ORD01394,PROD0595,3,550.78,15
ITEM04496,ORD00870,PROD0341,4,201.94,15
ITEM04497,ORD01996,PROD0552,5,6445.78,10
ITEM04498,ORD00887,PROD0238,2,3982.05,5
ITEM04499,ORD02362,PROD0064,3,5475.24,15
ITEM04500,ORD00145,PROD0030,5,1546.85,25
ITEM04501,ORD01001,PROD0410,5,3109.68,25
ITEM04502,ORD00583,PROD0435,5,286.37,25
ITEM04503,ORD00753,PROD0154,1,4579.24,10
ITEM04504,ORD01382,PROD0024,4,967.84,20
ITEM04505,ORD00153,PROD0443,4,336.49,25
ITEM04508,ORD00136,PROD0469,4,4853.19,5
ITEM04509,ORD00470,PROD0392,2,5865.71,20
ITEM04510,ORD02659,PROD0199,2,6076.04,5
ITEM04511,ORD02410,PROD0075,5,1386.78,15
ITEM04513,ORD00919,PROD0026,4,817.56,5
ITEM04515,ORD00596,PROD0524,2,5271.09,15
ITEM04516,ORD01146,PROD0187,4,6268.32,10
ITEM04517,ORD01172,PROD0574,3,4004.32,20
ITEM04518,ORD02194,PROD0456,2,7141.71,5
ITEM04520,ORD02705,PROD0531,1,7685.89,5
ITEM04521,ORD01727,PROD0591,5,566.17,10
ITEM04522,ORD01060,PROD0426,4,3020.55,20
ITEM04523,ORD01328,PROD0141,3,4004.9,0
ITEM04524,ORD02326,PROD0427,1,5226.85,10
ITEM04525,ORD01803,PROD0160,3,7347.0,10
ITEM04526,ORD00725,PROD0371,4,1857.52,20
ITEM04527,ORD01908,PROD0257,4,4034.32,20
ITEM04528,ORD01069,PROD0015,4,178.29,25
ITEM04529,ORD02864,PROD0280,4,2646.93,15
ITEM04530,ORD01877,PROD0055,4,828.32,20
ITEM04531,ORD02106,PROD0513,5,3712.02,5
ITEM04532,ORD02236,PROD0314,2,3281.25,0
ITEM04533,ORD02453,PROD0140,5,6403.69,5
ITEM04534,ORD01643,PROD0073,4,2168.69,15
ITEM04535,ORD00110,PROD0002,3,1687.62,15
ITEM04536,ORD00306,PROD0529,4,411.21,15
ITEM04537,ORD02985,PROD0408,5,4195.19,5
ITEM04538,ORD00305,PROD0412,4,2549.07,15
ITEM04540,ORD02146,PROD0196,1,7058.92,10
ITEM04542,ORD02754,PROD0277,1,6731.87,0
ITEM04543,ORD00348,PROD0591,5,821.96,20
ITEM04544,ORD02279,PROD0268,5,304.81,15
ITEM04546,ORD02966,PROD0410,4,6996.95,0
ITEM04548,ORD00424,PROD0057,4,6642.03,0
ITEM04549,ORD01168,PROD0232,2,3483.49,20
ITEM04550,ORD02372,PROD0382,4,4837.26,15
ITEM04551,ORD02865,PROD0156,3,3386.43,25
ITEM04552,ORD00220,PROD0336,1,868.99,20
ITEM04556,ORD01184,PROD0579,4,1433.26,25
ITEM04557,ORD00941,PROD0180,1,792.98,25
ITEM04558,ORD00706,PROD0482,3,7250.07,20
ITEM04559,ORD01939,PROD0276,4,5444.35,25
ITEM04560,ORD02719,PROD0342,2,6965.03,15
ITEM04561,ORD01317,PROD0463,3,2147.08,5
ITEM04562,ORD01420,PROD0155,4,5355.39,25
ITEM04563,ORD02522,PROD0265,2,590.83,0
ITEM04564,ORD01657,PROD0292,1,2891.39,25
ITEM04565,ORD00866,PROD0452,3,458.89,25
ITEM04566,ORD01501,PROD0096,2,2021.09,20
ITEM04567,ORD00942,PROD0455,4,6400.34,15
ITEM04568,ORD02349,PROD0459,4,4338.55,25
ITEM04569,ORD02770,PROD0386,1,6724.24,10
ITEM04570,ORD01407,PROD0509,1,6495.43,15
ITEM04571,ORD01234,PROD0048,3,4239.58,20
ITEM04572,ORD02964,PROD0401,5,4146.75,10
ITEM04573,ORD01118,PROD0036,5,607.75,10
ITEM04574,ORD02062,PROD0411,2,2373.45,0
ITEM04575,ORD02761,PROD0365,4,2155.61,10
ITEM04576,ORD00110,PROD0579,5,4683.84,15
ITEM04577,ORD00857,PROD0188,3,3085.0,5
ITEM04578,ORD01300,PROD0149,4,5932.6,0
ITEM04579,ORD00399,PROD0120,1,5578.07,0
ITEM04580,ORD02872,PROD0531,3,6435.34,0
ITEM04581,ORD02189,PROD0257,4,5467.81,20
ITEM04582,ORD02498,PROD0568,3,4832.17,5
ITEM04583,ORD00313,PROD0249,3,6640.01,15
ITEM04584,ORD00483,PROD0513,2,560.68,25
ITEM04585,ORD01860,PROD0204,3,5591.46,20
ITEM04586,ORD00035,PROD0041,2,1310.2,15
ITEM04587,ORD01085,PROD0159,3,4987.17,15
ITEM04588,ORD02715,PROD0138,1,2779.33,10
ITEM04589,ORD01215,PROD0560,2,6607.69,20
ITEM04590,ORD01984,PROD0562,1,5788.35,5
ITEM04591,ORD00264,PROD0289,4,7778.18,10
ITEM04592,ORD02494,PROD0553,3,3657.82,15
ITEM04593,ORD00021,PROD0302,2,4733.42,15
ITEM04594,ORD00425,PROD0494,5,7362.98,25
ITEM04595,ORD01944,PROD0185,1,2208.67,0
ITEM04596,ORD01877,PROD0188,4,2787.2,0
ITEM04599,ORD02124,PROD0466,5,7946.23,20
ITEM04600,ORD01889,PROD0482,3,2451.57,10
ITEM04601,ORD02101,PROD0265,4,6104.16,0
ITEM04602,ORD00966,PROD0285,1,1057.04,20
ITEM04603,ORD00558,PROD0596,2,3415.2,0
ITEM04604,ORD02832,PROD0337,5,3564.47,25
ITEM04605,ORD01859,PROD0341,1,7904.79,20
ITEM04606,ORD00856,PROD0258,4,7182.13,20
ITEM04608,ORD02163,PROD0294,3,3906.36,5
ITEM04609,ORD01729,PROD0358,4,1082.8,0
ITEM04610,ORD01476,PROD0420,5,6456.04,5
ITEM04611,ORD02889,PROD0136,2,6962.32,0
ITEM04612,ORD01907,PROD0029,4,2782.01,10
ITEM04613,ORD02124,PROD0031,3,7747.23,0
ITEM04614,ORD01552,PROD0036,2,5696.44,15
ITEM04615,ORD02604,PROD0307,2,2097.39,5
ITEM04616,ORD01803,PROD0181,4,679.14,15
ITEM04617,ORD02604,PROD0166,3,2491.27,10
ITEM04618,ORD01714,PROD0193,1,6428.44,0
ITEM04619,ORD00533,PROD0079,2,4417.31,0
ITEM04621,ORD02211,PROD0049,4,3417.14,10
ITEM04622,ORD02855,PROD0306,3,5037.28,20
ITEM04624,ORD01774,PROD0334,3,777.25,0
ITEM04625,ORD00677,PROD0565,5,1531.76,5
ITEM04626,ORD00312,PROD0176,5,5683.41,15
ITEM04627,ORD01773,PROD0599,1,7303.96,10
ITEM04628,ORD02513,PROD0280,4,4776.26,25
ITEM04629,ORD02482,PROD0539,3,1528.48,20
ITEM04630,ORD00641,PROD0546,3,3674.71,0
ITEM04631,ORD01345,PROD0158,1,2053.93,25
ITEM04632,ORD00903,PROD0172,5,4392.09,15
ITEM04633,ORD00374,PROD0172,2,6004.47,0
ITEM04635,ORD00520,PROD0454,4,4429.35,5
ITEM04636,ORD01751,PROD0555,3,1611.3,5
ITEM04637,ORD02168,PROD0474,4,7855.23,25
ITEM04638,ORD00997,PROD0154,1,4120.68,15
ITEM04639,ORD01839,PROD0575,2,6674.62,15
ITEM04640,ORD00328,PROD0008,4,1578.67,20
ITEM04641,ORD00933,PROD0228,3,5156.16,10
ITEM04642,ORD02608,PROD0378,4,2055.34,15
ITEM04643,ORD00711,PROD0198,2,6891.41,15
ITEM04644,ORD02047,PROD0038,1,2149.31,5
ITEM04646,ORD00895,PROD0063,2,6241.2,5
ITEM04647,ORD02606,PROD0130,2,4473.39,15
ITEM04648,ORD00093,PROD0320,2,6340.98,0
ITEM04649,ORD02978,PROD0157,3,2836.14,10
ITEM04651,ORD02802,PROD0229,5,6396.75,15
ITEM04652,ORD02660,PROD0040,3,968.45,15
ITEM04653,ORD01953,PROD0572,5,6852.4,0
ITEM04654,ORD01474,PROD0598,4,5155.41,10
ITEM04655,ORD01638,PROD0472,2,4292.0,10
ITEM04656,ORD01557,PROD0011,3,7716.69,10
ITEM04657,ORD02110,PROD0271,4,4070.77,5
ITEM04658,ORD00849,PROD0192,2,5045.26,0
ITEM04659,ORD02826,PROD0167,3,4423.25,10
ITEM04660,ORD01443,PROD0548,4,7356.46,15
ITEM04662,ORD02775,PROD0269,3,4724.07,20
ITEM04663,ORD02775,PROD0286,2,3460.7,0
ITEM04664,ORD02000,PROD0423,1,5144.01,20
ITEM04665,ORD01324,PROD0212,1,818.37,25
ITEM04666,ORD00194,PROD0231,2,4670.98,0
ITEM04667,ORD02842,PROD0121,2,5812.52,20
ITEM04668,ORD02044,PROD0094,4,1278.68,5
ITEM04669,ORD01015,PROD0365,4,4465.33,0
ITEM04671,ORD00070,PROD0120,3,6576.08,5
ITEM04672,ORD01873,PROD0287,2,2709.71,15
ITEM04673,ORD00087,PROD0133,4,4004.37,20
ITEM04674,ORD01888,PROD0073,3,7419.12,10
ITEM04676,ORD02382,PROD0303,3,7691.61,10
ITEM04677,ORD02328,PROD0352,5,4624.83,10
ITEM04679,ORD02820,PROD0397,2,4570.69,25
ITEM04680,ORD00340,PROD0454,1,2507.85,10
ITEM04681,ORD01173,PROD0077,5,1910.41,10
ITEM04682,ORD00658,PROD0321,2,5951.69,25
ITEM04684,ORD02170,PROD0513,2,6232.51,0
ITEM04685,ORD01616,PROD0321,1,7008.28,20
ITEM04686,ORD02578,PROD0190,1,2500.05,10
ITEM04687,ORD02013,PROD0303,3,2659.41,0
ITEM04688,ORD00838,PROD0042,2,3867.64,15
ITEM04689,ORD02552,PROD0269,4,1739.48,20
ITEM04690,ORD02993,PROD0561,2,2506.46,0
ITEM04691,ORD00773,PROD0372,2,1502.58,0
ITEM04692,ORD00691,PROD0292,3,225.41,25
ITEM04693,ORD00709,PROD0597,2,7989.55,15
ITEM04694,ORD00957,PROD0297,1,4670.61,0
ITEM04695,ORD00722,PROD0091,5,7224.25,10
ITEM04696,ORD02943,PROD0169,3,3903.83,10
ITEM04697,ORD02388,PROD0582,1,5703.11,10
ITEM04698,ORD01960,PROD0259,1,1219.92,25
ITEM04699,ORD00970,PROD0158,3,2524.52,0
ITEM04700,ORD00354,PROD0567,5,832.64,0
ITEM04701,ORD00836,PROD0310,2,2206.59,20
ITEM04702,ORD02909,PROD0376,4,688.96,5
ITEM04703,ORD02461,PROD0443,2,7156.08,15
ITEM04704,ORD02240,PROD0426,1,1607.27,5
ITEM04705,ORD01190,PROD0132,1,6178.83,5
ITEM04706,ORD00107,PROD0170,5,827.55,25
ITEM04707,ORD02899,PROD0209,5,806.13,5
ITEM04708,ORD00162,PROD0095,3,4797.69,10
ITEM04710,ORD00208,PROD0570,5,5211.09,25
ITEM04711,ORD00288,PROD0593,4,5467.8,10
ITEM04712,ORD01477,PROD0162,2,1068.59,20
ITEM04713,ORD00442,PROD0590,5,433.39,5
ITEM04714,ORD00288,PROD0223,2,2669.33,20
ITEM04716,ORD00957,PROD0442,4,3989.09,10
ITEM04717,ORD02915,PROD0071,4,817.85,25
ITEM04718,ORD00892,PROD0562,5,874.1,0
ITEM04720,ORD00459,PROD0245,2,6286.51,0
ITEM04721,ORD01020,PROD0279,3,4800.6,15
ITEM04722,ORD00114,PROD0505,1,2160.4,20
ITEM04723,ORD01945,PROD0401,3,605.55,25
ITEM04724,ORD02032,PROD0465,3,6046.36,5
ITEM04725,ORD01467,PROD0471,2,1924.84,15
ITEM04726,ORD00856,PROD0121,4,354.87,5
ITEM04727,ORD02713,PROD0510,5,5865.5,0
ITEM04729,ORD01801,PROD0032,2,6113.58,20
ITEM04730,ORD02507,PROD0389,2,624.35,15
ITEM04731,ORD01891,PROD0024,1,2861.15,20
ITEM04732,ORD01151,PROD0413,5,6921.9,15
ITEM04734,ORD00894,PROD0473,1,379.83,0
ITEM04735,ORD02791,PROD0326,5,6577.52,0
ITEM04736,ORD02376,PROD0508,1,2303.63,0
ITEM04737,ORD02292,PROD0431,2,2109.73,5
ITEM04738,ORD01222,PROD0221,1,6422.79,15
ITEM04739,ORD01383,PROD0548,4,2451.25,25
ITEM04740,ORD02219,PROD0539,5,1662.68,25
ITEM04741,ORD00701,PROD0250,4,2780.17,25
ITEM04742,ORD00022,PROD0592,4,1614.06,20
ITEM04743,ORD01332,PROD0555,2,5534.29,20
ITEM04744,ORD01384,PROD0281,3,2633.47,0
ITEM04745,ORD00867,PROD0118,5,7645.3,0
ITEM04746,ORD00880,PROD0319,5,6916.16,5
ITEM04747,ORD01755,PROD0508,5,4552.23,5
ITEM04748,ORD02244,PROD0501,2,3261.58,20
ITEM04749,ORD02601,PROD0198,2,7629.85,20
ITEM04750,ORD00070,PROD0034,3,5604.63,15
ITEM04751,ORD01046,PROD0450,3,4223.22,15
ITEM04752,ORD01725,PROD0281,5,3531.21,15
ITEM04753,ORD02916,PROD0273,1,3234.22,15
ITEM04754,ORD00362,PROD0134,1,3292.55,0
ITEM04756,ORD01812,PROD0493,4,442.93,10
ITEM04757,ORD01468,PROD0526,3,188.24,0
ITEM04758,ORD00455,PROD0276,3,6424.14,10
ITEM04759,ORD01800,PROD0183,5,1035.01,10
ITEM04760,ORD02914,PROD0220,4,7149.31,0
ITEM04761,ORD01697,PROD0552,4,1078.36,10
ITEM04762,ORD01584,PROD0032,2,7037.99,0
ITEM04763,ORD00366,PROD0529,5,1456.13,25
ITEM04764,ORD00091,PROD0341,3,2817.31,25
ITEM04765,ORD01105,PROD0389,3,7291.67,5
ITEM04766,ORD01632,PROD0513,2,3131.23,10
ITEM04768,ORD00112,PROD0204,3,7036.69,25
ITEM04770,ORD01451,PROD0421,4,375.0,5
ITEM04772,ORD02636,PROD0141,2,4047.86,5
ITEM04773,ORD00904,PROD0536,4,6428.92,15
ITEM04774,ORD01094,PROD0129,1,5265.32,25
ITEM04775,ORD01823,PROD0213,4,6413.06,5
ITEM04776,ORD02192,PROD0377,1,7547.06,10
ITEM04777,ORD02782,PROD0462,1,7841.75,20
ITEM04778,ORD00794,PROD0265,1,6280.01,20
ITEM04779,ORD02350,PROD0088,4,5511.3,10
ITEM04780,ORD00136,PROD0557,1,696.62,15
ITEM04781,ORD02840,PROD0266,1,2038.3,20
ITEM04782,ORD02574,PROD0258,5,2285.28,25
ITEM04783,ORD01941,PROD0475,1,272.43,15
ITEM04784,ORD00708,PROD0499,5,2746.15,25
ITEM04785,ORD02361,PROD0344,1,2543.32,5
ITEM04786,ORD02433,PROD0364,3,2387.91,25
ITEM04787,ORD01586,PROD0439,5,2735.03,5
ITEM04788,ORD00347,PROD0488,3,6781.22,5
ITEM04789,ORD01945,PROD0352,2,4078.84,0
ITEM04790,ORD00460,PROD0425,1,5239.63,15
ITEM04792,ORD01166,PROD0327,5,1595.38,10
ITEM04793,ORD02762,PROD0121,4,5736.05,20
ITEM04794,ORD00934,PROD0167,4,2336.21,25
ITEM04795,ORD02107,PROD0499,1,5541.78,25
ITEM04796,ORD00190,PROD0055,1,3642.9,15
ITEM04797,ORD02279,PROD0106,2,5512.24,20
ITEM04798,ORD01163,PROD0346,4,3329.53,0
ITEM04799,ORD00981,PROD0042,3,7010.56,20
ITEM04800,ORD01236,PROD0573,3,855.42,10
ITEM04801,ORD00712,PROD0252,3,5752.02,5
ITEM04802,ORD02220,PROD0207,2,3944.64,25
ITEM04803,ORD02191,PROD0484,3,6896.65,25
ITEM04804,ORD02015,PROD0588,5,1128.85,5
ITEM04806,ORD01122,PROD0468,4,902.47,0
ITEM04807,ORD01400,PROD0531,5,1169.67,150
ITEM04808,ORD02986,PROD0067,5,6942.64,15
ITEM04809,ORD00154,PROD0535,5,2329.12,25
ITEM04810,ORD00009,PROD0500,5,1098.45,15
ITEM04811,ORD00489,PROD0078,3,7474.24,10
ITEM04812,ORD01043,PROD0391,1,7747.52,20
ITEM04814,ORD01488,PROD0311,2,5891.92,10
ITEM04815,ORD02005,PROD0218,5,7350.38,25
ITEM04816,ORD01379,PROD0190,2,4051.78,25
ITEM04817,ORD02741,PROD0495,3,4542.61,25
ITEM04818,ORD02030,PROD0470,1,593.57,20
ITEM04820,ORD01370,PROD0098,2,829.39,25
ITEM04821,ORD02979,PROD0569,1,4472.22,5
ITEM04822,ORD00680,PROD0416,4,4638.25,20
ITEM04823,ORD00248,PROD0419,4,3383.69,0
ITEM04824,ORD00608,PROD0555,4,2980.6,25
ITEM04825,ORD00833,PROD0563,2,6657.22,25
ITEM04826,ORD01479,PROD0471,1,3367.46,15
ITEM04827,ORD02739,PROD0543,2,7804.47,25
ITEM04829,ORD01935,PROD0010,5,6765.83,0
ITEM04831,ORD02162,PROD0525,4,7364.53,25
ITEM04832,ORD01781,PROD0594,2,1439.14,15
ITEM04833,ORD02894,PROD0036,5,7716.63,20
ITEM04834,ORD00961,PROD0280,5,2279.86,5
ITEM04836,ORD01804,PROD0420,2,4983.17,10
ITEM04837,ORD00243,PROD0487,3,5434.6,10
ITEM04838,ORD01394,PROD0405,3,3616.89,15
ITEM04839,ORD01929,PROD0405,3,5464.31,0
ITEM04840,ORD02450,PROD0523,2,4091.84,15
ITEM04841,ORD02401,PROD0278,4,3891.54,10
ITEM04842,ORD00015,PROD0042,2,2562.55,5
ITEM04843,ORD00611,PROD0063,2,3584.09,5
ITEM04844,ORD01627,PROD0232,1,1851.15,25
ITEM04845,ORD01594,PROD0262,3,1498.87,10
ITEM04846,ORD01816,PROD0229,2,229.36,25
ITEM04847,ORD00136,PROD0473,3,6238.14,0
ITEM04848,ORD01561,PROD0233,3,829.35,20
ITEM04849,ORD01405,PROD0151,2,2283.34,15
ITEM04850,ORD01961,PROD0377,1,1132.38,25
ITEM04851,ORD02286,PROD0205,4,6116.44,20
ITEM04852,ORD02432,PROD0026,1,5802.96,10
ITEM04854,ORD00796,PROD0140,4,3560.63,5
ITEM04855,ORD01057,PROD0133,2,4332.4,10
ITEM04856,ORD02856,PROD0410,2,6220.64,20
ITEM04857,ORD00946,PROD0477,2,7177.39,5
ITEM04858,ORD02037,PROD0181,2,2795.6,20
ITEM04860,ORD02939,PROD0483,1,204.21,25
ITEM04861,ORD02393,PROD0320,2,5291.59,10
ITEM04862,ORD00140,PROD0210,4,237.45,5
ITEM04863,ORD00783,PROD0239,2,5509.98,25
ITEM04864,ORD02568,PROD0551,5,1802.76,10
ITEM04866,ORD01995,PROD0561,1,2264.65,5
ITEM04867,ORD01802,PROD0104,5,4261.55,25
ITEM04868,ORD02629,PROD0381,1,3898.52,15
ITEM04870,ORD02572,PROD0396,3,3050.8,25
ITEM04871,ORD01461,PROD0315,3,5864.07,25
ITEM04872,ORD00591,PROD0099,3,3992.32,25
ITEM04873,ORD02210,PROD0228,4,5022.68,5
ITEM04874,ORD01783,PROD0297,1,2687.19,25
ITEM04876,ORD01756,PROD0535,5,2996.88,5
ITEM04877,ORD01078,PROD0136,5,7937.55,5
ITEM04878,ORD02604,PROD0586,1,1884.45,15
ITEM04879,ORD02514,PROD0480,5,6920.69,25
ITEM04880,ORD00866,PROD0083,3,329.43,5
ITEM04881,ORD00388,PROD0523,3,6096.85,25
ITEM04882,ORD01723,PROD0354,3,6268.11,25
ITEM04884,ORD01786,PROD0445,5,3327.57,25
ITEM04885,ORD00151,PROD0413,4,1901.76,10
ITEM04886,ORD02025,PROD0428,4,884.92,10
ITEM04887,ORD02328,PROD0591,5,3514.21,5
ITEM04888,ORD02292,PROD0598,3,5834.65,0
ITEM04889,ORD02994,PROD0001,2,4292.74,5
ITEM04890,ORD01272,PROD0151,4,3141.9,5
ITEM04891,ORD00423,PROD0334,3,4592.94,15
ITEM04892,ORD00992,PROD0453,3,1766.3,25
ITEM04893,ORD01699,PROD0234,5,4889.18,20
ITEM04894,ORD01380,PROD0296,1,1728.34,20
ITEM04895,ORD01425,PROD0329,3,3405.85,15
ITEM04896,ORD02714,PROD0377,2,734.72,0
ITEM04897,ORD02104,PROD0503,2,395.79,5
ITEM04898,ORD00373,PROD0017,2,5929.97,15
ITEM04899,ORD00836,PROD0390,4,1888.36,25
ITEM04900,ORD00688,PROD0360,4,5305.97,15
ITEM04902,ORD01168,PROD0518,4,2253.03,5
ITEM04903,ORD02452,PROD0067,4,5390.12,0
ITEM04904,ORD00394,PROD0595,1,412.07,0
ITEM04905,ORD01239,PROD0562,5,3531.71,25
ITEM04906,ORD02979,PROD0024,4,1781.8,25
ITEM04907,ORD00632,PROD0424,3,2538.02,15
ITEM04908,ORD02285,PROD0585,2,5366.12,20
ITEM04909,ORD01464,PROD0372,3,867.22,15
ITEM04910,ORD00239,PROD0024,5,1702.95,0
ITEM04911,ORD01700,PROD0300,3,5162.23,20
ITEM04912,ORD00441,PROD0015,3,2898.05,15
ITEM04913,ORD01012,PROD0279,4,3567.33,20
ITEM04914,ORD01230,PROD0262,4,6373.28,25
ITEM04915,ORD00958,PROD0553,4,6179.69,0
ITEM04916,ORD02915,PROD0334,2,4084.21,20
ITEM04917,ORD00123,PROD0340,4,3578.43,0
ITEM04918,ORD02266,PROD0196,4,4407.21,10
ITEM04919,ORD01841,PROD0454,1,4808.31,20
ITEM04920,ORD02059,PROD0243,4,2296.5,10
ITEM04921,ORD01454,PROD0045,5,6582.38,20
ITEM04922,ORD01307,PROD0220,5,468.53,5
ITEM04923,ORD01325,PROD0060,2,2031.99,20
ITEM04924,ORD02338,PROD0400,3,3237.26,20
ITEM04925,ORD02621,PROD0170,3,7453.16,10
ITEM04926,ORD00952,PROD0367,3,4297.86,20
ITEM04927,ORD01352,PROD0182,1,1615.32,0
ITEM04928,ORD02810,PROD0365,4,402.72,5
ITEM04929,ORD02067,PROD0463,1,190.11,20
ITEM04930,ORD00185,PROD0215,3,6962.08,15
ITEM04931,ORD02548,PROD0298,4,3503.26,10
ITEM04932,ORD02407,PROD0061,2,3893.97,10
ITEM04935,ORD00475,PROD0347,1,7882.35,5
ITEM04936,ORD02978,PROD0589,4,5635.21,10
ITEM04937,ORD02258,PROD0419,5,5731.01,25
ITEM04938,ORD00288,PROD0577,1,482.88,10
ITEM04939,ORD00503,PROD0322,5,4877.1,5
ITEM04940,ORD00888,PROD0382,2,6783.98,15
ITEM04941,ORD02928,PROD0411,1,938.27,5
ITEM04942,ORD02112,PROD0322,3,6031.28,0
ITEM04943,ORD00686,PROD0347,4,1665.23,20
ITEM04944,ORD00048,PROD0109,1,688.35,10
ITEM04945,ORD01450,PROD0477,1,7710.4,0
ITEM04946,ORD01536,PROD0573,1,3170.42,25
ITEM04947,ORD00372,PROD0303,5,4610.4,20
ITEM04948,ORD00475,PROD0195,4,5059.96,25
ITEM04949,ORD01531,PROD0038,3,2787.94,20
ITEM04950,ORD00389,PROD0228,5,3382.51,15
ITEM04951,ORD00334,PROD0514,4,6390.38,15
ITEM04952,ORD00315,PROD0495,1,4359.7,25
ITEM04953,ORD01275,PROD0152,5,6827.91,25
ITEM04955,ORD00416,PROD0433,1,1356.53,20
ITEM04956,ORD00902,PROD0213,2,732.67,5
ITEM04957,ORD01145,PROD0591,3,1431.07,5
ITEM04958,ORD00173,PROD0577,3,474.59,0
ITEM04959,ORD00874,PROD0490,1,7494.73,15
ITEM04960,ORD02032,PROD0372,5,4512.02,15
ITEM04961,ORD00633,PROD0460,3,4396.08,15
ITEM04962,ORD01637,PROD0109,1,5570.47,5
ITEM04963,ORD01698,PROD0135,1,5249.88,0
ITEM04964,ORD01591,PROD0380,1,3520.21,15
ITEM04965,ORD02760,PROD0096,2,1014.81,20
ITEM04966,ORD01768,PROD0050,1,4405.03,0
ITEM04967,ORD02733,PROD0135,2,7017.19,20
ITEM04968,ORD02494,PROD0227,2,615.41,10
ITEM04969,ORD01463,PROD0598,5,6186.54,20
ITEM04970,ORD02952,PROD0139,1,3519.15,5
ITEM04971,ORD00906,PROD0118,3,6555.55,10
ITEM04973,ORD02872,PROD0108,1,7069.56,25
ITEM04974,ORD01585,PROD0111,5,6138.06,20
ITEM04975,ORD00199,PROD0296,3,392.11,5
ITEM04977,ORD01730,PROD0007,5,1111.23,10
ITEM04978,ORD00423,PROD0571,1,2137.4,25
ITEM04980,ORD02504,PROD0512,1,2164.74,20
ITEM04981,ORD00968,PROD0280,4,4576.8,10
ITEM04982,ORD01149,PROD0580,3,384.22,15
ITEM04983,ORD00048,PROD0341,5,422.64,5
ITEM04984,ORD02836,PROD0468,3,2822.77,15
ITEM04985,ORD02434,PROD0571,2,5521.42,25
ITEM04987,ORD01057,PROD0146,5,7865.0,0
ITEM04988,ORD01250,PROD0147,5,5314.71,10
ITEM04989,ORD02541,PROD0368,4,7449.81,25
ITEM04991,ORD02763,PROD0547,3,3714.99,15
ITEM04992,ORD02478,PROD0088,5,6480.41,5
ITEM04993,ORD00184,PROD0099,4,7514.52,10
ITEM04994,ORD02030,PROD0143,5,7846.22,15
ITEM04995,ORD00506,PROD0481,3,5427.52,15
ITEM04996,ORD02125,PROD0328,5,7267.1,5
ITEM04997,ORD02812,PROD0397,2,4928.69,15
ITEM04998,ORD01590,PROD0087,1,6104.66,15
ITEM04999,ORD00562,PROD0554,4,3567.78,5
ITEM05001,ORD02247,PROD0423,4,5256.17,0
ITEM05003,ORD02012,PROD0303,1,1391.38,10
ITEM05004,ORD02037,PROD0136,2,830.89,5
ITEM05005,ORD01321,PROD0152,3,1557.59,5
ITEM05006,ORD01394,PROD0156,3,6648.26,15
ITEM05007,ORD00139,PROD0001,5,2670.08,20
ITEM05008,ORD02537,PROD0317,5,3215.26,0
ITEM05009,ORD01854,PROD0185,1,2991.43,0
ITEM05010,ORD01391,PROD0154,1,5063.61,150
ITEM05011,ORD00933,PROD0339,2,6175.21,5
ITEM05012,ORD02945,PROD0122,5,2286.73,15
ITEM05014,ORD00942,PROD0296,2,2051.27,5
ITEM05015,ORD02973,PROD0127,1,4895.57,5
ITEM05016,ORD02371,PROD0278,3,7129.48,5
ITEM05017,ORD02972,PROD0112,3,7283.87,25
ITEM05018,ORD00308,PROD0288,1,6488.45,20
ITEM05019,ORD01989,PROD0525,2,2232.13,5
ITEM05020,ORD02790,PROD0477,4,4795.17,20
ITEM05021,ORD00620,PROD0312,1,6087.15,0
ITEM05022,ORD00471,PROD0438,5,1306.09,0
ITEM05023,ORD00889,PROD0504,5,7531.53,25
ITEM05025,ORD00175,PROD0581,4,1332.24,10
ITEM05026,ORD00667,PROD0419,3,7948.03,20
ITEM05027,ORD02526,PROD0446,2,5482.37,10
ITEM05028,ORD02065,PROD0485,4,7783.37,10
ITEM05029,ORD00523,PROD0428,2,6172.87,10
ITEM05030,ORD02058,PROD0536,5,1278.09,25
ITEM05031,ORD02024,PROD0153,3,2589.91,25
ITEM05032,ORD00761,PROD0132,3,1740.4,0
ITEM05033,ORD00277,PROD0478,5,5484.57,5
ITEM05034,ORD02268,PROD0026,3,511.59,5
ITEM05035,ORD01032,PROD0345,3,1958.65,25
ITEM05036,ORD02160,PROD0192,5,7703.14,5
ITEM05037,ORD00030,PROD0269,4,3264.17,15
ITEM05038,ORD01556,PROD0388,1,4328.37,20
ITEM05040,ORD02051,PROD0458,1,5825.23,5
ITEM05041,ORD00228,PROD0484,3,1779.72,25
ITEM05042,ORD00882,PROD0400,5,2975.28,5
ITEM05043,ORD00421,PROD0381,2,3259.64,0
ITEM05044,ORD02690,PROD0036,4,6754.97,25
ITEM05045,ORD00337,PROD0264,3,1875.96,25
ITEM05046,ORD00499,PROD0016,4,790.71,10
ITEM05047,ORD01457,PROD0146,5,6339.36,20
ITEM05048,ORD01565,PROD0314,3,5706.44,10
ITEM05049,ORD01111,PROD0210,2,692.65,20
ITEM05050,ORD01962,PROD0100,1,5515.67,10
ITEM05051,ORD00929,PROD0233,2,7114.24,20
ITEM05052,ORD01847,PROD0169,5,3542.27,20
ITEM05053,ORD01915,PROD0030,1,347.43,0
ITEM05054,ORD00844,PROD0310,2,2461.77,20
ITEM05055,ORD02457,PROD0509,3,5950.31,20
ITEM05056,ORD02872,PROD0365,5,5777.99,25
ITEM05057,ORD00282,PROD0544,5,4126.72,15
ITEM05058,ORD02097,PROD0414,1,7592.04,5
ITEM05059,ORD00474,PROD0376,5,4787.49,15
ITEM05060,ORD02487,PROD0262,2,3732.3,5
ITEM05061,ORD02110,PROD0131,4,7238.73,20
ITEM05062,ORD00185,PROD0216,2,1072.57,5
ITEM05063,ORD00763,PROD0235,5,2673.72,20
ITEM05064,ORD00168,PROD0450,1,2425.23,5
ITEM05065,ORD02809,PROD0121,3,5894.91,25
ITEM05066,ORD02152,PROD0224,4,4511.27,10
ITEM05067,ORD01884,PROD0483,4,2158.33,15
ITEM05068,ORD00074,PROD0227,4,3172.22,10
ITEM05069,ORD01648,PROD0013,1,5426.85,15
ITEM05070,ORD01547,PROD0143,2,6860.24,20
ITEM05072,ORD02207,PROD0131,1,4711.07,5
ITEM05073,ORD02063,PROD0426,5,1445.51,20
ITEM05074,ORD01072,PROD0451,2,3499.29,25
ITEM05075,ORD00883,PROD0211,2,6826.33,10
ITEM05076,ORD02957,PROD0369,5,7986.66,15
ITEM05077,ORD02335,PROD0171,1,7216.05,15
ITEM05078,ORD02704,PROD0407,1,7116.44,20
ITEM05079,ORD01444,PROD0238,1,1576.37,10
ITEM05080,ORD02677,PROD0271,2,7988.08,20
ITEM05081,ORD02978,PROD0284,5,7044.51,20
ITEM05083,ORD01440,PROD0101,2,7739.94,5
ITEM05084,ORD00485,PROD0030,4,6032.49,15
ITEM05085,ORD02283,PROD0091,4,6093.57,0
ITEM05086,ORD01258,PROD0573,2,6345.88,10
ITEM05087,ORD02564,PROD0542,1,802.83,15
ITEM05088,ORD02977,PROD0347,5,2894.46,10
ITEM05089,ORD02263,PROD0382,5,7466.6,5
ITEM05090,ORD00301,PROD0253,4,4654.4,5
ITEM05091,ORD00428,PROD0214,4,1668.36,25
ITEM05092,ORD01614,PROD0345,5,4047.88,15
ITEM05093,ORD01638,PROD0473,4,4229.38,15
ITEM05094,ORD02000,PROD0375,5,1795.36,20
ITEM05095,ORD01742,PROD0074,2,6692.58,10
ITEM05096,ORD00366,PROD0498,3,7987.6,0
ITEM05097,ORD02396,PROD0355,2,6229.27,20
ITEM05098,ORD00097,PROD0561,5,6425.66,5
ITEM05099,ORD01771,PROD0504,2,1657.11,20
ITEM05100,ORD02486,PROD0014,4,6818.77,0
ITEM05101,ORD01489,PROD0029,1,887.72,0
ITEM05102,ORD00918,PROD0109,3,2567.39,0
ITEM05103,ORD01261,PROD0290,2,6032.66,15
ITEM05104,ORD01029,PROD0512,5,1376.83,0
ITEM05105,ORD01072,PROD0600,5,250.22,0
ITEM05106,ORD02975,PROD0538,4,913.4,15
ITEM05107,ORD01025,PROD0472,5,295.6,25
ITEM05108,ORD02698,PROD0585,1,2839.62,15
ITEM05109,ORD00919,PROD0544,1,3144.15,20
ITEM05110,ORD02345,PROD0391,4,5380.51,15
ITEM05111,ORD01852,PROD0186,1,4734.66,15
ITEM05112,ORD00485,PROD0047,2,6129.15,15
ITEM05113,ORD00743,PROD0443,3,1906.21,5
ITEM05114,ORD00235,PROD0373,5,6417.74,20
ITEM05115,ORD02318,PROD0450,2,7182.07,10
ITEM05116,ORD02542,PROD0481,1,5366.9,25
ITEM05117,ORD01492,PROD0371,4,5001.79,5
ITEM05118,ORD02003,PROD0479,1,1080.58,25
ITEM05119,ORD01375,PROD0316,5,902.62,15
ITEM05122,ORD01737,PROD0521,3,3339.46,20
ITEM05123,ORD02818,PROD0549,5,3447.79,0
ITEM05124,ORD00144,PROD0537,3,5437.37,15
ITEM05125,ORD00822,PROD0356,5,3121.24,15
ITEM05126,ORD02422,PROD0301,2,7598.81,5
ITEM05127,ORD01683,PROD0281,3,7087.11,0
ITEM05128,ORD00690,PROD0392,2,1330.49,15
ITEM05129,ORD02019,PROD0435,3,4817.04,10
ITEM05130,ORD01372,PROD0531,4,5298.21,15
ITEM05131,ORD01578,PROD0266,5,5119.15,15
ITEM05132,ORD00321,PROD0358,3,6759.38,25
ITEM05133,ORD00978,PROD0282,4,7270.93,10
ITEM05135,ORD00989,PROD0454,4,1481.78,25
ITEM05136,ORD00023,PROD0573,3,5481.92,25
ITEM05137,ORD02148,PROD0408,3,7046.19,25
ITEM05138,ORD02555,PROD0265,3,7038.6,5
ITEM05139,ORD01807,PROD0358,3,4498.63,0
ITEM05140,ORD01975,PROD0538,1,3090.59,20
ITEM05141,ORD00885,PROD0204,5,3069.21,15
ITEM05142,ORD02378,PROD0194,2,5814.68,0
ITEM05143,ORD01015,PROD0417,5,3131.23,25
ITEM05144,ORD02150,PROD0044,3,6519.67,0
ITEM05145,ORD01945,PROD0227,4,1790.9,10
ITEM05146,ORD00358,PROD0361,1,5815.43,15
ITEM05147,ORD00895,PROD0181,3,6731.68,10
ITEM05148,ORD00424,PROD0047,2,3349.75,20
ITEM05149,ORD00944,PROD0546,4,5108.37,15
ITEM05150,ORD00844,PROD0207,3,7407.52,15
ITEM05151,ORD01152,PROD0438,3,5579.51,15
ITEM05152,ORD01769,PROD0039,2,1864.52,5
ITEM05153,ORD01990,PROD0202,5,5011.75,10
ITEM05154,ORD00457,PROD0344,5,1301.1,0
ITEM05155,ORD02903,PROD0590,3,6572.57,0
ITEM05156,ORD00219,PROD0091,1,1555.46,15
ITEM05157,ORD01787,PROD0046,4,6462.92,0
ITEM05158,ORD02794,PROD0336,1,3225.16,20
ITEM05159,ORD01075,PROD0473,4,4591.38,15
ITEM05160,ORD00829,PROD0531,2,7967.38,0
ITEM05161,ORD01750,PROD0090,3,2125.15,10
ITEM05162,ORD01832,PROD0381,3,5690.64,15
ITEM05163,ORD02164,PROD0216,3,329.98,10
ITEM05164,ORD02739,PROD0188,4,398.88,15
ITEM05165,ORD00119,PROD0414,5,3842.41,15
ITEM05166,ORD01927,PROD0062,4,818.79,25
ITEM05167,ORD02220,PROD0123,2,4857.76,5
ITEM05168,ORD02945,PROD0409,1,6922.16,20
ITEM05169,ORD00450,PROD0131,2,4012.08,10
ITEM05170,ORD01491,PROD0534,3,7685.63,0
ITEM05171,ORD02867,PROD0213,2,4061.1,20
ITEM05172,ORD01827,PROD0010,3,7345.83,20
ITEM05173,ORD00048,PROD0502,5,669.18,0
ITEM05174,ORD02573,PROD0415,3,1084.98,0
ITEM05175,ORD01751,PROD0274,1,4043.27,15
ITEM05176,ORD02162,PROD0210,5,5493.73,10
ITEM05177,ORD01808,PROD0544,3,4171.48,5
ITEM05178,ORD00044,PROD0234,3,4212.73,10
ITEM05179,ORD01895,PROD0219,4,7448.12,10
ITEM05180,ORD02704,PROD0292,1,6963.62,10
ITEM05181,ORD02541,PROD0133,4,1599.92,0
ITEM05182,ORD02517,PROD0011,2,1073.82,15
ITEM05183,ORD02270,PROD0519,2,6366.11,15
ITEM05184,ORD01050,PROD0252,1,3509.98,25
ITEM05185,ORD02127,PROD0334,5,4095.22,10
ITEM05186,ORD01070,PROD0274,1,4473.98,25
ITEM05187,ORD02346,PROD0324,5,1842.55,5
ITEM05188,ORD00763,PROD0035,4,5066.72,10
ITEM05189,ORD01785,PROD0006,3,1362.94,20
ITEM05190,ORD02560,PROD0056,1,5984.25,5
ITEM05191,ORD00847,PROD0039,2,4915.36,20
ITEM05192,ORD02697,PROD0412,4,1687.29,0
ITEM05194,ORD01445,PROD0272,1,7831.0,0
ITEM05196,ORD00738,PROD0475,2,7406.47,0
ITEM05197,ORD00482,PROD0150,5,2954.67,0
ITEM05198,ORD02288,PROD0335,1,322.63,5
ITEM05199,ORD00822,PROD0081,5,1249.25,0
ITEM05201,ORD01233,PROD0542,1,6286.83,0
ITEM05202,ORD02321,PROD0244,1,7289.92,10
ITEM05203,ORD01218,PROD0544,3,5714.21,5
ITEM05204,ORD02115,PROD0368,4,6088.42,15
ITEM05206,ORD00616,PROD0278,3,5158.97,10
ITEM05207,ORD00970,PROD0539,1,3091.77,0
ITEM05208,ORD02195,PROD0161,4,1290.92,25
ITEM05209,ORD00770,PROD0528,2,3577.24,10
ITEM05213,ORD00169,PROD0250,1,7504.35,0
ITEM05216,ORD01387,PROD0016,3,4173.12,10
ITEM05217,ORD02397,PROD0118,3,5936.19,20
ITEM05218,ORD02344,PROD0140,3,2411.64,25
ITEM05219,ORD01190,PROD0043,2,7351.98,0
ITEM05220,ORD01818,PROD0423,5,7452.7,10
ITEM05221,ORD01444,PROD0216,3,6908.4,20
ITEM05222,ORD02093,PROD0080,1,4136.15,25
ITEM05223,ORD00550,PROD0157,4,3593.32,10
ITEM05224,ORD01229,PROD0458,4,5076.55,15
ITEM05225,ORD01113,PROD0382,5,7009.96,10
ITEM05226,ORD01163,PROD0121,2,1852.08,15
ITEM05227,ORD00608,PROD0296,5,6526.04,5
ITEM05228,ORD01977,PROD0482,5,452.52,15
ITEM05229,ORD00255,PROD0292,3,7157.75,20
ITEM05230,ORD01165,PROD0561,3,4618.15,25
ITEM05231,ORD01705,PROD0473,3,7387.88,0
ITEM05232,ORD01788,PROD0437,2,1700.2,20
ITEM05233,ORD01397,PROD0432,4,1071.69,10
ITEM05234,ORD01492,PROD0227,3,7227.86,5
ITEM05235,ORD01845,PROD0442,4,2218.53,25
ITEM05236,ORD00086,PROD0385,3,1122.81,5
ITEM05237,ORD00627,PROD0503,2,5484.39,15
ITEM05238,ORD01477,PROD0203,1,7544.02,10
ITEM05239,ORD00464,PROD0207,3,960.27,25
ITEM05240,ORD00203,PROD0058,3,2370.9,10
ITEM05241,ORD01378,PROD0570,2,6353.9,10
ITEM05242,ORD01457,PROD0345,3,7400.51,5
ITEM05243,ORD00504,PROD0435,5,7657.04,25
ITEM05244,ORD00880,PROD0209,3,6385.51,25
ITEM05245,ORD01982,PROD0425,4,4145.45,20
ITEM05246,ORD02510,PROD0365,1,2516.95,25
ITEM05247,ORD02378,PROD0094,1,4096.53,25
ITEM05248,ORD00209,PROD0301,2,773.74,0
ITEM05249,ORD01518,PROD0338,4,4539.37,5
ITEM05250,ORD00383,PROD0593,4,4727.11,5
ITEM05251,ORD01602,PROD0570,4,7114.26,20
ITEM05252,ORD02793,PROD0249,1,5395.6,15
ITEM05254,ORD02074,PROD0560,3,5222.9,0
ITEM05255,ORD00361,PROD0035,3,3068.67,20
ITEM05256,ORD00807,PROD0081,1,998.01,5
ITEM05257,ORD00710,PROD0045,2,3336.29,0
ITEM05258,ORD00136,PROD0195,2,5704.78,20
ITEM05259,ORD01776,PROD0249,4,4761.37,5
ITEM05261,ORD02125,PROD0174,1,4542.84,20
ITEM05262,ORD00866,PROD0541,3,2374.11,15
ITEM05263,ORD02129,PROD0102,4,6217.46,15
ITEM05264,ORD01656,PROD0255,3,7063.32,5
ITEM05265,ORD00033,PROD0557,2,2496.97,25
ITEM05266,ORD00380,PROD0191,3,1612.83,15
ITEM05267,ORD01782,PROD0300,4,2333.04,25
ITEM05268,ORD01692,PROD0315,3,6808.59,10
ITEM05269,ORD01897,PROD0573,2,6166.99,5
ITEM05270,ORD02028,PROD0445,4,2031.0,20
ITEM05271,ORD02668,PROD0336,5,879.46,25
ITEM05272,ORD02252,PROD0486,4,6624.59,10
ITEM05274,ORD01827,PROD0091,3,7468.27,10
ITEM05275,ORD01573,PROD0223,5,4990.35,10
ITEM05277,ORD01653,PROD0319,2,1688.48,10
ITEM05278,ORD00042,PROD0157,4,6369.07,20
ITEM05279,ORD00046,PROD0569,5,6470.85,10
ITEM05280,ORD02414,PROD0398,4,3433.65,20
ITEM05281,ORD00262,PROD0125,5,1579.18,5
ITEM05282,ORD02362,PROD0150,2,5370.16,25
ITEM05283,ORD02582,PROD0140,3,3162.11,15
ITEM05284,ORD00563,PROD0191,1,1928.47,5
ITEM05285,ORD00944,PROD0498,5,6222.27,0
ITEM05286,ORD01585,PROD0066,2,4190.25,15
ITEM05287,ORD01233,PROD0534,3,4041.81,5
ITEM05288,ORD00211,PROD0272,3,2723.69,15
ITEM05289,ORD02812,PROD0334,4,5351.35,25
ITEM05290,ORD02729,PROD0381,4,4093.96,20
ITEM05291,ORD02773,PROD0003,1,7110.54,10
ITEM05292,ORD00275,PROD0135,4,5152.03,15
ITEM05293,ORD02670,PROD0435,3,5167.31,20
ITEM05294,ORD01082,PROD0220,4,7336.58,5
ITEM05295,ORD01913,PROD0038,3,3377.03,10
ITEM05296,ORD01780,PROD0364,2,7080.06,10
ITEM05297,ORD00728,PROD0044,1,2440.94,0
ITEM05298,ORD02806,PROD0523,4,3628.15,15
ITEM05300,ORD01335,PROD0085,5,877.6,20
ITEM05302,ORD00415,PROD0242,2,2635.3,20
ITEM05303,ORD01309,PROD0051,5,837.59,10
ITEM05304,ORD00769,PROD0191,2,5720.14,20
ITEM05305,ORD01949,PROD0434,4,5725.21,5
ITEM05306,ORD00763,PROD0502,5,5580.94,0
ITEM05307,ORD01144,PROD0132,2,1754.97,0
ITEM05308,ORD00007,PROD0412,1,7372.73,25
ITEM05309,ORD02071,PROD0080,4,489.26,10
ITEM05310,ORD00619,PROD0130,5,789.94,10
ITEM05311,ORD01432,PROD0471,3,4705.97,15
ITEM05312,ORD01483,PROD0022,3,6800.87,15
ITEM05313,ORD00078,PROD0185,3,4988.91,15
ITEM05314,ORD00392,PROD0116,3,1842.22,20
ITEM05315,ORD00794,PROD0046,3,7546.08,0
ITEM05316,ORD02571,PROD0496,4,5892.85,25
ITEM05317,ORD02948,PROD0376,1,1883.48,15
ITEM05318,ORD00315,PROD0012,5,6046.69,5
ITEM05319,ORD00446,PROD0412,5,4763.24,10
ITEM05320,ORD01390,PROD0206,4,1015.31,15
ITEM05321,ORD00980,PROD0159,1,2374.84,0
ITEM05322,ORD02497,PROD0130,4,2363.73,0
ITEM05323,ORD00736,PROD0424,4,3378.18,15
ITEM05324,ORD00178,PROD0180,2,1729.78,0
ITEM05325,ORD01696,PROD0365,3,4155.01,15
ITEM05326,ORD00597,PROD0257,4,2708.03,10
ITEM05327,ORD00614,PROD0432,4,7530.39,0
ITEM05328,ORD02763,PROD0248,4,5088.09,15
ITEM05329,ORD00236,PROD0148,4,5833.58,0
ITEM05330,ORD00032,PROD0008,3,7241.85,25
ITEM05331,ORD01789,PROD0564,4,477.1,20
ITEM05333,ORD00729,PROD0086,5,866.78,15
ITEM05334,ORD01859,PROD0208,2,7778.93,10
ITEM05337,ORD02387,PROD0328,1,6986.35,15
ITEM05339,ORD01216,PROD0193,2,6906.39,25
ITEM05340,ORD02163,PROD0233,1,1311.06,5
ITEM05341,ORD01622,PROD0272,4,6036.53,10
ITEM05342,ORD02573,PROD0339,1,4652.27,5
ITEM05343,ORD02953,PROD0036,3,690.27,25
ITEM05344,ORD00266,PROD0331,3,4423.33,0
ITEM05346,ORD01166,PROD0401,3,5828.73,5
ITEM05347,ORD01707,PROD0208,2,201.13,15
ITEM05348,ORD02903,PROD0378,3,1669.04,25
ITEM05349,ORD00217,PROD0003,5,6584.11,10
ITEM05351,ORD00136,PROD0151,1,6322.37,0
ITEM05352,ORD01105,PROD0452,1,1023.86,5
ITEM05353,ORD01397,PROD0174,5,7203.4,5
ITEM05354,ORD00870,PROD0579,4,876.4,25
ITEM05355,ORD02209,PROD0384,4,4304.11,15
ITEM05356,ORD01551,PROD0456,3,438.96,20
ITEM05357,ORD00387,PROD0506,2,7747.8,20
ITEM05359,ORD01422,PROD0372,5,809.1,15
ITEM05360,ORD02485,PROD0562,2,2091.69,25
ITEM05361,ORD00302,PROD0500,5,1813.28,15
ITEM05362,ORD01178,PROD0512,1,4225.19,25
ITEM05363,ORD01056,PROD0308,1,3177.8,25
ITEM05364,ORD02939,PROD0304,3,6650.07,25
ITEM05365,ORD01369,PROD0585,2,7461.46,10
ITEM05366,ORD01914,PROD0022,4,6842.06,15
ITEM05367,ORD01511,PROD0007,5,2198.53,5
ITEM05368,ORD00051,PROD0481,5,7063.78,10
ITEM05369,ORD01743,PROD0151,2,3683.81,20
ITEM05370,ORD02711,PROD0164,4,354.64,5
ITEM05371,ORD02587,PROD0393,1,1102.06,15
ITEM05372,ORD02100,PROD0021,1,357.16,20
ITEM05373,ORD00903,PROD0447,1,4762.93,0
ITEM05374,ORD02415,PROD0286,5,177.38,20
ITEM05375,ORD00276,PROD0479,1,534.56,5
ITEM05376,ORD00557,PROD0512,4,5384.16,20
ITEM05377,ORD00099,PROD0353,5,3775.38,15
ITEM05378,ORD02031,PROD0051,1,2328.61,20
ITEM05379,ORD01902,PROD0138,4,4126.19,0
ITEM05380,ORD00431,PROD0577,3,3500.4,25
ITEM05382,ORD01842,PROD0208,3,7699.78,10
ITEM05383,ORD01599,PROD0577,1,7925.34,5
ITEM05384,ORD00612,PROD0038,3,6942.77,0
ITEM05385,ORD00839,PROD0378,4,2035.24,25
ITEM05386,ORD02331,PROD0471,3,5885.26,25
ITEM05387,ORD02498,PROD0179,3,502.34,15
ITEM05388,ORD01462,PROD0109,4,3815.76,10
ITEM05389,ORD02960,PROD0538,4,5165.85,5
ITEM05390,ORD01488,PROD0555,1,4475.32,25
ITEM05391,ORD00463,PROD0502,4,2207.8,15
ITEM05392,ORD01156,PROD0512,4,4916.62,10
ITEM05394,ORD00964,PROD0382,4,4894.62,20
ITEM05395,ORD01924,PROD0128,2,2902.74,0
ITEM05396,ORD00329,PROD0205,1,5621.67,10
ITEM05397,ORD01745,PROD0592,1,1317.33,15
ITEM05398,ORD00459,PROD0592,1,4613.49,20
ITEM05399,ORD02357,PROD0194,2,3051.05,25
ITEM05400,ORD00154,PROD0218,1,2075.73,20
ITEM05401,ORD01960,PROD0571,2,460.9,25
ITEM05402,ORD01612,PROD0544,2,4197.46,25
ITEM05403,ORD02965,PROD0489,3,1972.32,10
ITEM05405,ORD00557,PROD0284,5,7655.42,10
ITEM05406,ORD01967,PROD0517,1,1042.83,20
ITEM05407,ORD00646,PROD0413,5,6857.77,20
ITEM05408,ORD00807,PROD0298,3,1109.43,5
ITEM05409,ORD02338,PROD0170,2,1228.94,5
ITEM05410,ORD00339,PROD0452,4,4158.86,10
ITEM05411,ORD00034,PROD0251,5,5260.53,25
ITEM05412,ORD02955,PROD0450,3,6716.51,25
ITEM05413,ORD02656,PROD0057,3,2706.41,15
ITEM05414,ORD02838,PROD0507,4,6280.65,20
ITEM05415,ORD00324,PROD0470,3,1750.14,5
ITEM05416,ORD02742,PROD0309,2,2519.2,10
ITEM05417,ORD00846,PROD0359,2,4097.8,25
ITEM05418,ORD00314,PROD0071,3,4035.39,0
ITEM05419,ORD02407,PROD0145,4,1389.68,20
ITEM05420,ORD01113,PROD0528,1,5904.62,5
ITEM05421,ORD01559,PROD0383,4,5202.67,15
ITEM05422,ORD00764,PROD0263,2,1715.82,0
ITEM05423,ORD01667,PROD0549,4,7135.81,15
ITEM05424,ORD00020,PROD0534,5,2626.07,0
ITEM05425,ORD01638,PROD0587,3,1938.46,20
ITEM05426,ORD02635,PROD0280,3,6444.64,0
ITEM05427,ORD02937,PROD0070,1,2503.76,15
ITEM05428,ORD02429,PROD0486,3,5034.54,10
ITEM05429,ORD01141,PROD0599,2,1050.65,0
ITEM05430,ORD00438,PROD0538,1,4113.7,25
ITEM05431,ORD02519,PROD0426,5,7165.16,20
ITEM05432,ORD02628,PROD0117,2,7681.17,25
ITEM05433,ORD02402,PROD0252,3,3669.14,10
ITEM05434,ORD00861,PROD0542,3,6403.11,25
ITEM05435,ORD00318,PROD0104,1,2700.86,15
ITEM05436,ORD00154,PROD0194,3,3745.74,15
ITEM05437,ORD00218,PROD0095,4,2397.39,25
ITEM05438,ORD00661,PROD0394,2,2519.82,10
ITEM05439,ORD01325,PROD0291,4,7914.77,0
ITEM05440,ORD00729,PROD0127,2,2832.21,10
ITEM05441,ORD01595,PROD0174,2,5359.35,20
ITEM05443,ORD01822,PROD0253,3,1948.23,15
ITEM05444,ORD01569,PROD0064,5,7418.46,10
ITEM05445,ORD01935,PROD0051,1,3424.4,5
ITEM05446,ORD02338,PROD0539,1,554.05,20
ITEM05448,ORD00306,PROD0266,1,5960.67,0
ITEM05449,ORD00699,PROD0170,3,5119.9,15
ITEM05450,ORD01385,PROD0409,1,3156.31,0
ITEM05452,ORD02166,PROD0344,3,1106.49,5
ITEM05453,ORD02762,PROD0202,4,3227.72,25
ITEM05454,ORD00051,PROD0144,5,2823.27,20
ITEM05455,ORD00276,PROD0337,4,5618.64,10
ITEM05456,ORD02261,PROD0120,4,5227.36,0
ITEM05457,ORD02732,PROD0383,4,4458.11,20
ITEM05458,ORD00244,PROD0338,2,5941.14,10
ITEM05459,ORD02428,PROD0183,2,822.31,20
ITEM05460,ORD00476,PROD0106,3,1406.25,20
ITEM05461,ORD02489,PROD0277,5,1036.29,0
ITEM05462,ORD01165,PROD0008,1,1848.73,20
ITEM05463,ORD01483,PROD0407,5,4711.49,20
ITEM05464,ORD00496,PROD0292,2,3385.68,5
ITEM05465,ORD00024,PROD0124,2,6593.21,0
ITEM05466,ORD00443,PROD0462,3,7136.73,5
ITEM05467,ORD00212,PROD0519,3,5659.45,15
ITEM05468,ORD02533,PROD0516,5,7688.8,15
ITEM05469,ORD01652,PROD0373,5,2483.77,0
ITEM05470,ORD02831,PROD0556,2,3787.31,20
ITEM05471,ORD00511,PROD0254,4,3737.94,25
ITEM05472,ORD01340,PROD0105,4,2600.54,10
ITEM05473,ORD02843,PROD0591,1,7969.73,10
ITEM05474,ORD00784,PROD0154,1,4544.01,0
ITEM05475,ORD00390,PROD0101,2,633.85,10
ITEM05476,ORD00563,PROD0223,1,2970.54,20
ITEM05477,ORD00700,PROD0242,3,1586.79,10
ITEM05478,ORD02930,PROD0013,2,1308.28,25
ITEM05479,ORD01032,PROD0405,2,7549.96,15
ITEM05480,ORD00335,PROD0249,2,228.72,5
ITEM05482,ORD01737,PROD0452,1,6536.31,15
ITEM05483,ORD01577,PROD0031,3,6216.15,20
ITEM05485,ORD02621,PROD0437,4,7293.15,10
ITEM05486,ORD00213,PROD0553,4,3971.34,5
ITEM05487,ORD00308,PROD0041,4,5254.77,5
ITEM05488,ORD01197,PROD0054,1,2042.65,5
ITEM05489,ORD02863,PROD0037,3,6857.62,0
ITEM05490,ORD02818,PROD0505,2,2376.71,15
ITEM05491,ORD00564,PROD0353,3,1585.35,10
ITEM05492,ORD01186,PROD0067,4,5997.79,25
ITEM05493,ORD02179,PROD0213,5,1546.37,15
ITEM05494,ORD02966,PROD0240,5,4474.63,25
ITEM05495,ORD00759,PROD0225,5,5311.88,20
ITEM05496,ORD00694,PROD0524,5,1647.19,15
ITEM05497,ORD02655,PROD0197,2,6249.97,15
ITEM05498,ORD02250,PROD0437,5,317.53,25
ITEM05499,ORD00163,PROD0281,2,5258.1,5
ITEM05500,ORD01443,PROD0468,2,770.72,20
ITEM05501,ORD02467,PROD0377,5,1996.83,0
ITEM05502,ORD02972,PROD0437,5,4806.39,25
ITEM05503,ORD00332,PROD0196,3,2108.15,25
ITEM05504,ORD01916,PROD0059,3,203.67,15
ITEM05505,ORD02685,PROD0004,4,3913.97,0
ITEM05506,ORD02963,PROD0572,5,7362.79,10
ITEM05507,ORD02320,PROD0290,5,4933.96,15
ITEM05508,ORD00811,PROD0355,4,3116.4,15
ITEM05509,ORD02886,PROD0425,2,6184.27,5
ITEM05510,ORD02240,PROD0012,3,7308.83,10
ITEM05511,ORD00299,PROD0264,5,2343.87,10
ITEM05512,ORD01139,PROD0176,2,7216.76,20
ITEM05513,ORD01364,PROD0345,1,1689.73,5
ITEM05514,ORD02900,PROD0036,3,4956.82,10
ITEM05515,ORD01205,PROD0099,5,3395.74,25
ITEM05516,ORD02822,PROD0363,1,7377.64,25
ITEM05517,ORD00408,PROD0027,5,3374.16,10
ITEM05518,ORD01404,PROD0110,2,7822.02,15
ITEM05519,ORD00940,PROD0412,3,5912.96,0
ITEM05520,ORD01373,PROD0032,3,659.35,5
ITEM05521,ORD02035,PROD0146,2,2012.47,5
ITEM05522,ORD01720,PROD0499,5,6326.74,15
ITEM05523,ORD00162,PROD0204,2,1849.36,20
ITEM05524,ORD00459,PROD0144,5,779.4,0
ITEM05525,ORD02156,PROD0584,2,2923.44,10
ITEM05526,ORD02764,PROD0454,3,7037.01,0
ITEM05527,ORD00290,PROD0166,4,6031.26,20
ITEM05529,ORD00289,PROD0090,3,4909.66,5
ITEM05530,ORD00978,PROD0108,1,7971.05,20
ITEM05531,ORD01650,PROD0166,2,572.63,15
ITEM05532,ORD02999,PROD0343,5,7125.67,25
ITEM05533,ORD00108,PROD0028,2,6540.21,20
ITEM05534,ORD00392,PROD0522,1,2061.12,15
ITEM05535,ORD01220,PROD0561,3,5764.82,25
ITEM05537,ORD01248,PROD0078,3,336.33,0
ITEM05539,ORD00257,PROD0435,5,3844.07,15
ITEM05540,ORD02628,PROD0197,2,6111.98,10
ITEM05541,ORD02327,PROD0588,4,6915.75,0
ITEM05542,ORD00859,PROD0132,1,2348.82,25
ITEM05543,ORD01276,PROD0508,3,1822.4,5
ITEM05544,ORD01257,PROD0313,2,970.12,15
ITEM05545,ORD01480,PROD0068,1,6467.6,10
ITEM05546,ORD01619,PROD0002,1,244.1,10
ITEM05547,ORD00453,PROD0205,1,1990.14,10
ITEM05548,ORD01368,PROD0467,5,2532.17,0
ITEM05549,ORD02953,PROD0484,2,5524.37,5
ITEM05550,ORD02782,PROD0238,5,7686.76,15
ITEM05551,ORD02837,PROD0476,2,5306.95,15
ITEM05552,ORD01548,PROD0079,5,6435.79,20
ITEM05553,ORD02291,PROD0597,5,4050.01,20
ITEM05554,ORD01860,PROD0503,4,3887.55,15
ITEM05555,ORD01520,PROD0066,2,4075.79,15
ITEM05556,ORD02689,PROD0079,2,6350.2,20
ITEM05557,ORD02200,PROD0087,5,7772.05,5
ITEM05558,ORD02518,PROD0468,2,477.5,20
ITEM05559,ORD01952,PROD0231,1,2308.05,0
ITEM05560,ORD02405,PROD0259,3,2831.42,20
ITEM05561,ORD01679,PROD0523,1,5214.82,15
ITEM05562,ORD02967,PROD0229,3,1040.73,20
ITEM05563,ORD02809,PROD0032,4,7700.45,20
ITEM05564,ORD02693,PROD0413,3,5864.13,0
ITEM05565,ORD01016,PROD0110,3,7029.53,10
ITEM05566,ORD02089,PROD0340,5,1662.74,20
ITEM05567,ORD00435,PROD0553,3,2021.64,15
ITEM05568,ORD02951,PROD0144,1,2989.32,10
ITEM05569,ORD01253,PROD0196,2,4730.7,15
ITEM05570,ORD00333,PROD0578,3,2125.55,15
ITEM05571,ORD00934,PROD0529,3,6802.4,15
ITEM05572,ORD00035,PROD0144,1,5950.22,25
ITEM05573,ORD00306,PROD0364,2,3750.3,25
ITEM05574,ORD01144,PROD0191,1,5541.25,10
ITEM05576,ORD01310,PROD0274,3,7505.21,0
ITEM05577,ORD01844,PROD0529,5,5468.62,15
ITEM05578,ORD01917,PROD0516,5,4373.67,20
ITEM05579,ORD00675,PROD0139,1,6133.95,0
ITEM05580,ORD00159,PROD0467,2,5481.22,0
ITEM05581,ORD01136,PROD0023,5,2586.29,0
ITEM05582,ORD00512,PROD0178,3,3309.88,25
ITEM05584,ORD01145,PROD0098,1,7627.63,10
ITEM05585,ORD02261,PROD0438,4,3945.28,20
ITEM05586,ORD01714,PROD0264,3,1319.14,15
ITEM05587,ORD00517,PROD0300,3,6616.25,15
ITEM05588,ORD00243,PROD0265,5,4456.62,15
ITEM05589,ORD00337,PROD0118,1,7840.35,20
ITEM05590,ORD01898,PROD0478,1,1962.8,5
ITEM05591,ORD01337,PROD0475,1,5589.56,25
ITEM05592,ORD01204,PROD0230,1,3789.11,5
ITEM05593,ORD01262,PROD0386,4,6215.52,20
ITEM05595,ORD00246,PROD0219,1,2197.14,5
ITEM05596,ORD02103,PROD0104,4,3622.14,20
ITEM05598,ORD00659,PROD0291,4,325.3,20
ITEM05599,ORD00497,PROD0108,2,614.62,20
ITEM05600,ORD01745,PROD0296,2,1216.81,0
ITEM05601,ORD01083,PROD0366,4,6552.39,0
ITEM05602,ORD02090,PROD0128,2,3790.17,20
ITEM05603,ORD00331,PROD0487,1,319.36,10
ITEM05604,ORD00992,PROD0472,3,1702.81,5
ITEM05605,ORD01451,PROD0391,4,2473.74,25
ITEM05606,ORD01355,PROD0216,4,1233.87,0
ITEM05607,ORD02660,PROD0159,2,1119.26,10
ITEM05608,ORD01057,PROD0112,1,1041.31,0
ITEM05609,ORD02622,PROD0141,1,3126.57,15
ITEM05610,ORD00420,PROD0254,4,5249.48,5
ITEM05611,ORD00217,PROD0034,3,6988.47,5
ITEM05612,ORD00309,PROD0317,3,1437.01,15
ITEM05613,ORD01793,PROD0251,3,6557.97,20
ITEM05614,ORD01088,PROD0140,3,6233.4,0
ITEM05615,ORD00507,PROD0420,1,7712.07,10
ITEM05616,ORD02737,PROD0585,5,2592.0,25
ITEM05617,ORD00581,PROD0424,1,4341.42,10
ITEM05619,ORD02193,PROD0158,4,4310.25,25
ITEM05620,ORD02627,PROD0378,1,4340.78,10
ITEM05621,ORD02507,PROD0595,3,7744.77,5
ITEM05622,ORD00785,PROD0137,2,2876.6,10
ITEM05623,ORD02430,PROD0236,3,4162.73,25
ITEM05624,ORD00845,PROD0342,2,4137.67,0
ITEM05625,ORD01377,PROD0029,4,2631.8,15
ITEM05627,ORD01848,PROD0217,3,2185.09,10
ITEM05629,ORD01939,PROD0505,4,3937.03,10
ITEM05630,ORD01121,PROD0580,4,2226.67,20
ITEM05631,ORD01005,PROD0035,3,3503.03,0
ITEM05632,ORD00200,PROD0446,1,3184.28,20
ITEM05633,ORD02094,PROD0139,4,2486.56,15
ITEM05634,ORD00516,PROD0469,3,6478.89,5
ITEM05635,ORD02036,PROD0474,5,1938.78,20
ITEM05636,ORD01441,PROD0298,4,312.48,0
ITEM05637,ORD00573,PROD0125,1,7104.73,10
ITEM05638,ORD00100,PROD0480,2,6898.71,10
ITEM05639,ORD01451,PROD0203,5,3565.25,0
ITEM05640,ORD01779,PROD0062,5,6695.81,20
ITEM05641,ORD00912,PROD0145,3,3829.57,15
ITEM05642,ORD02309,PROD0147,4,7624.76,10
ITEM05643,ORD02738,PROD0107,4,2478.69,0
ITEM05644,ORD02809,PROD0404,1,1858.21,10
ITEM05645,ORD00241,PROD0237,5,2482.6,25
ITEM05646,ORD02600,PROD0521,5,2180.45,10
ITEM05647,ORD00634,PROD0471,5,4649.68,5
ITEM05648,ORD02809,PROD0249,4,862.82,15
ITEM05649,ORD02423,PROD0271,5,3400.99,10
ITEM05650,ORD01377,PROD0314,5,5634.4,10
ITEM05651,ORD02914,PROD0363,4,5904.41,0
ITEM05652,ORD00710,PROD0460,2,5846.34,15
ITEM05653,ORD02907,PROD0295,2,3599.67,0
ITEM05654,ORD02168,PROD0235,2,6822.55,25
ITEM05655,ORD01147,PROD0025,2,1824.23,5
ITEM05656,ORD01615,PROD0133,4,3191.58,15
ITEM05657,ORD01674,PROD0278,1,6166.6,10
ITEM05658,ORD00166,PROD0285,4,2790.4,10
ITEM05659,ORD00407,PROD0083,2,4486.59,5
ITEM05660,ORD02068,PROD0082,1,7723.87,10
ITEM05661,ORD00027,PROD0140,2,4325.39,20
ITEM05663,ORD02782,PROD0347,5,2948.58,20
ITEM05664,ORD02942,PROD0139,4,6271.77,15
ITEM05665,ORD02009,PROD0494,3,1583.1,20
ITEM05666,ORD00861,PROD0326,3,1853.63,5
ITEM05667,ORD02617,PROD0468,2,5891.56,5
ITEM05669,ORD01714,PROD0593,2,776.52,10
ITEM05670,ORD00491,PROD0043,1,1232.93,0
ITEM05671,ORD02006,PROD0452,2,681.54,5
ITEM05672,ORD02573,PROD0258,5,3175.12,20
ITEM05673,ORD02730,PROD0392,3,1850.12,15
ITEM05674,ORD00280,PROD0370,3,3889.76,0
ITEM05675,ORD00108,PROD0365,2,183.77,20
ITEM05676,ORD02292,PROD0200,1,4515.49,5
ITEM05677,ORD00125,PROD0582,3,556.16,20
ITEM05678,ORD00859,PROD0239,4,3676.94,5
ITEM05679,ORD00432,PROD0134,5,3889.22,5
ITEM05681,ORD00655,PROD0465,3,4911.32,25
ITEM05682,ORD00110,PROD0539,2,3384.0,25
ITEM05683,ORD00076,PROD0001,5,611.52,5
ITEM05684,ORD00708,PROD0029,5,5293.39,15
ITEM05685,ORD00350,PROD0161,1,4251.21,10
ITEM05686,ORD01423,PROD0185,2,4830.24,25
ITEM05687,ORD02866,PROD0332,5,3396.19,0
ITEM05689,ORD02543,PROD0529,4,7576.7,0
ITEM05690,ORD01886,PROD0370,4,6348.04,0
ITEM05691,ORD00810,PROD0172,2,258.02,20
ITEM05692,ORD02154,PROD0552,1,6385.77,0
ITEM05694,ORD00694,PROD0287,1,7582.51,0
ITEM05695,ORD00193,PROD0455,5,5058.4,15
ITEM05696,ORD02022,PROD0358,5,5650.24,15
ITEM05697,ORD01330,PROD0349,5,2803.96,0
ITEM05698,ORD02408,PROD0347,5,6061.5,10
ITEM05699,ORD01374,PROD0045,3,5006.11,15
ITEM05700,ORD00721,PROD0255,4,3386.57,10
ITEM05701,ORD02774,PROD0403,2,3645.71,20
ITEM05702,ORD01759,PROD0348,1,4390.39,0
ITEM05703,ORD01180,PROD0138,1,2571.45,5
ITEM05704,ORD02668,PROD0567,3,6158.65,10
ITEM05705,ORD00189,PROD0266,4,1297.96,15
ITEM05706,ORD01582,PROD0268,2,7443.18,20
ITEM05707,ORD00825,PROD0588,3,986.96,25
ITEM05708,ORD01547,PROD0460,3,7753.92,15
ITEM05709,ORD02278,PROD0574,4,4574.57,25
ITEM05710,ORD02853,PROD0369,5,2620.12,10
ITEM05711,ORD02542,PROD0078,1,578.62,25
ITEM05712,ORD01789,PROD0469,2,7829.95,10
ITEM05714,ORD02372,PROD0461,5,4947.53,10
ITEM05715,ORD00888,PROD0466,4,561.22,5
ITEM05716,ORD01142,PROD0589,2,7048.69,0
ITEM05717,ORD01767,PROD0273,3,5454.94,20
ITEM05718,ORD02137,PROD0151,3,7860.09,15
ITEM05719,ORD02239,PROD0015,3,3607.11,10
ITEM05720,ORD00161,PROD0495,5,1727.11,10
ITEM05721,ORD00280,PROD0522,4,3080.17,20
ITEM05722,ORD00731,PROD0443,5,1245.56,0
ITEM05723,ORD00904,PROD0163,4,7629.71,10
ITEM05724,ORD02033,PROD0121,2,3009.02,15
ITEM05725,ORD00757,PROD0075,2,6843.18,0
ITEM05726,ORD00111,PROD0566,3,3744.0,20
ITEM05727,ORD02360,PROD0358,5,1053.84,5
ITEM05728,ORD00582,PROD0313,2,2822.29,15
ITEM05729,ORD01560,PROD0021,1,4705.62,25
ITEM05730,ORD00004,PROD0342,4,6517.9,5
ITEM05731,ORD01669,PROD0048,2,391.99,10
ITEM05732,ORD00300,PROD0252,4,2806.27,5
ITEM05733,ORD00513,PROD0528,3,3554.41,20
ITEM05734,ORD01094,PROD0455,4,6558.48,0
ITEM05735,ORD02042,PROD0045,4,495.22,15
ITEM05736,ORD01116,PROD0387,1,6677.79,5
ITEM05737,ORD01014,PROD0456,1,7944.0,10
ITEM05738,ORD02422,PROD0082,4,7935.89,10
ITEM05739,ORD00807,PROD0397,5,3585.81,25
ITEM05740,ORD02983,PROD0391,2,4104.31,25
ITEM05741,ORD01878,PROD0448,2,7018.64,10
ITEM05742,ORD01958,PROD0502,3,6684.73,25
ITEM05743,ORD01332,PROD0262,3,6691.72,15
ITEM05744,ORD01758,PROD0125,5,1321.54,20
ITEM05745,ORD02968,PROD0512,3,676.49,5
ITEM05746,ORD02004,PROD0519,3,7076.67,25
ITEM05747,ORD00261,PROD0257,1,5847.48,20
ITEM05748,ORD02061,PROD0513,4,1509.0,5
ITEM05749,ORD02904,PROD0265,5,1500.4,25
ITEM05750,ORD00660,PROD0140,2,5752.99,20
ITEM05751,ORD02398,PROD0537,2,1112.98,20
ITEM05752,ORD00098,PROD0015,4,5634.61,0
ITEM05753,ORD00867,PROD0142,1,2422.33,10
ITEM05754,ORD02095,PROD0265,3,3446.29,15
ITEM05755,ORD00292,PROD0373,3,1017.13,15
ITEM05756,ORD02663,PROD0389,4,205.47,10
ITEM05757,ORD01711,PROD0562,5,6726.93,20
ITEM05758,ORD00347,PROD0102,4,5532.13,25
ITEM05759,ORD01271,PROD0380,4,5275.33,15
ITEM05761,ORD02948,PROD0444,4,3296.84,10
ITEM05762,ORD01969,PROD0404,1,4562.79,5
ITEM05763,ORD00035,PROD0513,3,6821.47,5
ITEM05765,ORD00758,PROD0073,4,3005.49,10
ITEM05766,ORD02348,PROD0551,5,4036.6,5
ITEM05767,ORD02431,PROD0572,5,3978.06,5
ITEM05768,ORD01918,PROD0370,3,5962.14,5
ITEM05769,ORD00683,PROD0006,4,754.49,25
ITEM05770,ORD02270,PROD0371,1,3401.11,20
ITEM05771,ORD00698,PROD0550,4,6301.55,5
ITEM05772,ORD02644,PROD0539,4,6313.21,10
ITEM05774,ORD01251,PROD0425,4,1737.03,0
ITEM05775,ORD01007,PROD0167,1,2167.0,0
ITEM05776,ORD00795,PROD0092,5,5615.94,20
ITEM05777,ORD00980,PROD0248,1,7190.18,0
ITEM05778,ORD00459,PROD0521,3,5398.38,15
ITEM05779,ORD01449,PROD0258,5,4324.45,10
ITEM05780,ORD02143,PROD0511,3,3066.52,25
ITEM05781,ORD01186,PROD0365,2,4620.68,0
ITEM05782,ORD01408,PROD0077,3,1663.93,20
ITEM05784,ORD00865,PROD0325,1,7509.06,20
ITEM05786,ORD02690,PROD0248,3,2890.42,15
ITEM05787,ORD01738,PROD0443,2,5307.84,5
ITEM05789,ORD02201,PROD0448,3,686.09,25
ITEM05790,ORD02187,PROD0145,3,7564.72,15
ITEM05791,ORD00189,PROD0126,5,4975.61,20
ITEM05792,ORD00455,PROD0443,2,2220.34,15
ITEM05793,ORD02469,PROD0314,4,3454.11,5
ITEM05794,ORD02425,PROD0201,4,6443.4,25
ITEM05795,ORD02199,PROD0291,2,3538.17,10
ITEM05796,ORD00479,PROD0497,5,3741.96,15
ITEM05797,ORD01972,PROD0579,5,7108.6,0
ITEM05798,ORD00371,PROD0005,2,5291.58,15
ITEM05799,ORD00316,PROD0060,5,2605.54,25
ITEM05800,ORD02770,PROD0131,1,1624.8,25
ITEM05801,ORD01861,PROD0163,1,7333.59,0
ITEM05802,ORD01497,PROD0078,5,475.51,10
ITEM05803,ORD01442,PROD0392,2,6636.14,25
ITEM05804,ORD01109,PROD0428,2,1331.46,0
ITEM05805,ORD01601,PROD0345,4,3353.07,25
ITEM05806,ORD00966,PROD0218,3,436.29,5
ITEM05807,ORD01180,PROD0194,2,3158.6,10
ITEM05808,ORD00986,PROD0552,1,7642.11,0
ITEM05809,ORD00963,PROD0055,4,2613.95,20
ITEM05810,ORD02159,PROD0291,1,5429.62,5
ITEM05811,ORD00252,PROD0145,3,4304.37,5
ITEM05812,ORD01420,PROD0051,4,2348.16,0
ITEM05813,ORD02459,PROD0218,2,7542.04,20
ITEM05814,ORD00222,PROD0599,5,4923.6,15
ITEM05815,ORD00101,PROD0144,3,2268.16,10
ITEM05816,ORD00829,PROD0089,1,7272.29,0
ITEM05817,ORD01918,PROD0496,1,5403.81,5
ITEM05818,ORD00966,PROD0337,2,7518.82,5
ITEM05819,ORD02003,PROD0487,2,3992.72,10
ITEM05820,ORD01406,PROD0264,4,3273.02,15
ITEM05821,ORD00522,PROD0455,3,3885.15,5
ITEM05822,ORD01383,PROD0329,3,4525.72,0
ITEM05823,ORD01181,PROD0480,1,1560.84,15
ITEM05824,ORD01665,PROD0439,1,2815.75,25
ITEM05825,ORD01012,PROD0595,2,6419.3,20
ITEM05826,ORD00523,PROD0273,2,3781.97,0
ITEM05827,ORD00569,PROD0071,3,612.12,25
ITEM05828,ORD00403,PROD0213,3,6669.48,5
ITEM05829,ORD02608,PROD0256,5,546.73,5
ITEM05830,ORD01936,PROD0553,5,5205.67,10
ITEM05831,ORD02066,PROD0186,3,6527.0,15
ITEM05832,ORD00774,PROD0221,5,698.49,5
ITEM05834,ORD02821,PROD0113,2,7893.22,10
ITEM05835,ORD02456,PROD0249,5,5620.02,10
ITEM05837,ORD00346,PROD0092,4,7532.24,5
ITEM05838,ORD00727,PROD0035,4,6872.54,25
ITEM05840,ORD02938,PROD0283,3,1638.28,10
ITEM05841,ORD00884,PROD0402,3,2427.3,5
ITEM05842,ORD00657,PROD0577,4,4767.68,10
ITEM05843,ORD00604,PROD0161,1,5107.59,15
ITEM05844,ORD02578,PROD0154,2,7370.81,15
ITEM05845,ORD01631,PROD0513,2,2655.25,15
ITEM05846,ORD02084,PROD0049,5,7234.3,15
ITEM05848,ORD00895,PROD0193,5,6042.29,5
ITEM05849,ORD00162,PROD0015,1,4765.81,0
ITEM05850,ORD02727,PROD0434,2,5127.97,5
ITEM05851,ORD01402,PROD0527,4,5216.3,15
ITEM05852,ORD01827,PROD0339,3,3309.52,20
ITEM05853,ORD01693,PROD0124,4,1450.73,25
ITEM05854,ORD01266,PROD0474,1,2044.43,10
ITEM05855,ORD01726,PROD0222,2,1592.91,10
ITEM05856,ORD01551,PROD0363,4,6867.01,20
ITEM05857,ORD01168,PROD0067,3,2478.99,15
ITEM05858,ORD00823,PROD0341,1,3804.48,15
ITEM05859,ORD00836,PROD0322,1,6568.36,20
ITEM05860,ORD01501,PROD0111,4,3257.68,25
ITEM05861,ORD01584,PROD0368,5,2983.31,20
ITEM05862,ORD01673,PROD0336,4,248.97,25
ITEM05863,ORD00937,PROD0225,4,5990.05,5
ITEM05864,ORD00747,PROD0584,4,5933.59,20
ITEM05865,ORD01050,PROD0144,1,218.33,5
ITEM05866,ORD00754,PROD0131,3,876.76,10
ITEM05867,ORD01387,PROD0362,4,7354.8,25
ITEM05868,ORD01509,PROD0203,4,5183.22,5
ITEM05869,ORD01986,PROD0407,4,503.83,0
ITEM05870,ORD01167,PROD0148,4,2559.05,0
ITEM05871,ORD00758,PROD0484,1,4429.22,5
ITEM05872,ORD01994,PROD0159,2,4784.15,5
ITEM05873,ORD00500,PROD0017,5,6266.43,10
ITEM05874,ORD02615,PROD0153,3,7156.06,25
ITEM05875,ORD00780,PROD0157,2,4917.74,10
ITEM05876,ORD00135,PROD0090,3,4606.96,5
ITEM05877,ORD02282,PROD0267,1,3767.79,15
ITEM05878,ORD02773,PROD0337,2,4887.14,20
ITEM05879,ORD01917,PROD0552,2,5324.96,25
ITEM05880,ORD01205,PROD0511,4,3744.57,20
ITEM05881,ORD00099,PROD0052,4,4120.37,10
ITEM05882,ORD01243,PROD0409,4,7847.26,15
ITEM05883,ORD02489,PROD0317,5,1892.55,25
ITEM05884,ORD00020,PROD0579,3,1801.34,15
ITEM05885,ORD02071,PROD0163,3,7257.56,0
ITEM05887,ORD02594,PROD0438,2,4631.28,5
ITEM05888,ORD01545,PROD0390,5,6043.63,5
ITEM05889,ORD00864,PROD0147,3,3666.22,5
ITEM05890,ORD01999,PROD0251,3,5785.04,15
ITEM05891,ORD02214,PROD0170,4,7693.4,25
ITEM05892,ORD02794,PROD0277,4,1538.16,25
ITEM05893,ORD02786,PROD0247,3,5158.56,15
ITEM05894,ORD01705,PROD0408,1,510.89,0
ITEM05895,ORD01222,PROD0396,1,4442.74,15
ITEM05896,ORD02103,PROD0406,2,4091.9,20
ITEM05897,ORD01582,PROD0533,5,7652.47,20
ITEM05898,ORD00694,PROD0279,3,4891.96,10
ITEM05899,ORD00078,PROD0252,5,2977.78,20
ITEM05900,ORD01750,PROD0332,4,6430.02,5
ITEM05901,ORD02733,PROD0307,3,519.34,20
ITEM05902,ORD02213,PROD0234,2,6970.29,20
ITEM05903,ORD01015,PROD0558,1,1102.25,20
ITEM05904,ORD00781,PROD0275,4,3453.5,0
ITEM05905,ORD00554,PROD0209,4,7729.62,20
ITEM05906,ORD01015,PROD0565,1,864.81,25
ITEM05907,ORD00647,PROD0164,1,752.71,5
ITEM05908,ORD00393,PROD0514,3,1565.99,0
ITEM05910,ORD00623,PROD0222,1,7436.22,5
ITEM05912,ORD02432,PROD0567,2,774.46,15
ITEM05913,ORD00187,PROD0188,2,1109.22,20
ITEM05914,ORD01747,PROD0496,2,424.47,0
ITEM05915,ORD00750,PROD0357,5,292.62,5
ITEM05916,ORD00401,PROD0468,4,5139.49,15
ITEM05917,ORD02357,PROD0015,1,5638.38,25
ITEM05918,ORD00431,PROD0596,1,7617.06,15
ITEM05919,ORD01404,PROD0218,2,7521.24,10
ITEM05920,ORD02170,PROD0245,3,7930.82,20
ITEM05921,ORD01971,PROD0117,3,7318.19,10
ITEM05922,ORD01167,PROD0505,3,3567.6,0
ITEM05923,ORD00466,PROD0477,1,7198.59,25
ITEM05924,ORD02263,PROD0464,1,1196.99,5
ITEM05925,ORD02184,PROD0191,1,6773.56,0
ITEM05926,ORD00191,PROD0244,5,225.91,20
ITEM05927,ORD02979,PROD0207,3,5072.73,20
ITEM05928,ORD02628,PROD0117,2,6723.4,5
ITEM05929,ORD00464,PROD0390,1,346.31,20
ITEM05930,ORD02909,PROD0220,2,2232.59,0
ITEM05933,ORD02686,PROD0044,2,842.82,0
ITEM05934,ORD00405,PROD0448,4,4577.4,25
ITEM05935,ORD01189,PROD0170,5,7643.36,25
ITEM05936,ORD00882,PROD0172,4,4028.74,0
ITEM05937,ORD00416,PROD0086,4,3650.58,0
ITEM05938,ORD00463,PROD0444,4,6388.12,25
ITEM05939,ORD02200,PROD0422,2,7631.72,0
ITEM05940,ORD00736,PROD0328,1,2764.78,20
ITEM05941,ORD01627,PROD0263,2,3543.64,5
ITEM05942,ORD00065,PROD0175,2,470.25,20
ITEM05943,ORD01225,PROD0086,4,5533.29,10
ITEM05944,ORD00855,PROD0024,3,7571.58,0
ITEM05945,ORD01479,PROD0203,1,4925.42,10
ITEM05946,ORD00305,PROD0063,3,365.63,10
ITEM05947,ORD01310,PROD0003,5,2186.74,10
ITEM05948,ORD00671,PROD0561,3,3390.95,15
ITEM05949,ORD01830,PROD0064,2,6286.1,20
ITEM05952,ORD01842,PROD0403,3,5330.05,0
ITEM05954,ORD00032,PROD0087,4,7236.74,15
ITEM05955,ORD00685,PROD0466,5,7857.92,5
ITEM05956,ORD02970,PROD0141,5,1621.08,0
ITEM05957,ORD00483,PROD0561,2,1173.92,10
ITEM05958,ORD00443,PROD0093,2,646.21,5
ITEM05959,ORD01048,PROD0029,4,7178.82,15
ITEM05960,ORD02188,PROD0032,1,7103.49,20
ITEM05961,ORD00162,PROD0373,1,1553.35,0
ITEM05962,ORD01644,PROD0323,1,669.22,15
ITEM05963,ORD02614,PROD0280,4,6445.48,25
ITEM05964,ORD00364,PROD0472,1,5396.1,10
ITEM05965,ORD02215,PROD0361,4,4598.91,20
ITEM05966,ORD02278,PROD0416,2,5101.43,0
ITEM05967,ORD00670,PROD0261,1,3665.47,25
ITEM05968,ORD02475,PROD0026,3,5132.55,20
ITEM05969,ORD02805,PROD0083,2,4407.91,25
ITEM05970,ORD02135,PROD0124,5,640.16,0
ITEM05971,ORD00409,PROD0281,3,5634.8,15
ITEM05972,ORD02848,PROD0412,4,3595.98,0
ITEM05973,ORD02394,PROD0347,2,2253.6,15
ITEM05974,ORD00119,PROD0099,4,456.23,5
ITEM05975,ORD00388,PROD0461,4,2555.43,0
ITEM05976,ORD01980,PROD0478,1,1162.15,5
ITEM05977,ORD02726,PROD0211,5,182.94,25
ITEM05978,ORD01434,PROD0236,3,3699.11,5
ITEM05979,ORD01804,PROD0472,2,2682.37,5
ITEM05980,ORD02985,PROD0153,1,4995.56,10
ITEM05981,ORD02606,PROD0187,5,2252.02,20
ITEM05982,ORD02276,PROD0486,2,2981.97,20
ITEM05983,ORD02044,PROD0179,4,7664.94,20
ITEM05984,ORD02490,PROD0195,2,5084.67,10
ITEM05985,ORD02870,PROD0484,1,1432.76,10
ITEM05986,ORD00123,PROD0249,5,4098.78,25
ITEM05988,ORD01574,PROD0294,5,2395.08,5
ITEM05989,ORD02775,PROD0466,2,4746.46,5
ITEM05990,ORD01308,PROD0403,3,1177.34,5
ITEM05992,ORD02710,PROD0465,4,1453.27,5
ITEM05993,ORD01939,PROD0255,3,7790.48,5
ITEM05994,ORD00962,PROD0320,1,7521.75,25
ITEM05995,ORD00648,PROD0058,1,3376.44,5
ITEM05996,ORD01007,PROD0277,1,1066.02,25
ITEM05997,ORD00546,PROD0095,3,3277.11,5
ITEM05998,ORD01047,PROD0352,2,7782.49,15
ITEM05999,ORD00868,PROD0411,2,6427.73,20
ITEM06000,ORD02280,PROD0430,2,7112.12,5
ITEM06001,ORD01493,PROD0471,1,2374.0,10
ITEM06002,ORD01491,PROD0372,1,5960.54,25
ITEM06003,ORD01256,PROD0209,3,6989.41,5
ITEM06004,ORD00345,PROD0080,1,3817.43,10
ITEM06005,ORD02359,PROD0272,3,7934.27,10
ITEM06006,ORD01959,PROD0296,2,6157.68,0
ITEM06007,ORD02588,PROD0568,5,5790.95,5
ITEM06008,ORD02562,PROD0308,4,2015.45,0
ITEM06010,ORD01671,PROD0280,4,5187.2,5
ITEM06011,ORD01031,PROD0397,3,1547.56,20
ITEM06012,ORD02053,PROD0453,2,2137.51,25
ITEM06013,ORD00837,PROD0331,2,5266.74,20
ITEM06014,ORD02533,PROD0541,4,3091.06,25
ITEM06015,ORD02335,PROD0122,3,2032.94,0
ITEM06016,ORD00251,PROD0476,3,6504.74,10
ITEM06017,ORD01510,PROD0078,5,1878.89,10
ITEM06018,ORD01967,PROD0583,2,7351.6,5
ITEM06019,ORD00200,PROD0348,4,6530.22,20
ITEM06020,ORD00703,PROD0267,3,5960.18,0
ITEM06021,ORD00106,PROD0516,1,1251.47,15
ITEM06022,ORD01229,PROD0245,4,4350.32,25
ITEM06023,ORD01573,PROD0173,3,1763.87,0
ITEM06024,ORD02604,PROD0073,3,5110.45,0
ITEM06025,ORD01744,PROD0431,5,3205.66,25
ITEM06026,ORD00109,PROD0387,5,5069.25,5
ITEM06027,ORD01827,PROD0317,5,954.15,5
ITEM06028,ORD00262,PROD0532,4,4842.11,25
ITEM06029,ORD02576,PROD0038,4,2804.6,15
ITEM06031,ORD00037,PROD0105,1,7218.08,10
ITEM06033,ORD00007,PROD0261,1,1619.88,15
ITEM06034,ORD00677,PROD0572,5,4397.9,20
ITEM06036,ORD02270,PROD0401,1,2224.55,25
ITEM06038,ORD01893,PROD0405,4,5000.41,25
ITEM06039,ORD01855,PROD0518,3,1436.82,0
ITEM06040,ORD02652,PROD0070,3,815.5,10
ITEM06041,ORD00559,PROD0264,4,258.65,15
ITEM06044,ORD02126,PROD0330,5,5713.2,20
ITEM06045,ORD01120,PROD0468,3,5328.63,25
ITEM06046,ORD01790,PROD0219,4,5663.27,20
ITEM06047,ORD02064,PROD0175,5,1952.53,10
ITEM06048,ORD01288,PROD0511,4,4662.03,25
ITEM06049,ORD02461,PROD0548,2,3211.13,15
ITEM06050,ORD00065,PROD0481,3,5801.14,0
ITEM06051,ORD00166,PROD0378,5,1864.58,10
ITEM06052,ORD02990,PROD0549,1,2634.2,10
ITEM06053,ORD00942,PROD0584,1,7805.64,10
ITEM06054,ORD01777,PROD0027,2,4316.3,20
ITEM06056,ORD01743,PROD0016,5,3440.28,10
ITEM06057,ORD01259,PROD0480,4,284.17,15
ITEM06058,ORD01338,PROD0084,2,833.52,0
ITEM06059,ORD02050,PROD0298,2,3206.95,25
ITEM06060,ORD00561,PROD0389,3,6731.91,10
ITEM06061,ORD00426,PROD0540,1,7030.13,5
ITEM06062,ORD01137,PROD0354,5,2453.15,20
ITEM06063,ORD01430,PROD0240,3,3331.45,5
ITEM06064,ORD01378,PROD0162,3,5181.14,15
ITEM06065,ORD01857,PROD0339,1,6610.21,25
ITEM06066,ORD01710,PROD0372,3,3751.17,5
ITEM06067,ORD01991,PROD0259,5,6527.48,25
ITEM06068,ORD01445,PROD0159,3,746.98,5
ITEM06069,ORD01356,PROD0565,3,3441.57,20
ITEM06071,ORD00696,PROD0162,4,4773.56,25
ITEM06072,ORD00718,PROD0281,5,5532.37,15
ITEM06073,ORD01343,PROD0166,2,6324.32,15
ITEM06075,ORD02526,PROD0055,2,622.73,5
ITEM06076,ORD02723,PROD0530,3,2263.26,15
ITEM06077,ORD00004,PROD0061,5,2208.49,0
ITEM06078,ORD01403,PROD0585,1,7539.56,10
ITEM06079,ORD00588,PROD0425,5,5957.4,15
ITEM06080,ORD01312,PROD0227,5,2824.56,25
ITEM06081,ORD00827,PROD0494,4,5687.65,10
ITEM06082,ORD00660,PROD0292,4,702.04,5
ITEM06083,ORD02962,PROD0445,2,320.86,0
ITEM06084,ORD02094,PROD0363,2,326.01,5
ITEM06085,ORD00838,PROD0270,4,748.4,20
ITEM06086,ORD02453,PROD0511,5,4043.81,15
ITEM06087,ORD00590,PROD0534,2,5258.05,10
ITEM06088,ORD02471,PROD0194,2,5578.62,0
ITEM06089,ORD01175,PROD0105,5,667.76,0
ITEM06090,ORD01576,PROD0050,2,1738.31,25
ITEM06091,ORD02775,PROD0237,1,4111.14,10
ITEM06092,ORD01196,PROD0289,1,4303.76,10
ITEM06093,ORD01024,PROD0430,4,575.64,5
ITEM06094,ORD02773,PROD0017,5,7356.54,0
ITEM06095,ORD00912,PROD0483,5,4391.26,25
ITEM06096,ORD00649,PROD0069,1,4705.76,15
ITEM06097,ORD01989,PROD0424,4,7525.41,15
ITEM06098,ORD01864,PROD0246,4,2835.23,15
ITEM06099,ORD01547,PROD0319,3,2886.46,10
ITEM06100,ORD02530,PROD0060,2,2114.02,20
ITEM06101,ORD00454,PROD0339,3,1736.03,25
ITEM06102,ORD02957,PROD0114,1,7228.68,5
ITEM06103,ORD01564,PROD0210,5,2623.8,5
ITEM06104,ORD00963,PROD0051,5,5003.41,5
ITEM06105,ORD00788,PROD0256,2,5274.49,0
ITEM06106,ORD00843,PROD0374,1,2593.91,25
ITEM06107,ORD02131,PROD0323,3,6011.69,0
ITEM06108,ORD01903,PROD0024,2,3105.65,0
ITEM06110,ORD01153,PROD0109,3,5113.1,0
ITEM06111,ORD01217,PROD0314,5,3898.47,5
ITEM06112,ORD00440,PROD0431,3,4565.52,5
ITEM06113,ORD01045,PROD0140,4,5623.52,20
ITEM06114,ORD01858,PROD0256,1,1517.98,10
ITEM06115,ORD00220,PROD0448,5,2718.45,15
ITEM06116,ORD00692,PROD0354,2,5383.57,5
ITEM06117,ORD00938,PROD0370,5,5017.03,15
ITEM06118,ORD01893,PROD0115,2,3087.78,5
ITEM06119,ORD02200,PROD0271,5,7892.96,20
ITEM06120,ORD02469,PROD0087,5,5408.69,25
ITEM06121,ORD02415,PROD0308,5,2962.16,0
ITEM06122,ORD01574,PROD0342,5,4721.66,25
ITEM06123,ORD02896,PROD0598,3,2611.5,15
ITEM06124,ORD02691,PROD0301,3,3545.59,10
ITEM06125,ORD00592,PROD0244,5,196.35,10
ITEM06126,ORD00298,PROD0380,2,2529.8,5
ITEM06127,ORD02156,PROD0385,4,4376.01,10
ITEM06128,ORD01048,PROD0506,1,6331.58,20
ITEM06129,ORD02409,PROD0482,4,4853.06,10
ITEM06130,ORD00185,PROD0128,3,3099.64,0
ITEM06131,ORD02524,PROD0234,4,3997.23,25
ITEM06132,ORD01408,PROD0046,2,7274.56,25
ITEM06134,ORD01981,PROD0034,4,2044.31,25
ITEM06135,ORD01735,PROD0044,2,980.89,0
ITEM06136,ORD00908,PROD0306,1,6010.24,20
ITEM06137,ORD02532,PROD0131,1,3174.93,10
ITEM06138,ORD01434,PROD0493,3,6767.8,15
ITEM06139,ORD01415,PROD0296,2,5782.83,25
ITEM06140,ORD02731,PROD0207,2,6118.2,15
ITEM06141,ORD02007,PROD0515,3,7375.35,10
ITEM06142,ORD02786,PROD0054,4,7272.07,15
ITEM06143,ORD02135,PROD0521,1,2878.08,25
ITEM06144,ORD01918,PROD0113,3,3013.72,15
ITEM06145,ORD02775,PROD0427,1,6897.89,15
ITEM06146,ORD02293,PROD0597,3,7845.78,20
ITEM06147,ORD00982,PROD0431,2,3195.88,15
ITEM06148,ORD02619,PROD0015,3,4614.09,10
ITEM06149,ORD01285,PROD0123,4,1065.05,0
ITEM06150,ORD00898,PROD0213,5,2773.64,5
ITEM06151,ORD00768,PROD0135,3,7264.45,0
ITEM06152,ORD02093,PROD0153,3,3250.17,15
ITEM06153,ORD00276,PROD0132,1,7598.04,25
ITEM06154,ORD02905,PROD0440,5,3690.74,25
ITEM06155,ORD01278,PROD0572,4,4700.91,20
ITEM06156,ORD01246,PROD0539,4,4632.89,20
ITEM06157,ORD02571,PROD0419,2,819.41,15
ITEM06158,ORD00920,PROD0060,3,1421.99,25
ITEM06159,ORD00209,PROD0267,2,3201.15,5
ITEM06160,ORD00740,PROD0356,5,5894.43,15
ITEM06161,ORD01026,PROD0137,2,183.95,0
ITEM06162,ORD00550,PROD0495,3,3332.13,25
ITEM06163,ORD00041,PROD0114,4,3215.06,0
ITEM06164,ORD02482,PROD0093,5,6630.14,150
ITEM06165,ORD00999,PROD0478,1,6719.31,10
ITEM06167,ORD01721,PROD0154,2,1662.29,15
ITEM06168,ORD00773,PROD0357,4,3843.03,25
ITEM06169,ORD01446,PROD0503,4,3083.65,20
ITEM06170,ORD02996,PROD0297,2,6165.86,20
ITEM06171,ORD01268,PROD0067,1,6424.19,0
ITEM06172,ORD02908,PROD0037,2,6862.89,5
ITEM06173,ORD01921,PROD0209,1,1861.31,5
ITEM06174,ORD01264,PROD0537,2,5719.17,10
ITEM06175,ORD02846,PROD0391,2,6022.97,10
ITEM06176,ORD00522,PROD0235,3,6736.56,0
ITEM06178,ORD00053,PROD0249,5,175.95,15
ITEM06180,ORD00569,PROD0069,5,2778.5,25
ITEM06181,ORD02723,PROD0066,1,887.02,5
ITEM06182,ORD02059,PROD0081,4,3952.75,20
ITEM06183,ORD00123,PROD0215,4,3477.61,15
ITEM06184,ORD00937,PROD0402,5,2534.19,5
ITEM06186,ORD02382,PROD0528,3,2789.86,5
ITEM06187,ORD00824,PROD0504,5,536.6,5
ITEM06188,ORD02736,PROD0285,1,6685.93,15
ITEM06189,ORD01480,PROD0224,3,5118.59,5
ITEM06190,ORD02730,PROD0111,2,1369.11,10
ITEM06191,ORD01405,PROD0130,4,7629.91,10
ITEM06192,ORD01699,PROD0463,1,4719.07,10
ITEM06193,ORD00195,PROD0256,1,3047.86,20
ITEM06194,ORD01863,PROD0569,1,3730.24,0
ITEM06195,ORD00516,PROD0408,3,1341.34,20
ITEM06196,ORD01197,PROD0555,5,717.15,10
ITEM06197,ORD00656,PROD0518,2,4135.28,5
ITEM06198,ORD00017,PROD0076,3,1098.31,20
ITEM06199,ORD01913,PROD0453,4,3397.2,20
ITEM06200,ORD00366,PROD0252,4,5848.18,15
ITEM06201,ORD01442,PROD0452,4,6737.29,5
ITEM06202,ORD02082,PROD0171,2,5669.64,15
ITEM06203,ORD00445,PROD0582,3,5303.91,25
ITEM06204,ORD02309,PROD0025,2,4567.38,20
ITEM06205,ORD01080,PROD0595,3,1639.24,25
ITEM06206,ORD01049,PROD0328,4,3920.02,15
ITEM06207,ORD01619,PROD0079,2,7360.67,20
ITEM06208,ORD01790,PROD0352,3,279.18,25
ITEM06210,ORD01420,PROD0410,4,4197.21,5
ITEM06211,ORD00854,PROD0578,3,7680.3,20
ITEM06212,ORD00772,PROD0393,1,7400.91,20
ITEM06213,ORD01167,PROD0090,2,5151.37,0
ITEM06215,ORD02750,PROD0236,4,419.55,20
ITEM06216,ORD02019,PROD0548,1,7962.68,15
ITEM06217,ORD00557,PROD0001,2,378.18,5
ITEM06218,ORD02597,PROD0220,5,7527.58,0
ITEM06219,ORD00274,PROD0162,1,6103.06,20
ITEM06220,ORD02531,PROD0438,4,6841.55,15
ITEM06221,ORD00901,PROD0454,2,7562.43,5
ITEM06222,ORD02650,PROD0455,2,2467.62,10
ITEM06223,ORD02062,PROD0230,4,2988.54,15
ITEM06224,ORD00004,PROD0472,1,4697.55,25
ITEM06225,ORD00011,PROD0356,4,5325.92,10
ITEM06226,ORD02009,PROD0294,2,4773.28,15
ITEM06227,ORD01960,PROD0035,3,2196.02,15
ITEM06228,ORD00825,PROD0250,1,3230.89,25
ITEM06229,ORD02446,PROD0006,5,7578.24,10
ITEM06230,ORD01109,PROD0436,5,5282.35,15
ITEM06231,ORD00988,PROD0052,3,4212.25,20
ITEM06232,ORD01757,PROD0547,1,606.35,5
ITEM06233,ORD01354,PROD0218,1,1222.3,20
ITEM06234,ORD00722,PROD0433,4,1153.07,10
ITEM06235,ORD02029,PROD0521,1,5538.4,20
ITEM06236,ORD01343,PROD0529,1,2550.96,0
ITEM06237,ORD01204,PROD0396,1,6681.07,20
ITEM06238,ORD01913,PROD0014,1,350.77,20
ITEM06239,ORD02751,PROD0057,1,3688.35,20
ITEM06240,ORD02075,PROD0328,3,3231.03,25
ITEM06241,ORD00950,PROD0317,4,2372.0,15
ITEM06242,ORD02345,PROD0238,5,5144.38,0
ITEM06243,ORD02272,PROD0283,1,1803.74,20
ITEM06244,ORD02176,PROD0326,5,3117.01,0
ITEM06245,ORD02145,PROD0225,2,1007.3,0
ITEM06246,ORD01435,PROD0301,2,7470.24,20
ITEM06247,ORD02611,PROD0260,2,2963.93,0
ITEM06248,ORD00425,PROD0089,5,5301.29,5
ITEM06249,ORD01448,PROD0308,1,4685.91,5
ITEM06250,ORD02711,PROD0592,3,644.97,5
ITEM06251,ORD01285,PROD0579,4,5028.36,25
ITEM06252,ORD02416,PROD0038,2,6118.61,5
ITEM06253,ORD01012,PROD0572,5,5721.23,25
ITEM06254,ORD01716,PROD0480,4,6842.78,0
ITEM06255,ORD02592,PROD0397,2,6756.12,20
ITEM06256,ORD02365,PROD0328,1,7169.81,10
ITEM06259,ORD02741,PROD0200,1,4295.17,20
ITEM06260,ORD00806,PROD0418,2,1414.48,20
ITEM06261,ORD02722,PROD0210,5,6999.89,15
ITEM06262,ORD02891,PROD0009,2,3170.9,15
ITEM06263,ORD00993,PROD0523,2,7038.04,15
ITEM06265,ORD01335,PROD0121,2,1902.61,0
ITEM06266,ORD00319,PROD0482,5,3407.45,10
ITEM06267,ORD01793,PROD0460,4,6761.4,15
ITEM06268,ORD00293,PROD0140,5,4488.47,5
ITEM06269,ORD00137,PROD0234,1,7386.66,20
ITEM06270,ORD01819,PROD0328,4,2268.06,10
ITEM06271,ORD02063,PROD0191,2,5484.67,0
ITEM06272,ORD00857,PROD0428,1,3117.86,15
ITEM06273,ORD02171,PROD0494,1,4817.87,25
ITEM06274,ORD00696,PROD0273,5,3856.37,5
ITEM06275,ORD01549,PROD0332,3,6042.6,15
ITEM06276,ORD00263,PROD0194,4,2362.16,15
ITEM06277,ORD01953,PROD0265,3,893.75,25
ITEM06278,ORD01267,PROD0324,2,3702.97,5
ITEM06279,ORD01456,PROD0455,3,7784.61,10
ITEM06280,ORD02777,PROD0531,5,1297.8,10
ITEM06281,ORD00572,PROD0430,5,4651.54,0
ITEM06282,ORD02897,PROD0116,5,3017.61,0
ITEM06283,ORD00422,PROD0115,3,5926.13,15
ITEM06284,ORD01023,PROD0238,5,6937.12,0
ITEM06285,ORD01310,PROD0471,4,2401.77,15
ITEM06286,ORD02026,PROD0038,3,623.23,15
ITEM06287,ORD02180,PROD0010,5,4425.08,20
ITEM06288,ORD00859,PROD0070,5,1903.21,15
ITEM06289,ORD01326,PROD0062,2,6111.31,10
ITEM06290,ORD02086,PROD0439,1,2101.7,25
ITEM06291,ORD01226,PROD0353,4,1741.59,5
ITEM06292,ORD00847,PROD0554,5,1333.23,10
ITEM06293,ORD02555,PROD0369,2,2339.34,10
ITEM06294,ORD01852,PROD0055,3,755.47,10
ITEM06295,ORD02960,PROD0482,5,7517.75,25
ITEM06297,ORD02621,PROD0208,2,7697.89,25
ITEM06298,ORD00596,PROD0476,1,3113.66,25
ITEM06299,ORD02152,PROD0400,2,5764.76,25
ITEM06300,ORD02095,PROD0387,5,7493.87,25
ITEM06301,ORD01028,PROD0493,4,5828.21,5
ITEM06302,ORD00884,PROD0481,1,1791.57,20
ITEM06303,ORD01412,PROD0286,4,4548.09,15
ITEM06304,ORD02847,PROD0190,4,4283.88,20
ITEM06305,ORD00776,PROD0126,5,1366.88,25
ITEM06306,ORD02343,PROD0288,1,6209.36,25
ITEM06307,ORD00720,PROD0229,2,4156.87,25
ITEM06308,ORD00004,PROD0402,2,2885.86,25
ITEM06309,ORD02375,PROD0257,1,7304.77,10
ITEM06310,ORD01125,PROD0350,3,2333.91,20
ITEM06311,ORD02511,PROD0169,3,4379.36,20
ITEM06312,ORD00980,PROD0088,3,6161.71,0
ITEM06313,ORD00952,PROD0356,4,1913.57,5
ITEM06315,ORD01337,PROD0311,5,221.21,15
ITEM06316,ORD02374,PROD0560,4,2978.27,0
ITEM06317,ORD01748,PROD0516,5,5753.27,25
ITEM06318,ORD00571,PROD0095,2,1309.91,25
ITEM06319,ORD01502,PROD0062,5,3429.94,20
ITEM06320,ORD01671,PROD0550,3,3179.59,25
ITEM06321,ORD00862,PROD0306,4,3184.82,25
ITEM06322,ORD02786,PROD0537,5,1522.49,0
ITEM06323,ORD02362,PROD0175,3,4423.34,5
ITEM06324,ORD02133,PROD0297,4,3814.62,25
ITEM06325,ORD00875,PROD0403,2,762.57,5
ITEM06326,ORD01000,PROD0017,5,2454.08,0
ITEM06327,ORD00423,PROD0481,2,5992.13,5
ITEM06328,ORD02106,PROD0015,2,7565.75,25
ITEM06329,ORD01660,PROD0320,5,535.45,10
ITEM06330,ORD02735,PROD0512,3,4632.06,25
ITEM06331,ORD00370,PROD0444,2,2144.9,25
ITEM06332,ORD02898,PROD0228,1,1945.59,0
ITEM06333,ORD00251,PROD0101,4,3384.58,15
ITEM06334,ORD01768,PROD0184,2,4264.67,10
ITEM06335,ORD01304,PROD0314,1,2427.32,0
ITEM06336,ORD02185,PROD0340,4,4980.27,15
ITEM06337,ORD00624,PROD0167,5,2913.16,0
ITEM06338,ORD02597,PROD0002,5,2600.76,15
ITEM06339,ORD00327,PROD0038,4,5889.25,15
ITEM06340,ORD00180,PROD0062,2,6950.49,0
ITEM06341,ORD01214,PROD0429,5,288.06,0
ITEM06342,ORD01812,PROD0269,5,5331.96,5
ITEM06343,ORD02094,PROD0109,4,7145.98,5
ITEM06344,ORD01280,PROD0285,1,7720.57,15
ITEM06345,ORD01593,PROD0504,5,4423.13,10
ITEM06346,ORD01928,PROD0227,2,7287.04,15
ITEM06347,ORD01431,PROD0058,2,7302.73,10
ITEM06348,ORD00627,PROD0217,5,4642.05,10
ITEM06349,ORD01090,PROD0261,1,3768.18,0
ITEM06350,ORD02631,PROD0016,4,6084.2,20
ITEM06351,ORD02113,PROD0384,1,1476.11,25
ITEM06352,ORD02699,PROD0027,3,5163.75,25
ITEM06353,ORD00125,PROD0436,4,3639.38,10
ITEM06354,ORD02216,PROD0348,2,7451.22,25
ITEM06355,ORD00816,PROD0125,4,6147.08,10
ITEM06356,ORD01865,PROD0589,3,2951.13,25
ITEM06357,ORD00271,PROD0175,5,7365.02,20
ITEM06358,ORD02847,PROD0170,3,6066.88,20
ITEM06359,ORD00729,PROD0161,1,6592.41,5
ITEM06360,ORD02080,PROD0563,1,2948.82,25
ITEM06361,ORD00742,PROD0049,5,4754.1,25
ITEM06362,ORD01451,PROD0143,1,6781.23,15
ITEM06363,ORD02243,PROD0004,1,7781.69,5
ITEM06364,ORD01709,PROD0441,2,2773.19,0
ITEM06365,ORD01342,PROD0059,4,5932.86,25
ITEM06366,ORD00557,PROD0286,5,647.34,20
ITEM06367,ORD01210,PROD0245,1,2089.46,25
ITEM06368,ORD00692,PROD0375,1,5973.67,5
ITEM06369,ORD01993,PROD0257,5,3269.85,5
ITEM06370,ORD00982,PROD0575,2,4120.75,10
ITEM06371,ORD01212,PROD0049,2,3932.38,15
ITEM06373,ORD01090,PROD0159,5,6096.49,25
ITEM06374,ORD02149,PROD0020,2,1914.4,0
ITEM06375,ORD02142,PROD0421,3,6595.88,10
ITEM06376,ORD02280,PROD0422,2,6661.48,20
ITEM06378,ORD01363,PROD0059,3,7508.23,20
ITEM06379,ORD02030,PROD0109,3,4738.73,10
ITEM06380,ORD00483,PROD0571,2,7303.75,15
ITEM06381,ORD02000,PROD0175,1,615.93,0
ITEM06382,ORD01980,PROD0260,3,2168.67,20
ITEM06383,ORD02830,PROD0238,5,991.69,0
ITEM06384,ORD01932,PROD0128,4,7526.29,25
ITEM06385,ORD00041,PROD0031,2,5723.7,10
ITEM06386,ORD01616,PROD0541,5,5549.28,20
ITEM06387,ORD01623,PROD0338,4,6071.35,15
ITEM06388,ORD01204,PROD0285,5,3120.13,15
ITEM06389,ORD00021,PROD0454,2,1870.11,15
ITEM06390,ORD02989,PROD0060,3,6831.93,15
ITEM06391,ORD01079,PROD0107,2,202.44,0
ITEM06392,ORD02226,PROD0002,2,3575.4,20
ITEM06393,ORD00864,PROD0514,2,2941.38,5
ITEM06394,ORD02186,PROD0600,3,187.27,5
ITEM06395,ORD02380,PROD0253,3,1068.19,0
ITEM06396,ORD00561,PROD0406,5,6227.12,10
ITEM06397,ORD01979,PROD0452,3,1189.33,15
ITEM06398,ORD01716,PROD0575,3,7585.11,0
ITEM06399,ORD00889,PROD0102,4,1690.94,15
ITEM06400,ORD02144,PROD0072,4,2623.53,10
ITEM06401,ORD02653,PROD0567,1,2100.67,5
ITEM06402,ORD01997,PROD0395,3,1380.35,20
ITEM06403,ORD00943,PROD0226,1,1792.16,20
ITEM06404,ORD01466,PROD0247,5,3028.56,25
ITEM06405,ORD02860,PROD0407,1,4247.06,20
ITEM06406,ORD01417,PROD0193,2,4860.69,20
ITEM06407,ORD01917,PROD0243,3,5682.81,0
ITEM06408,ORD00381,PROD0087,3,5012.3,20
ITEM06409,ORD02003,PROD0312,4,7829.45,10
ITEM06410,ORD02980,PROD0502,2,5424.9,25
ITEM06411,ORD01842,PROD0475,1,2312.36,20
ITEM06412,ORD02523,PROD0041,5,7866.0,15
ITEM06413,ORD02188,PROD0070,5,2583.74,15
ITEM06414,ORD01378,PROD0589,4,7574.59,5
ITEM06415,ORD02497,PROD0395,1,6271.39,0
ITEM06416,ORD02717,PROD0206,3,316.71,15
ITEM06417,ORD00843,PROD0412,5,7245.92,25
ITEM06418,ORD02378,PROD0099,1,4223.28,25
ITEM06419,ORD00083,PROD0301,1,5690.23,15
ITEM06420,ORD01286,PROD0440,5,5167.15,5
ITEM06421,ORD00130,PROD0486,2,6470.17,25
ITEM06422,ORD02060,PROD0519,4,5344.78,0
ITEM06423,ORD02775,PROD0435,5,4767.32,15
ITEM06424,ORD01312,PROD0519,4,1571.15,15
ITEM06425,ORD01013,PROD0316,1,1081.91,10
ITEM06426,ORD02204,PROD0340,4,7974.32,25
ITEM06427,ORD01719,PROD0461,1,7535.98,15
ITEM06428,ORD01343,PROD0489,2,4461.35,0
ITEM06429,ORD02267,PROD0148,5,6744.52,5
ITEM06430,ORD02010,PROD0576,5,5184.5,20
ITEM06432,ORD02386,PROD0066,5,7051.61,0
ITEM06433,ORD02614,PROD0543,3,934.38,25
ITEM06434,ORD01425,PROD0574,3,7023.99,5
ITEM06436,ORD00879,PROD0467,4,1745.13,20
ITEM06437,ORD01315,PROD0378,5,3317.94,15
ITEM06438,ORD00090,PROD0505,1,3566.38,20
ITEM06439,ORD01047,PROD0262,5,5723.39,0
ITEM06440,ORD01110,PROD0313,1,187.51,25
ITEM06441,ORD01114,PROD0038,4,3051.29,0
ITEM06442,ORD00611,PROD0245,1,549.69,15
ITEM06443,ORD01280,PROD0042,4,6184.54,20
ITEM06444,ORD01992,PROD0163,5,3377.32,25
ITEM06445,ORD00661,PROD0181,5,4100.93,10
ITEM06446,ORD01252,PROD0158,4,7402.86,25
ITEM06447,ORD01096,PROD0265,5,5732.78,20
ITEM06448,ORD02455,PROD0153,3,1052.02,25
ITEM06449,ORD02444,PROD0492,2,6527.72,15
ITEM06450,ORD02585,PROD0330,3,3646.04,10
ITEM06451,ORD02084,PROD0473,5,5662.63,25
ITEM06452,ORD02978,PROD0250,4,7291.82,0
ITEM06453,ORD02871,PROD0331,2,7795.26,25
ITEM06455,ORD00226,PROD0441,4,3757.79,20
ITEM06456,ORD01327,PROD0200,4,165.88,25
ITEM06457,ORD00438,PROD0487,3,7437.83,25
ITEM06458,ORD00083,PROD0264,1,7709.65,5
ITEM06459,ORD01435,PROD0387,1,516.92,0
ITEM06460,ORD00824,PROD0102,4,5504.31,15
ITEM06461,ORD01905,PROD0361,2,3920.33,0
ITEM06462,ORD01794,PROD0114,2,7068.57,20
ITEM06463,ORD02895,PROD0480,1,3596.77,5
ITEM06464,ORD01335,PROD0010,4,7005.77,10
ITEM06465,ORD00731,PROD0470,2,4620.34,20
ITEM06466,ORD00097,PROD0302,2,4167.01,25
ITEM06467,ORD00413,PROD0499,4,3775.56,5
ITEM06468,ORD00688,PROD0449,1,1279.12,10
ITEM06469,ORD01278,PROD0253,1,3260.69,5
ITEM06470,ORD02354,PROD0069,3,4155.66,15
ITEM06471,ORD01118,PROD0495,2,2783.39,0
ITEM06472,ORD01159,PROD0394,4,7912.31,20
ITEM06473,ORD00646,PROD0046,2,3571.32,0
ITEM06474,ORD01601,PROD0111,3,5723.73,25
ITEM06475,ORD01438,PROD0034,2,3234.04,0
ITEM06476,ORD00974,PROD0264,1,5657.34,15
ITEM06478,ORD00228,PROD0443,4,3596.56,15
ITEM06479,ORD01323,PROD0294,1,2695.93,25
ITEM06480,ORD02601,PROD0184,3,1380.66,25
ITEM06481,ORD00467,PROD0422,5,2328.7,10
ITEM06482,ORD00917,PROD0171,5,6001.5,0
ITEM06483,ORD01911,PROD0564,1,3020.69,0
ITEM06484,ORD00983,PROD0532,1,7635.53,15
ITEM06485,ORD00919,PROD0192,1,1905.09,15
ITEM06486,ORD02286,PROD0574,4,2478.41,10
ITEM06487,ORD01525,PROD0137,4,1015.18,0
ITEM06488,ORD00124,PROD0452,1,7944.29,10
ITEM06489,ORD02727,PROD0375,4,215.93,5
ITEM06490,ORD02552,PROD0383,1,4562.71,20
ITEM06491,ORD02019,PROD0274,3,876.99,5
ITEM06492,ORD01408,PROD0597,5,4776.21,25
ITEM06493,ORD00710,PROD0326,5,3267.6,5
ITEM06494,ORD01635,PROD0253,3,3532.45,0
ITEM06495,ORD01569,PROD0192,3,5374.27,0
ITEM06496,ORD01500,PROD0090,4,6432.66,20
ITEM06497,ORD01830,PROD0372,1,6948.09,5
ITEM06498,ORD01945,PROD0534,3,4765.5,5
ITEM06499,ORD00275,PROD0177,4,6450.53,10
ITEM06500,ORD01029,PROD0343,5,5223.97,25
ITEM06501,ORD00271,PROD0505,4,5548.58,0
ITEM06502,ORD00809,PROD0276,4,6141.86,15
ITEM06503,ORD01136,PROD0386,1,2660.77,25
ITEM06504,ORD01768,PROD0344,2,1336.67,5
ITEM06505,ORD00523,PROD0268,4,457.14,25
ITEM06506,ORD02090,PROD0098,1,991.61,20
ITEM06507,ORD02831,PROD0111,2,4725.44,15
ITEM06508,ORD00297,PROD0572,5,2288.89,20
ITEM06509,ORD02463,PROD0258,2,3662.38,10
ITEM06510,ORD02269,PROD0123,2,7169.8,20
ITEM06511,ORD00451,PROD0500,5,2110.45,25
ITEM06512,ORD00059,PROD0534,1,2690.5,20
ITEM06513,ORD02428,PROD0013,3,6844.2,20
ITEM06514,ORD00172,PROD0560,1,2252.0,5
ITEM06515,ORD00888,PROD0290,1,2818.34,0
ITEM06516,ORD02265,PROD0116,1,2811.96,25
ITEM06517,ORD00907,PROD0350,5,5807.17,25
ITEM06518,ORD01770,PROD0039,2,7697.23,5
ITEM06519,ORD00281,PROD0100,4,5657.99,20
ITEM06520,ORD01243,PROD0429,1,7134.21,25
ITEM06521,ORD00308,PROD0165,3,7259.88,15
ITEM06522,ORD01729,PROD0265,2,4119.9,5
ITEM06523,ORD02891,PROD0356,5,4260.93,5
ITEM06524,ORD01625,PROD0163,1,3737.74,10
ITEM06525,ORD02548,PROD0522,5,6299.86,10
ITEM06526,ORD02396,PROD0329,5,737.59,5
ITEM06527,ORD01593,PROD0005,5,1316.79,5
ITEM06528,ORD00918,PROD0081,3,5998.93,10
ITEM06529,ORD01710,PROD0363,4,5766.16,0
ITEM06530,ORD01719,PROD0401,3,4004.1,20
ITEM06531,ORD02588,PROD0099,2,328.19,20
ITEM06532,ORD02555,PROD0354,1,2530.17,20
ITEM06533,ORD02334,PROD0406,3,5246.58,15
ITEM06534,ORD01109,PROD0361,1,4297.65,5
ITEM06535,ORD02966,PROD0578,3,1641.74,5
ITEM06536,ORD00521,PROD0232,1,3853.35,5
ITEM06537,ORD01111,PROD0566,4,3176.55,0
ITEM06538,ORD00764,PROD0424,1,7156.91,25
ITEM06539,ORD02329,PROD0373,3,3996.56,10
ITEM06540,ORD02229,PROD0407,1,4106.29,0
ITEM06541,ORD02818,PROD0331,5,1720.61,5
ITEM06542,ORD01280,PROD0038,5,1871.1,10
ITEM06543,ORD02595,PROD0286,2,5451.33,15
ITEM06544,ORD02110,PROD0544,3,4582.1,20
ITEM06545,ORD00512,PROD0177,1,3551.96,15
ITEM06546,ORD01528,PROD0391,5,1689.73,10
ITEM06547,ORD02721,PROD0425,2,7622.2,15
ITEM06548,ORD02820,PROD0168,2,2033.94,20
ITEM06549,ORD00967,PROD0085,2,3839.59,5
ITEM06550,ORD01042,PROD0126,5,1766.0,25
ITEM06552,ORD02298,PROD0034,2,7254.92,5
ITEM06553,ORD02106,PROD0019,1,6908.02,15
ITEM06554,ORD00331,PROD0028,4,1170.06,10
ITEM06555,ORD01487,PROD0019,2,6028.87,25
ITEM06557,ORD02732,PROD0219,3,899.54,25
ITEM06559,ORD00889,PROD0191,2,5927.25,0
ITEM06560,ORD02166,PROD0442,4,7735.71,20
ITEM06561,ORD02610,PROD0052,4,3462.93,15
ITEM06562,ORD01053,PROD0482,4,5220.31,5
ITEM06563,ORD00212,PROD0100,1,5345.66,0
ITEM06564,ORD01210,PROD0002,5,1959.12,10
ITEM06565,ORD01012,PROD0480,5,1511.32,0
ITEM06566,ORD00348,PROD0560,4,3829.89,15
ITEM06567,ORD02544,PROD0355,2,1628.86,25
ITEM06568,ORD01158,PROD0146,2,2697.34,20
ITEM06569,ORD00926,PROD0133,2,2219.87,10
ITEM06570,ORD02018,PROD0489,4,6194.21,15
ITEM06571,ORD01869,PROD0259,3,3650.33,10
ITEM06572,ORD00197,PROD0169,1,5318.2,20
ITEM06573,ORD02153,PROD0353,2,881.89,10
ITEM06574,ORD02156,PROD0317,4,7962.95,5
ITEM06575,ORD02913,PROD0388,2,4320.27,20
ITEM06576,ORD01623,PROD0548,4,4404.86,20
ITEM06577,ORD01220,PROD0181,1,6101.24,25
ITEM06578,ORD01169,PROD0474,3,7216.69,25
ITEM06579,ORD02835,PROD0574,2,3042.77,20
ITEM06580,ORD02434,PROD0319,4,6059.61,0
ITEM06581,ORD01571,PROD0591,2,5507.39,5
ITEM06582,ORD02156,PROD0349,2,1176.8,25
ITEM06583,ORD00224,PROD0154,3,2587.32,0
ITEM06584,ORD01720,PROD0486,5,7609.5,15
ITEM06585,ORD01824,PROD0464,5,5366.37,0
ITEM06587,ORD02940,PROD0425,1,7003.9,20
ITEM06588,ORD01334,PROD0298,3,7828.41,20
ITEM06589,ORD00554,PROD0067,1,5741.89,10
ITEM06590,ORD01795,PROD0178,2,7629.91,10
ITEM06591,ORD02582,PROD0053,1,5007.37,15
ITEM06592,ORD00876,PROD0507,4,4631.94,5
ITEM06593,ORD01643,PROD0202,5,7334.89,20
ITEM06594,ORD01553,PROD0362,3,6161.45,20
ITEM06595,ORD02549,PROD0506,4,4626.01,25
ITEM06596,ORD01961,PROD0568,2,6509.21,5
ITEM06597,ORD00084,PROD0046,5,5787.08,0
ITEM06598,ORD00096,PROD0031,1,5977.49,5
ITEM06599,ORD02067,PROD0418,4,4829.78,15
ITEM06600,ORD00747,PROD0328,1,2676.22,10
ITEM06601,ORD02401,PROD0349,1,2138.86,20
ITEM06602,ORD00176,PROD0579,4,3645.64,25
ITEM06603,ORD02857,PROD0015,5,212.19,25
ITEM06604,ORD01087,PROD0362,5,5602.87,5
ITEM06605,ORD01118,PROD0161,2,3947.6,25
ITEM06606,ORD02626,PROD0301,5,7675.05,15
ITEM06607,ORD01432,PROD0132,5,2484.68,20
ITEM06608,ORD00813,PROD0046,3,1052.49,0
ITEM06609,ORD02402,PROD0476,2,5982.1,0
ITEM06610,ORD00738,PROD0223,3,1764.52,5
ITEM06611,ORD01342,PROD0238,4,3786.87,25
ITEM06612,ORD01833,PROD0496,4,3637.58,10
ITEM06613,ORD02959,PROD0134,4,6423.45,10
ITEM06614,ORD02180,PROD0494,3,527.49,25
ITEM06615,ORD00286,PROD0010,3,5714.55,20
ITEM06616,ORD01793,PROD0095,3,157.92,15
ITEM06617,ORD00308,PROD0187,5,384.29,15
ITEM06618,ORD00350,PROD0591,5,426.56,10
ITEM06619,ORD01616,PROD0403,4,4893.34,15
ITEM06621,ORD00370,PROD0471,1,6042.98,5
ITEM06622,ORD01188,PROD0236,3,3211.88,20
ITEM06623,ORD02689,PROD0251,1,1861.49,10
ITEM06624,ORD00808,PROD0397,5,3067.96,5
ITEM06625,ORD01485,PROD0334,5,3647.09,25
ITEM06626,ORD01556,PROD0502,2,2663.38,0
ITEM06627,ORD01944,PROD0574,1,6007.02,25
ITEM06628,ORD02045,PROD0181,5,5555.3,25
ITEM06629,ORD02439,PROD0305,4,6752.93,10
ITEM06630,ORD02974,PROD0426,1,1589.8,15
ITEM06631,ORD00362,PROD0267,5,5626.7,20
ITEM06632,ORD00839,PROD0415,2,992.44,20
ITEM06633,ORD01618,PROD0181,4,2769.9,25
ITEM06634,ORD01222,PROD0262,2,4703.74,0
ITEM06635,ORD02389,PROD0327,1,5091.95,10
ITEM06636,ORD01611,PROD0411,2,7990.87,0
ITEM06637,ORD02671,PROD0404,2,3212.04,25
ITEM06638,ORD00484,PROD0056,3,5478.76,15
ITEM06639,ORD01061,PROD0058,4,4156.78,25
ITEM06641,ORD00443,PROD0093,2,5966.03,10
ITEM06642,ORD00801,PROD0488,2,4894.16,10
ITEM06643,ORD00656,PROD0495,2,6158.56,20
ITEM06644,ORD01299,PROD0595,5,3231.65,15
ITEM06645,ORD01921,PROD0063,3,2980.26,20
ITEM06646,ORD02428,PROD0599,1,3872.5,5
ITEM06647,ORD02841,PROD0394,5,6159.79,0
ITEM06648,ORD01334,PROD0300,5,1587.18,15
ITEM06649,ORD00039,PROD0051,2,4654.96,5
ITEM06650,ORD02849,PROD0108,2,7847.78,15
ITEM06651,ORD02087,PROD0586,2,3847.08,10
ITEM06652,ORD01724,PROD0021,2,655.06,15
ITEM06653,ORD02233,PROD0549,3,744.58,15
ITEM06654,ORD01975,PROD0086,2,5973.52,0
ITEM06655,ORD02156,PROD0273,2,5648.02,25
ITEM06656,ORD01534,PROD0065,5,2922.57,15
ITEM06657,ORD00349,PROD0485,4,5381.5,10
ITEM06658,ORD01377,PROD0572,5,1378.61,5
ITEM06659,ORD02838,PROD0378,3,7080.84,25
ITEM06660,ORD02240,PROD0331,5,3998.43,0
ITEM06661,ORD01791,PROD0200,1,6303.1,5
ITEM06662,ORD00606,PROD0561,2,4925.57,5
ITEM06663,ORD00965,PROD0366,2,4413.87,15
ITEM06664,ORD02160,PROD0510,1,3090.33,5
ITEM06665,ORD01437,PROD0420,3,3952.73,5
ITEM06666,ORD01682,PROD0539,3,6826.37,15
ITEM06667,ORD01090,PROD0423,3,5455.72,10
ITEM06668,ORD00139,PROD0466,2,7190.4,5
ITEM06669,ORD00421,PROD0011,1,7989.88,10
ITEM06670,ORD02974,PROD0051,5,4438.7,20
ITEM06671,ORD01967,PROD0324,4,5959.27,10
ITEM06673,ORD01311,PROD0543,1,1004.65,20
ITEM06674,ORD02629,PROD0570,4,3968.88,15
ITEM06675,ORD01065,PROD0260,4,3566.65,20
ITEM06676,ORD00869,PROD0458,5,6518.85,25
ITEM06677,ORD02245,PROD0438,4,1671.81,15
ITEM06678,ORD02597,PROD0303,4,6137.93,5
ITEM06679,ORD00899,PROD0240,3,6565.32,15
ITEM06680,ORD01133,PROD0588,4,7796.42,5
ITEM06681,ORD01965,PROD0592,2,1376.3,25
ITEM06682,ORD01763,PROD0175,5,1048.38,0
ITEM06683,ORD01413,PROD0001,2,1865.83,10
ITEM06684,ORD00847,PROD0563,4,2072.26,10
ITEM06685,ORD00206,PROD0331,2,1055.14,10
ITEM06686,ORD00036,PROD0328,1,2132.11,5
ITEM06687,ORD01707,PROD0028,5,3903.88,25
ITEM06688,ORD02309,PROD0438,2,4822.1,10
ITEM06689,ORD01456,PROD0499,4,2004.51,15
ITEM06690,ORD01547,PROD0017,5,4331.17,25
ITEM06691,ORD01299,PROD0595,1,4911.01,0
ITEM06692,ORD01799,PROD0306,4,7819.32,5
ITEM06694,ORD02645,PROD0542,5,2898.09,15
ITEM06695,ORD01227,PROD0519,5,5511.71,10
ITEM06696,ORD02682,PROD0371,4,1064.28,0
ITEM06697,ORD02588,PROD0549,3,7679.64,10
ITEM06698,ORD02961,PROD0400,1,7362.73,5
ITEM06700,ORD01956,PROD0489,4,2329.69,15
ITEM06702,ORD01123,PROD0528,4,3638.35,15
ITEM06703,ORD00298,PROD0084,5,6084.24,20
ITEM06704,ORD01922,PROD0341,3,4018.29,25
ITEM06705,ORD02204,PROD0227,2,5884.2,20
ITEM06706,ORD00166,PROD0030,1,2690.95,0
ITEM06707,ORD01310,PROD0294,3,5954.59,15
ITEM06708,ORD00943,PROD0389,3,4471.65,10
ITEM06709,ORD00133,PROD0331,5,677.18,5
ITEM06710,ORD01136,PROD0311,2,2430.03,5
ITEM06711,ORD02694,PROD0481,1,7848.3,5
ITEM06712,ORD02499,PROD0240,2,7511.23,0
ITEM06713,ORD01665,PROD0345,2,1737.1,5
ITEM06714,ORD02924,PROD0378,5,7567.38,10
ITEM06715,ORD02398,PROD0555,1,4627.03,5
ITEM06716,ORD02064,PROD0191,1,4816.13,0
ITEM06717,ORD02152,PROD0502,5,3987.05,25
ITEM06718,ORD01333,PROD0482,5,5265.38,20
ITEM06719,ORD00600,PROD0488,2,3800.8,15
ITEM06720,ORD01014,PROD0049,5,7465.94,15
ITEM06721,ORD00900,PROD0595,5,5839.17,15
ITEM06722,ORD01577,PROD0422,1,4618.37,25
ITEM06723,ORD02333,PROD0511,5,6511.75,10
ITEM06724,ORD00046,PROD0057,3,2327.91,10
ITEM06725,ORD02711,PROD0048,4,5678.41,20
ITEM06726,ORD01638,PROD0161,5,7173.52,25
ITEM06727,ORD00112,PROD0084,1,7443.28,20
ITEM06728,ORD00948,PROD0187,2,3327.38,5
ITEM06729,ORD01838,PROD0530,2,2863.21,15
ITEM06730,ORD00974,PROD0017,3,5026.04,25
ITEM06731,ORD00322,PROD0360,4,4074.02,0
ITEM06732,ORD01880,PROD0453,3,1745.88,20
ITEM06733,ORD02970,PROD0453,2,2331.99,25
ITEM06734,ORD01294,PROD0567,1,5775.92,20
ITEM06735,ORD02266,PROD0472,1,7860.42,25
ITEM06736,ORD02052,PROD0312,1,4034.53,25
ITEM06737,ORD01292,PROD0206,5,6480.35,10
ITEM06738,ORD00802,PROD0402,3,5005.91,15
ITEM06739,ORD00582,PROD0448,5,1852.86,20
ITEM06740,ORD01520,PROD0035,4,5964.97,0
ITEM06741,ORD01431,PROD0085,2,6838.64,15
ITEM06742,ORD02483,PROD0426,4,1576.13,5
ITEM06743,ORD02191,PROD0110,3,3196.79,5
ITEM06744,ORD02265,PROD0461,1,6649.36,5
ITEM06745,ORD01981,PROD0534,3,1911.5,20
ITEM06746,ORD02281,PROD0160,1,2416.97,25
ITEM06747,ORD02350,PROD0175,3,813.1,15
ITEM06748,ORD00424,PROD0491,2,169.8,15
ITEM06750,ORD01524,PROD0544,2,411.71,20
ITEM06751,ORD01069,PROD0514,2,7825.55,15
ITEM06752,ORD02114,PROD0127,4,3627.91,5
ITEM06753,ORD02195,PROD0405,4,2787.38,15
ITEM06754,ORD00189,PROD0409,4,3923.88,10
ITEM06755,ORD02311,PROD0365,4,6309.6,25
ITEM06756,ORD01340,PROD0298,1,6515.44,10
ITEM06757,ORD02617,PROD0453,4,7216.59,5
ITEM06758,ORD01450,PROD0013,3,456.93,10
ITEM06759,ORD02820,PROD0546,5,5938.5,20
ITEM06760,ORD00265,PROD0027,5,7308.77,10
ITEM06761,ORD02166,PROD0459,2,1808.16,15
ITEM06762,ORD02064,PROD0299,3,6305.87,25
ITEM06763,ORD00611,PROD0048,5,317.05,10
ITEM06764,ORD00468,PROD0017,3,822.33,0
ITEM06765,ORD01913,PROD0311,5,2070.86,15
ITEM06766,ORD01553,PROD0015,5,5418.27,15
ITEM06767,ORD02788,PROD0118,1,2844.72,10
ITEM06768,ORD02580,PROD0392,4,851.26,25
ITEM06769,ORD01166,PROD0018,3,3607.54,25
ITEM06771,ORD01376,PROD0566,3,416.25,25
ITEM06772,ORD02269,PROD0142,2,5065.62,0
ITEM06773,ORD01664,PROD0585,5,5501.9,25
ITEM06774,ORD01575,PROD0318,5,6348.62,20
ITEM06775,ORD00992,PROD0341,4,5245.63,25
ITEM06776,ORD02851,PROD0519,1,7374.47,5
ITEM06777,ORD02685,PROD0404,2,4565.02,15
ITEM06778,ORD01200,PROD0499,2,6986.0,10
ITEM06779,ORD01487,PROD0334,5,7342.99,0
ITEM06780,ORD01985,PROD0040,5,5876.96,5
ITEM06781,ORD01432,PROD0067,3,6988.75,25
ITEM06782,ORD00754,PROD0267,3,5228.2,20
ITEM06783,ORD02584,PROD0417,4,5663.43,25
ITEM06784,ORD02489,PROD0037,1,5877.6,10
ITEM06785,ORD01463,PROD0217,5,7271.38,25
ITEM06786,ORD02248,PROD0019,3,5656.59,25
ITEM06788,ORD01296,PROD0107,3,230.43,20
ITEM06789,ORD01543,PROD0113,4,549.8,20
ITEM06790,ORD02057,PROD0459,2,727.1,0
ITEM06791,ORD02417,PROD0514,1,7117.19,15
ITEM06792,ORD02185,PROD0575,1,1899.59,0
ITEM06793,ORD00942,PROD0559,3,3130.86,0
ITEM06794,ORD02783,PROD0185,5,903.05,0
ITEM06795,ORD00415,PROD0391,3,2705.29,15
ITEM06796,ORD01578,PROD0158,3,3597.66,0
ITEM06797,ORD00635,PROD0358,2,3460.37,5
ITEM06798,ORD01808,PROD0413,5,4079.54,15
ITEM06799,ORD00706,PROD0166,5,2934.04,15
ITEM06800,ORD02617,PROD0599,3,3983.02,10
ITEM06801,ORD00153,PROD0569,1,5102.33,25
ITEM06802,ORD02071,PROD0463,1,3810.04,5
ITEM06803,ORD02671,PROD0226,1,6103.79,15
ITEM06804,ORD00386,PROD0435,1,7166.38,5
ITEM06805,ORD01568,PROD0085,3,6699.08,10
ITEM06807,ORD01076,PROD0108,3,1605.04,10
ITEM06808,ORD01163,PROD0354,5,5957.87,5
ITEM06809,ORD02456,PROD0425,5,2393.58,10
ITEM06810,ORD01053,PROD0089,5,6415.57,0
ITEM06811,ORD00898,PROD0475,5,499.61,20
ITEM06812,ORD02073,PROD0497,4,1210.04,20
ITEM06813,ORD00776,PROD0561,2,3637.31,20
ITEM06814,ORD01607,PROD0334,2,2602.8,5
ITEM06815,ORD01947,PROD0427,1,5684.51,15
ITEM06816,ORD01153,PROD0124,3,3576.98,10
ITEM06817,ORD00014,PROD0175,4,5596.26,5
ITEM06818,ORD01444,PROD0196,3,1366.14,10
ITEM06821,ORD00504,PROD0369,3,718.29,0
ITEM06822,ORD02358,PROD0361,3,7448.41,25
ITEM06823,ORD01483,PROD0145,4,2813.26,10
ITEM06824,ORD01647,PROD0555,5,5163.11,20
ITEM06825,ORD01122,PROD0539,2,5622.42,15
ITEM06826,ORD00641,PROD0483,1,1337.68,5
ITEM06827,ORD00842,PROD0315,1,5584.29,5
ITEM06828,ORD02690,PROD0217,4,4306.56,0
ITEM06829,ORD01017,PROD0156,4,3838.42,15
ITEM06830,ORD01014,PROD0250,2,7045.46,5
ITEM06831,ORD01839,PROD0458,4,3595.89,15
ITEM06832,ORD02517,PROD0344,5,6378.92,0
ITEM06833,ORD02379,PROD0300,4,4368.81,15
ITEM06836,ORD00299,PROD0207,4,3988.52,25
ITEM06837,ORD02028,PROD0161,4,3359.63,10
ITEM06838,ORD02906,PROD0005,3,1954.79,25
ITEM06839,ORD01732,PROD0450,5,1792.51,5
ITEM06840,ORD00131,PROD0196,1,3265.13,25
ITEM06841,ORD02914,PROD0212,1,3946.76,20
ITEM06842,ORD00061,PROD0350,2,2523.9,5
ITEM06843,ORD02272,PROD0547,2,1636.88,0
ITEM06844,ORD02680,PROD0327,1,4169.91,0
ITEM06845,ORD01631,PROD0413,3,4393.32,0
ITEM06846,ORD00646,PROD0256,4,1211.1,0
ITEM06847,ORD00489,PROD0228,5,4298.77,25
ITEM06848,ORD02518,PROD0375,2,714.91,10
ITEM06849,ORD01131,PROD0247,5,3949.59,0
ITEM06850,ORD01473,PROD0497,2,2191.71,0
ITEM06851,ORD01301,PROD0594,1,318.69,15
ITEM06852,ORD01747,PROD0013,5,3448.88,5
ITEM06853,ORD00966,PROD0390,3,617.9,15
ITEM06854,ORD00156,PROD0145,4,7315.87,25
ITEM06855,ORD00716,PROD0147,3,6923.17,15
ITEM06857,ORD00430,PROD0564,2,6970.28,15
ITEM06858,ORD02627,PROD0102,2,2798.2,15
ITEM06859,ORD00514,PROD0067,1,4305.52,0
ITEM06860,ORD00317,PROD0331,4,6778.16,20
ITEM06862,ORD02145,PROD0066,1,4580.0,20
ITEM06863,ORD01957,PROD0363,2,6957.98,15
ITEM06865,ORD02185,PROD0220,4,4485.91,15
ITEM06866,ORD02283,PROD0168,1,2433.65,15
ITEM06867,ORD00926,PROD0483,2,573.25,25
ITEM06868,ORD01858,PROD0085,3,6072.26,20
ITEM06869,ORD00074,PROD0200,5,228.59,5
ITEM06870,ORD00108,PROD0054,3,6787.32,25
ITEM06871,ORD02724,PROD0401,2,3272.76,0
ITEM06872,ORD01976,PROD0008,2,7881.84,10
ITEM06873,ORD02018,PROD0293,5,6628.8,25
ITEM06874,ORD01839,PROD0536,5,6768.47,20
ITEM06875,ORD00704,PROD0065,2,1470.67,5
ITEM06876,ORD02183,PROD0121,3,7523.39,5
ITEM06877,ORD02442,PROD0213,2,1211.19,15
ITEM06878,ORD02747,PROD0179,3,2158.99,0
ITEM06879,ORD01216,PROD0255,5,5518.89,10
ITEM06880,ORD02005,PROD0377,3,1992.59,0
ITEM06881,ORD02073,PROD0550,4,6331.18,10
ITEM06882,ORD02459,PROD0275,4,4436.71,0
ITEM06883,ORD01948,PROD0588,2,5931.1,10
ITEM06884,ORD01756,PROD0222,4,3377.06,20
ITEM06885,ORD02144,PROD0248,4,6761.83,10
ITEM06886,ORD02616,PROD0375,1,2349.12,10
ITEM06887,ORD02229,PROD0250,5,4018.78,0
ITEM06888,ORD00056,PROD0512,4,7759.05,20
ITEM06889,ORD02381,PROD0056,2,1057.22,5
ITEM06890,ORD00390,PROD0080,2,6162.19,20
ITEM06891,ORD02895,PROD0513,1,2369.61,5
ITEM06893,ORD01723,PROD0271,1,1056.92,0
ITEM06894,ORD01280,PROD0416,1,861.49,20
ITEM06895,ORD02774,PROD0205,2,2715.98,0
ITEM06896,ORD01781,PROD0171,2,6504.2,15
ITEM06897,ORD00224,PROD0581,2,756.51,15
ITEM06898,ORD01132,PROD0134,4,3279.07,5
ITEM06899,ORD00947,PROD0120,4,891.75,0
ITEM06900,ORD02252,PROD0160,2,977.42,0
ITEM06901,ORD01948,PROD0088,4,1100.45,20
ITEM06902,ORD01209,PROD0325,4,7381.74,10
ITEM06903,ORD00190,PROD0343,1,4889.23,25
ITEM06904,ORD02346,PROD0371,1,4499.53,20
ITEM06905,ORD02908,PROD0012,1,6755.82,10
ITEM06906,ORD01692,PROD0452,2,5155.85,5
ITEM06907,ORD01709,PROD0232,3,4845.09,0
ITEM06908,ORD01933,PROD0443,2,2987.86,10
ITEM06909,ORD00449,PROD0246,1,1328.07,5
ITEM06910,ORD02160,PROD0386,4,7954.84,0
ITEM06911,ORD01626,PROD0425,3,5978.55,0
ITEM06912,ORD00691,PROD0302,5,1465.74,5
ITEM06913,ORD01501,PROD0457,4,3633.79,0
ITEM06914,ORD02721,PROD0309,5,494.18,15
ITEM06915,ORD00351,PROD0511,3,1654.4,5
ITEM06916,ORD02922,PROD0508,5,7450.25,15
ITEM06917,ORD02844,PROD0357,2,3241.06,0
ITEM06918,ORD01294,PROD0540,4,7559.44,20
ITEM06919,ORD02558,PROD0537,5,6486.63,0
ITEM06920,ORD01643,PROD0568,2,924.27,0
ITEM06921,ORD01300,PROD0117,1,673.53,5
ITEM06922,ORD02963,PROD0270,1,1384.13,25
ITEM06923,ORD02052,PROD0320,3,7111.66,15
ITEM06924,ORD01801,PROD0223,1,7335.16,5
ITEM06925,ORD01818,PROD0077,4,7181.26,25
ITEM06926,ORD01081,PROD0095,5,7147.14,0
ITEM06928,ORD01301,PROD0055,5,2912.29,25
ITEM06929,ORD00021,PROD0197,3,208.4,0
ITEM06930,ORD02661,PROD0093,4,3316.04,0
ITEM06931,ORD01891,PROD0030,4,968.49,25
ITEM06932,ORD00151,PROD0117,1,5426.01,15
ITEM06933,ORD00874,PROD0546,2,6878.12,25
ITEM06934,ORD02140,PROD0090,4,1424.31,5
ITEM06935,ORD01303,PROD0482,5,3138.34,15
ITEM06936,ORD01064,PROD0013,1,649.66,0
ITEM06937,ORD02727,PROD0325,3,6867.93,15
ITEM06938,ORD02961,PROD0059,4,4490.7,5
ITEM06940,ORD00843,PROD0278,2,2528.21,25
ITEM06941,ORD02898,PROD0072,1,2139.81,15
ITEM06942,ORD01299,PROD0299,4,7549.64,5
ITEM06943,ORD01126,PROD0541,2,1146.4,0
ITEM06944,ORD02639,PROD0436,3,1141.42,0
ITEM06946,ORD00919,PROD0531,5,6500.25,0
ITEM06947,ORD02572,PROD0347,5,1318.14,10
ITEM06948,ORD02824,PROD0433,4,2651.03,0
ITEM06949,ORD02029,PROD0294,4,2168.4,5
ITEM06950,ORD00957,PROD0101,4,6053.69,10
ITEM06951,ORD02378,PROD0323,1,3526.66,10
ITEM06952,ORD02645,PROD0295,1,904.61,5
ITEM06953,ORD01949,PROD0107,2,5188.61,10
ITEM06954,ORD02625,PROD0436,2,5116.98,25
ITEM06955,ORD00049,PROD0509,5,4849.18,25
ITEM06956,ORD00187,PROD0496,5,3511.65,25
ITEM06957,ORD01316,PROD0464,4,570.08,20
ITEM06958,ORD02159,PROD0233,1,2303.17,25
ITEM06959,ORD02760,PROD0331,3,5164.0,15
ITEM06960,ORD01256,PROD0511,2,2019.23,25
ITEM06963,ORD02057,PROD0369,2,6713.4,10
ITEM06964,ORD00989,PROD0079,4,6406.6,10
ITEM06965,ORD00200,PROD0261,1,6392.03,5
ITEM06966,ORD01941,PROD0019,1,7308.7,0
ITEM06967,ORD02124,PROD0336,5,3272.95,20
ITEM06968,ORD02853,PROD0459,3,5207.47,25
ITEM06969,ORD02541,PROD0368,2,4582.58,10
ITEM06970,ORD02967,PROD0363,1,4851.86,15
ITEM06972,ORD01831,PROD0157,4,3276.03,0
ITEM06973,ORD01625,PROD0211,5,4903.99,5
ITEM06974,ORD01180,PROD0079,4,7528.28,0
ITEM06975,ORD00371,PROD0355,3,426.58,25
ITEM06976,ORD02954,PROD0391,2,5956.44,20
ITEM06977,ORD02647,PROD0027,5,7820.04,25
ITEM06978,ORD02688,PROD0056,4,4093.07,5
ITEM06980,ORD01886,PROD0597,3,4881.0,20
ITEM06981,ORD00609,PROD0165,2,2045.12,0
ITEM06982,ORD00760,PROD0338,4,3965.46,5
ITEM06983,ORD01419,PROD0003,2,4224.96,10
ITEM06984,ORD01757,PROD0127,4,1522.68,15
ITEM06985,ORD02865,PROD0119,3,871.64,10
ITEM06986,ORD00715,PROD0509,4,1630.74,5
ITEM06987,ORD01293,PROD0504,2,5641.37,10
ITEM06988,ORD00737,PROD0104,3,5821.07,0
ITEM06989,ORD02496,PROD0259,2,422.29,20
ITEM06990,ORD00977,PROD0493,3,1028.68,25
ITEM06991,ORD02082,PROD0467,1,4998.27,20
ITEM06992,ORD01178,PROD0147,3,545.75,25
ITEM06993,ORD01349,PROD0581,2,5355.25,10
ITEM06994,ORD00927,PROD0003,5,3008.47,25
ITEM06995,ORD02802,PROD0561,4,4030.81,25
ITEM06996,ORD02486,PROD0230,4,2468.76,5
ITEM06997,ORD02002,PROD0216,4,4742.02,15
ITEM06998,ORD00611,PROD0228,5,5815.03,0
ITEM06999,ORD01730,PROD0074,2,4726.51,0
ITEM07000,ORD00981,PROD0329,1,950.52,25
ITEM07001,ORD00302,PROD0246,2,548.19,0
ITEM07002,ORD01948,PROD0337,2,3077.7,25
ITEM07003,ORD00182,PROD0183,3,3329.29,20
ITEM07004,ORD01143,PROD0538,3,5735.01,0
ITEM07005,ORD00699,PROD0217,2,6608.79,5
ITEM07006,ORD00743,PROD0234,2,7264.84,20
ITEM07007,ORD01983,PROD0256,5,6057.98,25
ITEM07008,ORD01944,PROD0061,5,2539.59,20
ITEM07009,ORD00430,PROD0255,4,243.71,20
ITEM07010,ORD01447,PROD0576,4,7676.5,5
ITEM07011,ORD01965,PROD0174,1,1917.75,0
ITEM07012,ORD01738,PROD0568,2,1253.39,25
ITEM07013,ORD00222,PROD0529,1,4995.58,20
ITEM07014,ORD00857,PROD0458,1,3073.15,20
ITEM07015,ORD00950,PROD0077,4,6763.23,10
ITEM07016,ORD01106,PROD0558,5,6325.9,5
ITEM07017,ORD02214,PROD0004,2,3637.46,10
ITEM07018,ORD02663,PROD0449,2,4418.28,0
ITEM07019,ORD00915,PROD0214,4,630.42,10
ITEM07020,ORD02355,PROD0273,4,1477.05,10
ITEM07022,ORD00063,PROD0016,3,7323.11,10
ITEM07023,ORD01319,PROD0520,5,1171.82,5
ITEM07024,ORD01081,PROD0566,1,5387.02,20
ITEM07025,ORD00113,PROD0569,2,4582.51,25
ITEM07026,ORD00952,PROD0530,3,604.98,5
ITEM07027,ORD02987,PROD0548,3,4013.41,20
ITEM07028,ORD02267,PROD0170,3,4196.24,25
ITEM07029,ORD01451,PROD0225,4,700.68,10
ITEM07030,ORD01746,PROD0302,1,2670.85,5
ITEM07031,ORD00887,PROD0035,4,6208.68,15
ITEM07032,ORD01684,PROD0427,4,627.7,25
ITEM07033,ORD02860,PROD0412,2,6159.57,5
ITEM07034,ORD00372,PROD0103,5,6341.82,0
ITEM07035,ORD02944,PROD0442,1,7991.36,20
ITEM07036,ORD01362,PROD0346,2,350.66,5
ITEM07037,ORD02008,PROD0211,1,6752.03,10
ITEM07038,ORD02807,PROD0059,2,3978.18,20
ITEM07040,ORD01990,PROD0586,2,365.73,0
ITEM07041,ORD02206,PROD0595,2,7051.08,0
ITEM07042,ORD01175,PROD0380,5,1167.28,15
ITEM07043,ORD00590,PROD0099,4,1582.72,10
ITEM07044,ORD01839,PROD0306,2,2493.65,20
ITEM07045,ORD01106,PROD0490,2,1307.34,10
ITEM07046,ORD00249,PROD0435,3,6700.65,20
ITEM07047,ORD02706,PROD0025,3,5774.56,5
ITEM07048,ORD01576,PROD0452,5,5140.53,5
ITEM07049,ORD00100,PROD0462,2,7266.22,25
ITEM07050,ORD02983,PROD0036,5,2862.83,20
ITEM07051,ORD02710,PROD0024,2,2613.14,25
ITEM07052,ORD01315,PROD0012,5,924.92,20
ITEM07053,ORD01698,PROD0553,3,2329.78,15
ITEM07054,ORD01338,PROD0458,5,6271.36,25
ITEM07055,ORD01832,PROD0270,3,7969.02,0
ITEM07057,ORD01481,PROD0087,3,7397.44,25
ITEM07058,ORD01335,PROD0430,4,6410.88,10
ITEM07059,ORD00040,PROD0578,2,530.75,25
ITEM07060,ORD01613,PROD0511,3,4871.13,20
ITEM07062,ORD00294,PROD0230,3,6933.15,0
ITEM07063,ORD01242,PROD0035,3,5941.16,20
ITEM07064,ORD00214,PROD0397,4,299.97,0
ITEM07065,ORD01044,PROD0279,4,2970.9,20
ITEM07066,ORD01055,PROD0006,1,256.38,10
ITEM07067,ORD00154,PROD0024,3,5748.7,10
ITEM07068,ORD01470,PROD0258,5,3776.4,20
ITEM07069,ORD00865,PROD0303,5,6506.37,10
ITEM07070,ORD00698,PROD0370,4,298.57,20
ITEM07071,ORD02380,PROD0146,3,3261.08,5
ITEM07072,ORD01296,PROD0455,4,625.07,5
ITEM07073,ORD02173,PROD0041,4,4879.14,25
ITEM07075,ORD00438,PROD0394,3,1538.53,25
ITEM07076,ORD01528,PROD0062,5,5449.04,10
ITEM07077,ORD02319,PROD0338,5,326.59,5
ITEM07078,ORD00446,PROD0347,1,3597.66,0
ITEM07079,ORD02037,PROD0263,1,5110.84,25
ITEM07080,ORD01125,PROD0493,4,6875.54,25
ITEM07081,ORD02709,PROD0397,2,6575.68,0
ITEM07082,ORD02564,PROD0041,2,6248.61,5
ITEM07083,ORD02870,PROD0254,1,4733.92,15
ITEM07084,ORD01933,PROD0060,2,2993.44,15
ITEM07085,ORD00409,PROD0424,5,2143.74,10
ITEM07086,ORD01139,PROD0389,5,3442.45,10
ITEM07087,ORD02637,PROD0518,5,7235.12,5
ITEM07088,ORD01030,PROD0316,1,7540.57,20
ITEM07089,ORD00934,PROD0190,5,7173.65,0
ITEM07091,ORD02797,PROD0286,4,7478.27,20
ITEM07092,ORD02910,PROD0161,5,3741.83,25
ITEM07093,ORD01330,PROD0589,1,5783.04,10
ITEM07094,ORD01227,PROD0543,5,7940.76,0
ITEM07095,ORD00021,PROD0589,3,3168.24,20
ITEM07096,ORD01045,PROD0415,2,7073.46,20
ITEM07097,ORD00634,PROD0297,5,5970.39,20
ITEM07098,ORD02025,PROD0574,1,5205.56,15
ITEM07099,ORD01000,PROD0490,4,5378.72,25
ITEM07100,ORD01956,PROD0429,3,6851.55,15
ITEM07101,ORD00843,PROD0464,5,505.5,5
ITEM07102,ORD01124,PROD0152,3,1025.39,0
ITEM07103,ORD02204,PROD0466,1,3474.12,20
ITEM07104,ORD02342,PROD0458,3,3616.09,15
ITEM07105,ORD01772,PROD0436,4,6065.36,25
ITEM07106,ORD02502,PROD0084,5,1095.86,5
ITEM07107,ORD01495,PROD0168,4,6733.04,5
ITEM07108,ORD01403,PROD0591,5,1803.17,15
ITEM07109,ORD01783,PROD0594,4,6786.87,0
ITEM07111,ORD01305,PROD0589,1,355.34,10
ITEM07112,ORD02674,PROD0447,2,6402.55,25
ITEM07113,ORD02422,PROD0426,4,514.3,10
ITEM07114,ORD01137,PROD0457,4,7732.88,0
ITEM07115,ORD01113,PROD0035,3,6468.93,15
ITEM07116,ORD00227,PROD0139,3,7968.77,25
ITEM07117,ORD00075,PROD0088,3,3042.94,10
ITEM07118,ORD01049,PROD0289,1,5173.21,20
ITEM07119,ORD02835,PROD0552,3,3747.58,10
ITEM07120,ORD00542,PROD0380,4,7947.89,5
ITEM07121,ORD02010,PROD0265,3,7480.27,20
ITEM07123,ORD02741,PROD0485,4,7546.53,25
ITEM07124,ORD01680,PROD0216,2,6650.39,25
ITEM07125,ORD01113,PROD0189,1,5712.37,10
ITEM07126,ORD00109,PROD0579,3,7623.31,0
ITEM07127,ORD02810,PROD0461,2,3842.8,25
ITEM07128,ORD01926,PROD0134,5,5056.47,25
ITEM07129,ORD00586,PROD0487,4,4638.51,25
ITEM07130,ORD02079,PROD0570,4,622.5,25
ITEM07131,ORD02275,PROD0596,3,6755.74,5
ITEM07134,ORD01904,PROD0446,3,2223.99,5
ITEM07135,ORD02628,PROD0293,2,5581.92,0
ITEM07136,ORD00232,PROD0494,5,6673.69,0
ITEM07137,ORD01771,PROD0364,2,3903.86,15
ITEM07138,ORD02789,PROD0539,3,1245.6,15
ITEM07139,ORD00435,PROD0431,3,4579.37,0
ITEM07140,ORD02402,PROD0115,4,1665.4,25
ITEM07141,ORD01755,PROD0596,3,320.4,25
ITEM07142,ORD01929,PROD0178,3,4917.97,10
ITEM07144,ORD01750,PROD0488,5,636.53,20
ITEM07145,ORD02088,PROD0146,2,569.75,25
ITEM07146,ORD00189,PROD0022,5,647.0,5
ITEM07147,ORD01262,PROD0594,1,1260.14,15
ITEM07149,ORD02352,PROD0180,3,5044.61,0
ITEM07150,ORD02262,PROD0004,1,5619.13,25
ITEM07151,ORD02365,PROD0361,5,4963.41,0
ITEM07152,ORD02642,PROD0179,5,6799.34,15
ITEM07153,ORD01077,PROD0041,2,685.14,0
ITEM07154,ORD02222,PROD0160,5,3777.86,20
ITEM07155,ORD00387,PROD0270,4,7331.52,20
ITEM07156,ORD01430,PROD0099,1,5280.17,0
ITEM07157,ORD00773,PROD0237,5,6536.77,25
ITEM07159,ORD02786,PROD0444,5,2142.39,5
ITEM07161,ORD02954,PROD0494,3,7062.2,25
ITEM07162,ORD01176,PROD0163,5,4082.14,15
ITEM07163,ORD00993,PROD0486,4,2044.37,25
ITEM07164,ORD02253,PROD0333,1,5920.63,0
ITEM07165,ORD02995,PROD0184,4,3877.95,5
ITEM07166,ORD02801,PROD0082,4,4667.32,0
ITEM07167,ORD01643,PROD0163,3,515.68,10
ITEM07168,ORD01444,PROD0203,2,3482.47,20
ITEM07170,ORD02596,PROD0313,5,2081.74,15
ITEM07171,ORD00589,PROD0405,5,5791.77,25
ITEM07172,ORD01997,PROD0247,5,7055.54,20
ITEM07173,ORD02333,PROD0275,5,772.18,5
ITEM07174,ORD02157,PROD0447,4,1451.07,15
ITEM07175,ORD01967,PROD0264,4,6339.35,15
ITEM07176,ORD02526,PROD0086,1,2462.33,15
ITEM07177,ORD01555,PROD0170,5,3110.66,20
ITEM07178,ORD01561,PROD0322,2,6703.58,10
ITEM07179,ORD00411,PROD0325,4,1880.15,25
ITEM07181,ORD01081,PROD0080,1,3762.51,0
ITEM07182,ORD02322,PROD0071,2,4821.86,10
ITEM07184,ORD01730,PROD0374,4,4303.51,0
ITEM07185,ORD01193,PROD0406,2,6432.86,10
ITEM07186,ORD00123,PROD0081,5,1794.68,5
ITEM07187,ORD00259,PROD0082,1,7075.74,25
ITEM07188,ORD01325,PROD0524,3,3049.62,15
ITEM07189,ORD00923,PROD0094,2,3895.62,25
ITEM07190,ORD00190,PROD0068,4,2310.57,5
ITEM07191,ORD00378,PROD0462,3,3406.6,0
ITEM07192,ORD02047,PROD0239,1,1601.35,0
ITEM07193,ORD02891,PROD0456,2,3707.18,5
ITEM07194,ORD02440,PROD0493,1,804.9,0
ITEM07195,ORD00401,PROD0297,5,1498.67,5
ITEM07197,ORD02974,PROD0268,1,7865.18,15
ITEM07198,ORD00317,PROD0214,5,3142.95,10
ITEM07199,ORD02837,PROD0437,4,566.07,25
ITEM07201,ORD02957,PROD0043,3,6655.07,0
ITEM07202,ORD00263,PROD0571,1,7952.13,0
ITEM07203,ORD01241,PROD0348,1,800.81,10
ITEM07204,ORD00993,PROD0072,1,4641.57,10
ITEM07205,ORD02504,PROD0417,1,6669.65,5
ITEM07206,ORD01974,PROD0416,5,6276.6,25
ITEM07207,ORD01123,PROD0507,4,4914.57,15
ITEM07208,ORD00204,PROD0336,3,7315.23,10
ITEM07209,ORD01541,PROD0154,3,3856.73,0
ITEM07210,ORD01120,PROD0174,2,2580.48,10
ITEM07211,ORD00234,PROD0397,5,7032.31,25
ITEM07212,ORD02836,PROD0513,4,6091.44,25
ITEM07213,ORD02016,PROD0346,3,7056.51,25
ITEM07214,ORD02123,PROD0164,4,6250.83,0
ITEM07215,ORD00475,PROD0308,5,4530.89,0
ITEM07216,ORD01568,PROD0057,3,7721.4,0
ITEM07217,ORD00310,PROD0582,4,5418.64,10
ITEM07218,ORD01451,PROD0502,1,4519.76,15
ITEM07219,ORD02015,PROD0562,4,6824.68,10
ITEM07220,ORD00192,PROD0269,3,5912.86,0
ITEM07221,ORD01225,PROD0286,2,5049.43,10
ITEM07222,ORD00594,PROD0415,4,6359.14,0
ITEM07223,ORD02172,PROD0552,1,5644.83,0
ITEM07224,ORD00266,PROD0337,1,1934.55,25
ITEM07225,ORD02097,PROD0426,2,3374.05,10
ITEM07226,ORD02529,PROD0455,1,2452.52,10
ITEM07227,ORD00258,PROD0421,5,5372.48,0
ITEM07228,ORD01208,PROD0154,1,3645.49,15
ITEM07229,ORD02702,PROD0552,1,3597.24,0
ITEM07232,ORD02752,PROD0232,5,6023.67,15
ITEM07233,ORD01604,PROD0421,1,5512.89,10
ITEM07234,ORD01031,PROD0125,4,6299.91,10
ITEM07235,ORD00155,PROD0030,4,3544.49,0
ITEM07236,ORD02818,PROD0469,3,6098.52,0
ITEM07237,ORD02910,PROD0550,1,192.74,15
ITEM07238,ORD01939,PROD0567,3,1555.3,10
ITEM07239,ORD01507,PROD0372,4,3578.89,20
ITEM07240,ORD02561,PROD0439,4,3935.42,0
ITEM07241,ORD01776,PROD0439,4,1180.13,0
ITEM07242,ORD02475,PROD0164,2,4492.88,5
ITEM07243,ORD01227,PROD0121,3,1761.62,25
ITEM07244,ORD02425,PROD0155,1,2994.69,15
ITEM07246,ORD00804,PROD0433,4,7306.0,10
ITEM07247,ORD02819,PROD0056,5,5471.28,0
ITEM07248,ORD00699,PROD0047,3,4805.12,10
ITEM07249,ORD01174,PROD0477,4,4788.55,20
ITEM07250,ORD02210,PROD0030,1,1534.47,5
ITEM07251,ORD01402,PROD0415,2,627.5,5
ITEM07252,ORD01700,PROD0099,1,6898.62,20
ITEM07253,ORD00157,PROD0153,3,4003.48,25
ITEM07254,ORD00158,PROD0072,4,7018.71,5
ITEM07255,ORD02940,PROD0049,4,5788.42,15
ITEM07256,ORD00256,PROD0232,3,7427.56,20
ITEM07257,ORD01441,PROD0109,3,1117.51,15
ITEM07258,ORD01552,PROD0079,4,5686.46,5
ITEM07259,ORD02346,PROD0416,3,4402.25,15
ITEM07260,ORD00790,PROD0396,1,1192.12,10
ITEM07261,ORD00998,PROD0385,5,3982.19,5
ITEM07262,ORD00249,PROD0152,2,2710.88,10
ITEM07263,ORD01473,PROD0048,5,7954.23,0
ITEM07264,ORD01587,PROD0275,1,4958.38,20
ITEM07265,ORD01897,PROD0210,5,4059.44,0
ITEM07266,ORD02195,PROD0205,3,7152.47,0
ITEM07267,ORD00209,PROD0005,4,3207.65,20
ITEM07268,ORD01200,PROD0528,3,7939.57,5
ITEM07269,ORD02915,PROD0578,2,7644.05,0
ITEM07270,ORD01134,PROD0441,1,1917.39,10
ITEM07271,ORD02663,PROD0425,1,5715.02,20
ITEM07272,ORD02853,PROD0509,1,3162.93,20
ITEM07273,ORD02799,PROD0251,4,3077.76,0
ITEM07274,ORD01166,PROD0290,4,7086.09,0
ITEM07275,ORD02603,PROD0323,5,6598.27,0
ITEM07276,ORD01077,PROD0482,1,1142.93,25
ITEM07277,ORD02170,PROD0591,1,1404.48,15
ITEM07278,ORD01743,PROD0270,3,1041.62,5
ITEM07279,ORD00018,PROD0049,3,7380.89,0
ITEM07280,ORD00485,PROD0559,3,7337.12,10
ITEM07281,ORD01224,PROD0494,2,7237.79,20
ITEM07282,ORD00001,PROD0555,3,1562.6,10
ITEM07283,ORD00100,PROD0392,2,4157.59,20
ITEM07285,ORD00917,PROD0189,1,3058.04,5
ITEM07286,ORD02197,PROD0370,1,2658.88,10
ITEM07287,ORD00230,PROD0120,2,2736.39,10
ITEM07289,ORD02090,PROD0486,3,255.65,10
ITEM07290,ORD00501,PROD0214,5,6007.47,0
ITEM07291,ORD02174,PROD0274,1,4176.12,10
ITEM07292,ORD00380,PROD0297,1,1148.33,25
ITEM07293,ORD00014,PROD0505,3,5110.81,0
ITEM07294,ORD01126,PROD0383,1,2750.08,20
ITEM07295,ORD02473,PROD0218,2,6447.41,5
ITEM07296,ORD01937,PROD0417,5,1291.38,15
ITEM07297,ORD02301,PROD0586,5,2232.04,5
ITEM07298,ORD02093,PROD0477,5,1744.06,20
ITEM07299,ORD00618,PROD0379,2,6828.55,20
ITEM07300,ORD00199,PROD0385,1,3030.7,5
ITEM07301,ORD01686,PROD0047,4,785.49,10
ITEM07302,ORD00505,PROD0209,4,1760.69,10
ITEM07303,ORD02522,PROD0089,2,5214.67,20
ITEM07304,ORD00285,PROD0582,2,7164.65,15
ITEM07305,ORD02370,PROD0295,2,3530.83,5
ITEM07306,ORD01752,PROD0359,2,809.7,10
ITEM07308,ORD00481,PROD0377,1,6070.06,20
ITEM07309,ORD01310,PROD0112,3,3144.57,5
ITEM07310,ORD02676,PROD0111,5,3664.81,20
ITEM07311,ORD02372,PROD0491,4,6281.29,5
ITEM07312,ORD02760,PROD0048,2,1708.03,10
ITEM07313,ORD00638,PROD0216,2,6531.55,25
ITEM07314,ORD02123,PROD0538,2,963.61,20
ITEM07315,ORD01584,PROD0005,2,2696.51,20
ITEM07316,ORD02975,PROD0158,4,276.81,0
ITEM07317,ORD00100,PROD0318,2,6232.04,20
ITEM07318,ORD01784,PROD0389,4,4193.51,15
ITEM07319,ORD00165,PROD0512,2,3201.28,25
ITEM07320,ORD00657,PROD0476,3,3891.56,20
ITEM07321,ORD02483,PROD0429,4,1739.92,20
ITEM07322,ORD00119,PROD0366,2,7772.14,15
ITEM07323,ORD00793,PROD0543,1,6768.61,20
ITEM07324,ORD00604,PROD0207,2,7080.98,0
ITEM07325,ORD02312,PROD0472,1,882.94,20
ITEM07326,ORD02221,PROD0174,3,3793.51,0
ITEM07327,ORD02585,PROD0478,3,929.31,25
ITEM07328,ORD01623,PROD0142,1,174.97,20
ITEM07329,ORD02705,PROD0424,2,3319.56,20
ITEM07330,ORD02809,PROD0179,5,5243.99,0
ITEM07332,ORD01550,PROD0409,5,5495.32,20
ITEM07334,ORD02978,PROD0168,3,1499.09,25
ITEM07335,ORD01091,PROD0387,3,4103.11,0
ITEM07336,ORD01730,PROD0560,1,5469.28,20
ITEM07338,ORD02498,PROD0468,5,3626.5,5
ITEM07339,ORD00506,PROD0043,5,638.96,5
ITEM07340,ORD01083,PROD0573,1,4999.74,10
ITEM07341,ORD02972,PROD0265,3,7280.38,15
ITEM07342,ORD02257,PROD0588,1,7561.37,10
ITEM07343,ORD02188,PROD0253,2,2151.58,10
ITEM07344,ORD02209,PROD0387,4,7340.49,25
ITEM07345,ORD00555,PROD0397,1,1584.96,5
ITEM07346,ORD00288,PROD0517,1,3465.5,15
ITEM07347,ORD02979,PROD0425,3,590.48,25
ITEM07348,ORD02482,PROD0592,4,5138.0,10
ITEM07349,ORD00912,PROD0025,5,4064.79,20
ITEM07350,ORD00036,PROD0217,4,4263.7,25
ITEM07351,ORD01370,PROD0247,4,989.29,15
ITEM07352,ORD02155,PROD0541,4,331.53,0
ITEM07353,ORD01367,PROD0328,4,4393.02,25
ITEM07354,ORD00404,PROD0241,4,1722.25,0
ITEM07355,ORD01163,PROD0172,1,6749.74,25
ITEM07356,ORD01386,PROD0398,2,2270.29,20
ITEM07357,ORD02467,PROD0283,3,2083.08,0
ITEM07358,ORD02035,PROD0558,2,3679.23,25
ITEM07359,ORD00160,PROD0361,5,3899.1,15
ITEM07360,ORD00553,PROD0033,5,2574.93,0
ITEM07361,ORD01805,PROD0534,3,5762.61,15
ITEM07362,ORD01037,PROD0014,1,2756.62,15
ITEM07364,ORD02517,PROD0498,5,5348.3,15
ITEM07365,ORD01405,PROD0129,3,7238.23,25
ITEM07366,ORD01232,PROD0154,3,2772.69,15
ITEM07367,ORD01647,PROD0466,2,4939.54,20
ITEM07368,ORD02487,PROD0057,4,1421.84,25
ITEM07369,ORD01721,PROD0484,5,2279.77,15
ITEM07370,ORD02729,PROD0025,1,2618.3,10
ITEM07371,ORD00427,PROD0234,5,1434.58,25
ITEM07372,ORD00956,PROD0571,4,5416.72,20
ITEM07373,ORD00896,PROD0243,5,1209.43,5
ITEM07374,ORD02198,PROD0538,4,1231.94,10
ITEM07375,ORD02650,PROD0259,4,5246.09,25
ITEM07376,ORD01726,PROD0192,5,3386.4,15
ITEM07377,ORD00356,PROD0062,2,2979.16,10
ITEM07378,ORD02037,PROD0276,5,556.68,10
ITEM07379,ORD00823,PROD0503,1,5692.36,20
ITEM07380,ORD00660,PROD0421,2,3926.16,25
ITEM07382,ORD00317,PROD0153,4,3388.84,10
ITEM07383,ORD01599,PROD0038,5,6425.11,0
ITEM07384,ORD01167,PROD0038,5,7270.53,0
ITEM07385,ORD00027,PROD0049,5,985.08,15
ITEM07386,ORD01457,PROD0331,3,2817.58,10
ITEM07387,ORD02951,PROD0255,1,579.23,15
ITEM07388,ORD02126,PROD0276,4,1172.8,25
ITEM07390,ORD02649,PROD0323,2,6597.55,5
ITEM07391,ORD01393,PROD0564,5,4125.61,15
ITEM07392,ORD02812,PROD0203,1,4067.74,5
ITEM07393,ORD00647,PROD0112,4,7936.06,10
ITEM07394,ORD01638,PROD0584,1,509.91,15
ITEM07395,ORD00243,PROD0545,4,6045.41,0
ITEM07396,ORD00484,PROD0507,1,1825.18,10
ITEM07397,ORD00004,PROD0151,3,413.17,0
ITEM07399,ORD01723,PROD0264,2,2584.38,20
ITEM07400,ORD02648,PROD0314,4,2806.69,15
ITEM07402,ORD01166,PROD0512,4,5424.5,10
ITEM07404,ORD01532,PROD0587,3,1659.13,20
ITEM07405,ORD02202,PROD0511,3,2969.33,25
ITEM07406,ORD02298,PROD0506,3,4575.67,25
ITEM07407,ORD00768,PROD0061,3,5830.56,25
ITEM07408,ORD01411,PROD0331,2,7703.75,20
ITEM07409,ORD00675,PROD0234,1,6475.71,0
ITEM07410,ORD01636,PROD0281,2,310.69,25
ITEM07411,ORD01009,PROD0138,5,7682.47,15
ITEM07413,ORD00931,PROD0234,2,4806.17,10
ITEM07414,ORD01414,PROD0468,5,3514.41,15
ITEM07415,ORD02840,PROD0290,1,2465.24,15
ITEM07416,ORD01862,PROD0133,3,5144.88,15
ITEM07417,ORD02947,PROD0281,5,3924.49,25
ITEM07418,ORD02089,PROD0217,3,956.78,0
ITEM07419,ORD01680,PROD0462,1,321.0,20
ITEM07420,ORD02345,PROD0453,5,2438.87,5
ITEM07421,ORD02514,PROD0521,2,4694.68,5
ITEM07422,ORD00271,PROD0389,3,1179.41,5
ITEM07423,ORD02060,PROD0130,4,2940.64,10
ITEM07424,ORD02476,PROD0482,1,7744.96,5
ITEM07425,ORD01165,PROD0529,5,710.8,10
ITEM07426,ORD02635,PROD0373,4,4575.47,20
ITEM07427,ORD00363,PROD0371,5,5985.53,5
ITEM07428,ORD01084,PROD0360,4,2899.68,0
ITEM07429,ORD02666,PROD0151,2,2401.55,10
ITEM07430,ORD01128,PROD0058,4,5580.45,20
ITEM07431,ORD00083,PROD0425,2,708.26,25
ITEM07432,ORD00981,PROD0337,5,5240.47,5
ITEM07433,ORD01322,PROD0461,5,6033.72,25
ITEM07434,ORD01104,PROD0334,5,311.32,15
ITEM07436,ORD02610,PROD0104,1,1582.53,10
ITEM07437,ORD02611,PROD0156,1,7781.17,20
ITEM07438,ORD00323,PROD0328,3,2211.22,15
ITEM07439,ORD02268,PROD0518,5,1856.66,15
ITEM07440,ORD02604,PROD0467,1,3977.61,10
ITEM07441,ORD00116,PROD0455,1,5030.47,25
ITEM07442,ORD02956,PROD0021,4,7471.25,15
ITEM07443,ORD02740,PROD0223,2,3633.71,5
ITEM07444,ORD01046,PROD0208,2,3505.19,15
ITEM07445,ORD00627,PROD0004,4,4909.99,0
ITEM07446,ORD01046,PROD0503,1,3927.92,20
ITEM07447,ORD02625,PROD0248,4,4893.49,20
ITEM07448,ORD02043,PROD0507,3,1430.2,25
ITEM07449,ORD00782,PROD0446,2,3202.1,0
ITEM07450,ORD02127,PROD0308,3,2325.32,0
ITEM07451,ORD02781,PROD0559,2,7857.13,10
ITEM07453,ORD00602,PROD0019,1,3442.37,10
ITEM07454,ORD00429,PROD0324,5,5829.47,10
ITEM07455,ORD00680,PROD0494,3,3653.72,20
ITEM07456,ORD02024,PROD0102,3,5195.83,25
ITEM07457,ORD00918,PROD0198,2,704.81,25
ITEM07458,ORD01827,PROD0588,2,709.18,25
ITEM07459,ORD00874,PROD0306,4,2736.32,15
ITEM07461,ORD01478,PROD0052,2,1033.59,0
ITEM07462,ORD00084,PROD0045,2,4064.89,15
ITEM07463,ORD01261,PROD0577,3,7119.27,20
ITEM07466,ORD00219,PROD0432,2,900.1,25
ITEM07468,ORD02450,PROD0214,2,5881.95,15
ITEM07469,ORD02596,PROD0590,2,5715.0,15
ITEM07470,ORD01176,PROD0395,2,1555.04,20
ITEM07471,ORD02771,PROD0488,3,1676.31,0
ITEM07473,ORD02208,PROD0504,2,6895.07,0
ITEM07474,ORD01821,PROD0333,4,4880.35,25
ITEM07476,ORD01097,PROD0118,5,5695.87,15
ITEM07477,ORD02703,PROD0277,3,7757.22,20
ITEM07478,ORD02670,PROD0394,2,5119.01,25
ITEM07479,ORD00830,PROD0567,3,199.79,20
ITEM07480,ORD02936,PROD0145,4,3657.03,25
ITEM07481,ORD00305,PROD0364,4,6851.72,5
ITEM07482,ORD02727,PROD0424,5,2751.59,25
ITEM07483,ORD01822,PROD0061,3,5440.16,20
ITEM07484,ORD00640,PROD0358,1,5223.56,0
ITEM07485,ORD00126,PROD0197,1,5276.29,15
ITEM07486,ORD01856,PROD0134,1,3893.37,20
ITEM07487,ORD00432,PROD0281,3,6655.07,10
ITEM07488,ORD01697,PROD0440,1,5011.04,15
ITEM07490,ORD02949,PROD0341,1,5773.58,5
ITEM07491,ORD01115,PROD0002,1,157.92,5
ITEM07492,ORD01607,PROD0381,3,3710.77,25
ITEM07493,ORD01246,PROD0473,3,3441.14,25
ITEM07494,ORD01618,PROD0372,4,7076.88,25
ITEM07495,ORD00571,PROD0489,4,7797.09,0
ITEM07496,ORD00241,PROD0346,1,3550.78,10
ITEM07497,ORD02517,PROD0022,2,2044.23,0
ITEM07498,ORD02507,PROD0305,4,6121.94,5
ITEM07499,ORD00481,PROD0319,4,5146.27,15
ITEM07500,ORD00401,PROD0385,3,1879.37,15
ITEM07501,ORD00901,PROD0013,3,1750.14,10
ITEM07502,ORD00676,PROD0557,5,150.55,15
ITEM07503,ORD02906,PROD0541,1,5134.32,15
ITEM07504,ORD00611,PROD0593,2,639.92,20
ITEM07505,ORD02660,PROD0387,1,2910.19,0
ITEM07506,ORD01962,PROD0115,1,3539.87,0
ITEM07507,ORD01628,PROD0056,2,3552.7,15
ITEM07508,ORD00237,PROD0340,5,610.04,0
ITEM07510,ORD01923,PROD0454,5,3531.32,5
ITEM07511,ORD00426,PROD0590,3,3387.41,0
ITEM07512,ORD02326,PROD0397,1,4463.61,10
ITEM07513,ORD02523,PROD0431,1,6924.53,5
ITEM07515,ORD02008,PROD0555,5,2591.12,15
ITEM07517,ORD00628,PROD0263,2,3723.86,20
ITEM07518,ORD01652,PROD0544,4,4372.45,15
ITEM07519,ORD00725,PROD0458,3,7376.68,5
ITEM07520,ORD02851,PROD0240,1,7000.76,0
ITEM07521,ORD02335,PROD0451,1,7210.15,10
ITEM07522,ORD02000,PROD0341,5,7905.72,0
ITEM07523,ORD00474,PROD0200,2,3169.46,5
ITEM07524,ORD02978,PROD0090,1,6707.03,15
ITEM07525,ORD01828,PROD0535,1,2324.63,20
ITEM07526,ORD00653,PROD0548,2,7587.47,15
ITEM07527,ORD01264,PROD0122,2,3677.64,15
ITEM07528,ORD01336,PROD0058,5,2336.66,25
ITEM07529,ORD00687,PROD0222,1,3083.55,20
ITEM07532,ORD02100,PROD0077,2,3142.48,20
ITEM07533,ORD00096,PROD0027,3,7236.23,20
ITEM07535,ORD02452,PROD0269,1,6194.4,25
ITEM07537,ORD02525,PROD0262,2,4031.93,20
ITEM07538,ORD00382,PROD0075,5,7822.58,5
ITEM07539,ORD01778,PROD0548,5,576.63,20
ITEM07540,ORD02051,PROD0437,1,5177.86,20
ITEM07541,ORD00298,PROD0299,3,6902.06,15
ITEM07542,ORD02617,PROD0437,4,903.73,15
ITEM07543,ORD01912,PROD0156,5,2334.7,0
ITEM07544,ORD01677,PROD0481,1,4523.39,0
ITEM07545,ORD01403,PROD0532,3,4501.81,10
ITEM07546,ORD02779,PROD0012,3,5041.15,15
ITEM07547,ORD01985,PROD0331,4,1536.62,0
ITEM07548,ORD00138,PROD0237,1,1698.77,10
ITEM07549,ORD00265,PROD0533,4,875.06,10
ITEM07550,ORD02415,PROD0572,5,3566.35,5
ITEM07551,ORD02811,PROD0318,5,2534.43,15
ITEM07552,ORD01718,PROD0271,1,4938.67,20
ITEM07553,ORD01419,PROD0519,2,1572.03,10
ITEM07554,ORD00309,PROD0587,1,799.59,5
ITEM07555,ORD01653,PROD0238,2,2209.51,20
ITEM07556,ORD00549,PROD0149,4,7366.85,15
ITEM07557,ORD02857,PROD0485,1,4322.3,20
ITEM07558,ORD01254,PROD0170,4,4123.31,5
ITEM07560,ORD01140,PROD0263,5,6334.54,0
ITEM07561,ORD00988,PROD0536,1,1069.93,10
ITEM07562,ORD02655,PROD0348,4,3332.39,10
ITEM07563,ORD00409,PROD0380,1,1804.16,20
ITEM07564,ORD01485,PROD0378,2,1383.19,5
ITEM07565,ORD01928,PROD0371,1,4108.29,5
ITEM07566,ORD02498,PROD0507,2,1071.64,10
ITEM07567,ORD00684,PROD0328,2,5499.21,25
ITEM07568,ORD00903,PROD0151,3,1992.61,25
ITEM07569,ORD00593,PROD0099,2,4616.17,25
ITEM07570,ORD01977,PROD0590,4,2708.28,15
ITEM07571,ORD00680,PROD0565,1,4003.03,5
ITEM07572,ORD01532,PROD0020,1,3449.49,10
ITEM07573,ORD02830,PROD0334,3,5805.39,0
ITEM07574,ORD01249,PROD0531,2,4962.84,10
ITEM07575,ORD00171,PROD0488,5,1400.0,15
ITEM07576,ORD00767,PROD0375,3,4244.3,25
ITEM07577,ORD00737,PROD0591,2,6958.23,25
ITEM07578,ORD01851,PROD0024,4,7031.7,5
ITEM07580,ORD00892,PROD0390,1,4260.08,10
ITEM07581,ORD01443,PROD0552,2,6637.4,5
ITEM07582,ORD01713,PROD0148,2,7506.08,25
ITEM07583,ORD00339,PROD0419,4,3080.21,0
ITEM07584,ORD00261,PROD0087,3,1704.04,5
ITEM07585,ORD02605,PROD0461,1,7907.41,5
ITEM07586,ORD01232,PROD0098,3,7507.11,15
ITEM07587,ORD01953,PROD0346,4,6831.79,20
ITEM07588,ORD02087,PROD0432,2,5928.47,0
ITEM07589,ORD00969,PROD0451,5,4764.63,15
ITEM07590,ORD00033,PROD0538,1,6914.54,25
ITEM07591,ORD01364,PROD0255,5,1596.84,20
ITEM07592,ORD02256,PROD0078,2,5679.97,25
ITEM07593,ORD00914,PROD0400,3,3705.27,25
ITEM07594,ORD01490,PROD0200,4,6367.99,15
ITEM07595,ORD01106,PROD0296,3,1043.11,25
ITEM07596,ORD01343,PROD0393,2,7523.75,5
ITEM07597,ORD00050,PROD0555,2,6311.67,15
ITEM07598,ORD01051,PROD0276,2,4766.48,25
ITEM07599,ORD01584,PROD0125,2,4214.78,15
ITEM07600,ORD00308,PROD0573,4,498.26,25
ITEM07601,ORD01772,PROD0584,5,6409.95,5
ITEM07603,ORD02696,PROD0542,2,4221.79,5
ITEM07604,ORD02525,PROD0145,1,3141.9,20
ITEM07605,ORD02115,PROD0387,1,2553.11,5
ITEM07606,ORD01986,PROD0520,3,5653.62,0
ITEM07607,ORD00235,PROD0252,4,5259.79,25
ITEM07608,ORD00052,PROD0369,4,4848.2,25
ITEM07609,ORD02665,PROD0426,2,2630.43,0
ITEM07610,ORD02813,PROD0596,4,4965.98,0
ITEM07611,ORD00575,PROD0220,3,1469.67,20
ITEM07613,ORD02108,PROD0532,4,6135.83,20
ITEM07614,ORD00281,PROD0094,1,3764.06,10
ITEM07615,ORD02441,PROD0179,2,5676.32,0
ITEM07616,ORD01002,PROD0424,5,380.36,25
ITEM07617,ORD01367,PROD0572,5,2396.7,10
ITEM07618,ORD00858,PROD0500,2,6269.64,5
ITEM07619,ORD00712,PROD0442,4,7949.61,15
ITEM07620,ORD00871,PROD0573,2,6239.85,0
ITEM07621,ORD02930,PROD0078,5,580.35,10
ITEM07622,ORD00955,PROD0525,3,5632.66,0
ITEM07623,ORD02422,PROD0481,5,7753.23,10
ITEM07625,ORD00498,PROD0570,1,665.8,20
ITEM07626,ORD01936,PROD0286,4,1454.13,0
ITEM07627,ORD02923,PROD0234,1,1115.88,15
ITEM07628,ORD01462,PROD0452,3,3193.04,5
ITEM07629,ORD00235,PROD0135,2,989.07,0
ITEM07630,ORD02005,PROD0541,1,3665.0,0
ITEM07631,ORD01264,PROD0182,2,6969.0,15
ITEM07632,ORD01290,PROD0539,5,4478.54,0
ITEM07633,ORD02184,PROD0326,5,6523.49,0
ITEM07634,ORD01698,PROD0224,1,6877.73,0
ITEM07635,ORD01561,PROD0353,2,6944.12,5
ITEM07636,ORD01624,PROD0092,5,7122.31,0
ITEM07637,ORD00040,PROD0589,3,1918.19,0
ITEM07638,ORD00077,PROD0072,4,4875.44,5
ITEM07640,ORD00696,PROD0160,2,4414.27,0
ITEM07641,ORD00308,PROD0221,4,7646.67,5
ITEM07642,ORD00123,PROD0580,5,7118.11,0
ITEM07643,ORD02445,PROD0320,1,736.78,10
ITEM07644,ORD01590,PROD0397,1,6942.65,5
ITEM07645,ORD01651,PROD0037,4,4038.35,15
ITEM07646,ORD00642,PROD0038,3,3011.02,25
ITEM07647,ORD02921,PROD0586,5,206.53,25
ITEM07648,ORD00839,PROD0360,2,2041.67,5
ITEM07649,ORD01485,PROD0028,1,7644.54,25
ITEM07650,ORD00768,PROD0432,2,2704.85,0
ITEM07651,ORD00147,PROD0320,5,2286.03,0
ITEM07652,ORD01988,PROD0251,1,7046.11,10
ITEM07653,ORD02727,PROD0077,3,938.88,5
ITEM07654,ORD02694,PROD0129,1,4794.7,15
ITEM07655,ORD00832,PROD0057,5,6704.01,5
ITEM07657,ORD00826,PROD0347,5,5109.36,15
ITEM07658,ORD01700,PROD0346,2,2006.54,0
ITEM07659,ORD00911,PROD0394,2,5338.34,20
ITEM07660,ORD01483,PROD0493,3,1724.81,20
ITEM07661,ORD00415,PROD0328,5,302.55,0
ITEM07662,ORD00114,PROD0566,3,950.48,5
ITEM07663,ORD02793,PROD0387,4,2980.55,0
ITEM07664,ORD02922,PROD0318,4,4228.19,25
ITEM07665,ORD00497,PROD0275,4,2997.38,0
ITEM07666,ORD00923,PROD0592,3,6183.02,10
ITEM07667,ORD01478,PROD0524,3,3199.8,25
ITEM07668,ORD01178,PROD0166,1,916.79,0
ITEM07669,ORD02645,PROD0022,2,1826.83,0
ITEM07670,ORD00389,PROD0385,3,975.51,20
ITEM07671,ORD02243,PROD0008,4,5991.42,20
ITEM07672,ORD00460,PROD0499,3,403.9,10
ITEM07673,ORD00492,PROD0593,2,3210.58,15
ITEM07674,ORD01939,PROD0363,1,2352.43,0
ITEM07675,ORD01604,PROD0164,2,5438.07,20
ITEM07677,ORD01767,PROD0355,4,4372.76,25
ITEM07678,ORD02607,PROD0572,4,6308.98,5
ITEM07679,ORD00042,PROD0146,1,2168.17,20
ITEM07680,ORD01992,PROD0083,1,6652.98,15
ITEM07681,ORD02760,PROD0348,2,2381.8,15
ITEM07682,ORD01210,PROD0091,3,2438.04,5
ITEM07683,ORD02960,PROD0481,1,5536.89,20
ITEM07684,ORD01794,PROD0303,3,1860.38,10
ITEM07685,ORD01489,PROD0595,3,2937.77,20
ITEM07686,ORD00209,PROD0051,2,5080.82,0
ITEM07687,ORD01748,PROD0597,3,2544.33,5
ITEM07689,ORD02818,PROD0143,5,2145.52,15
ITEM07690,ORD02578,PROD0096,1,7638.39,20
ITEM07691,ORD00102,PROD0580,5,7532.23,10
ITEM07692,ORD01325,PROD0059,5,1063.96,25
ITEM07693,ORD01764,PROD0305,4,473.46,5
ITEM07694,ORD01714,PROD0007,4,2470.47,15
ITEM07695,ORD00243,PROD0439,1,1464.16,10
ITEM07696,ORD00696,PROD0344,3,7278.32,5
ITEM07698,ORD01844,PROD0432,2,7952.55,20
ITEM07699,ORD00116,PROD0590,3,2498.47,0
ITEM07700,ORD02015,PROD0379,3,5479.89,0
ITEM07701,ORD01591,PROD0254,4,4970.37,10
ITEM07702,ORD02251,PROD0275,5,1443.08,0
ITEM07703,ORD01826,PROD0193,5,1752.7,20
ITEM07704,ORD01664,PROD0106,1,6122.6,20
ITEM07705,ORD00671,PROD0600,4,5266.03,10
ITEM07706,ORD01778,PROD0112,2,6525.66,15
ITEM07707,ORD01167,PROD0396,3,5808.69,15
ITEM07708,ORD01541,PROD0266,4,4506.78,10
ITEM07709,ORD01567,PROD0174,3,7206.84,20
ITEM07710,ORD01072,PROD0362,1,5995.73,0
ITEM07712,ORD02378,PROD0579,2,2946.03,0
ITEM07713,ORD02377,PROD0593,2,4189.94,0
ITEM07714,ORD00034,PROD0148,5,2853.16,10
ITEM07715,ORD00439,PROD0257,2,4300.39,5
ITEM07716,ORD01321,PROD0342,2,237.97,5
ITEM07718,ORD00483,PROD0550,1,6909.63,20
ITEM07719,ORD02168,PROD0037,3,1607.56,5
ITEM07720,ORD02477,PROD0044,3,1678.88,15
ITEM07721,ORD02003,PROD0225,1,5911.52,20
ITEM07722,ORD00922,PROD0055,2,4561.8,20
ITEM07723,ORD01186,PROD0020,1,5940.33,25
ITEM07724,ORD01945,PROD0476,4,4800.9,25
ITEM07725,ORD02821,PROD0067,5,6940.77,0
ITEM07726,ORD00072,PROD0337,1,6780.1,0
ITEM07727,ORD02371,PROD0470,1,4874.73,15
ITEM07729,ORD00101,PROD0447,5,7558.04,0
ITEM07730,ORD01268,PROD0254,5,3718.59,15
ITEM07731,ORD01929,PROD0213,5,5201.6,5
ITEM07732,ORD00477,PROD0326,3,3393.24,15
ITEM07733,ORD02492,PROD0323,5,7330.37,20
ITEM07734,ORD00670,PROD0577,4,1563.44,15
ITEM07735,ORD00929,PROD0169,4,1864.75,10
ITEM07736,ORD00936,PROD0501,1,1646.64,25
ITEM07737,ORD02523,PROD0081,5,5384.19,0
ITEM07738,ORD01338,PROD0419,4,6153.6,25
ITEM07739,ORD00448,PROD0272,1,5529.04,10
ITEM07740,ORD00784,PROD0022,4,3267.83,25
ITEM07741,ORD00945,PROD0154,5,6274.35,15
ITEM07742,ORD01576,PROD0561,1,5181.38,25
ITEM07743,ORD01768,PROD0035,3,6511.25,25
ITEM07744,ORD00356,PROD0598,1,3845.71,0
ITEM07745,ORD00656,PROD0275,2,6945.73,15
ITEM07747,ORD01895,PROD0256,5,505.28,5
ITEM07748,ORD00309,PROD0539,3,1663.31,0
ITEM07749,ORD00772,PROD0353,4,5768.61,15
ITEM07751,ORD01176,PROD0473,4,7412.83,5
ITEM07752,ORD00104,PROD0456,2,2154.41,20
ITEM07753,ORD01973,PROD0235,3,2599.48,10
ITEM07755,ORD00795,PROD0066,1,6260.75,20
ITEM07756,ORD02187,PROD0335,5,1532.57,15
ITEM07757,ORD00948,PROD0485,1,258.28,25
ITEM07758,ORD02141,PROD0275,2,4458.23,0
ITEM07760,ORD02078,PROD0107,4,3082.15,15
ITEM07761,ORD00041,PROD0532,5,7748.63,25
ITEM07762,ORD01084,PROD0071,5,5517.73,0
ITEM07763,ORD02749,PROD0133,3,2382.01,15
ITEM07764,ORD02932,PROD0190,5,4285.84,5
ITEM07765,ORD01771,PROD0068,4,1761.02,25
ITEM07766,ORD01547,PROD0035,5,3741.47,15
ITEM07767,ORD00826,PROD0081,3,4577.2,25
ITEM07768,ORD00384,PROD0529,1,1641.38,5
ITEM07769,ORD00622,PROD0207,5,5993.74,0
ITEM07770,ORD01252,PROD0348,1,5251.98,0
ITEM07771,ORD02631,PROD0538,2,2325.9,0
ITEM07773,ORD01045,PROD0595,2,5844.03,5
ITEM07774,ORD02298,PROD0417,5,6507.64,5
ITEM07775,ORD00958,PROD0487,2,7121.21,5
ITEM07776,ORD02604,PROD0500,5,960.63,0
ITEM07777,ORD01491,PROD0354,2,5324.42,5
ITEM07778,ORD01496,PROD0516,5,2105.2,5
ITEM07779,ORD00362,PROD0205,4,3970.46,15
ITEM07781,ORD02974,PROD0485,5,3722.35,0
ITEM07782,ORD00633,PROD0524,4,2581.7,0
ITEM07783,ORD01934,PROD0164,4,7319.83,25
ITEM07784,ORD01028,PROD0544,5,707.0,10
ITEM07785,ORD02847,PROD0032,2,4763.13,15
ITEM07786,ORD01970,PROD0550,1,1513.03,20
ITEM07787,ORD02742,PROD0250,4,4935.23,5
ITEM07788,ORD02465,PROD0554,3,7259.8,20
ITEM07789,ORD00915,PROD0060,5,7158.17,5
ITEM07790,ORD01836,PROD0530,1,2300.07,20
ITEM07792,ORD02417,PROD0529,2,2057.33,5
ITEM07793,ORD00176,PROD0450,2,5113.86,20
ITEM07795,ORD00653,PROD0237,1,6568.15,15
ITEM07797,ORD01145,PROD0395,4,443.64,0
ITEM07798,ORD01135,PROD0080,2,4556.67,0
ITEM07799,ORD01046,PROD0302,4,975.77,5
ITEM07800,ORD00153,PROD0576,2,6094.66,5
ITEM07801,ORD01168,PROD0562,4,2564.43,10
ITEM07802,ORD01650,PROD0191,2,6557.79,20
ITEM07803,ORD02649,PROD0570,4,5665.69,15
ITEM07804,ORD00907,PROD0134,4,3754.66,15
ITEM07805,ORD00104,PROD0426,2,4948.08,25
ITEM07806,ORD02813,PROD0340,1,5691.3,15
ITEM07807,ORD02283,PROD0583,5,536.51,10
ITEM07808,ORD01944,PROD0299,1,5629.6,20
ITEM07809,ORD02248,PROD0258,2,7670.63,15
ITEM07810,ORD01658,PROD0250,2,3883.67,10
ITEM07811,ORD01706,PROD0088,5,2288.02,5
ITEM07812,ORD01404,PROD0494,4,3931.03,15
ITEM07813,ORD02149,PROD0371,5,1234.05,20
ITEM07814,ORD01133,PROD0348,5,1984.65,0
ITEM07815,ORD02195,PROD0526,2,3602.52,10
ITEM07816,ORD02218,PROD0580,2,1642.36,20
ITEM07817,ORD01546,PROD0039,3,1174.64,10
ITEM07820,ORD02118,PROD0178,5,2763.0,20
ITEM07821,ORD02275,PROD0560,1,7318.14,0
ITEM07822,ORD02963,PROD0004,2,3589.54,15
ITEM07823,ORD00854,PROD0166,5,2440.26,5
ITEM07825,ORD00369,PROD0161,4,4945.93,20
ITEM07826,ORD00040,PROD0525,4,2652.77,0
ITEM07827,ORD00063,PROD0537,4,6247.09,0
ITEM07828,ORD02518,PROD0474,1,6953.01,25
ITEM07829,ORD02058,PROD0212,5,6357.02,25
ITEM07830,ORD00328,PROD0241,2,5036.48,0
ITEM07831,ORD00682,PROD0483,3,4766.22,5
ITEM07832,ORD01471,PROD0044,1,7115.7,15
ITEM07833,ORD01530,PROD0460,3,3014.37,15
ITEM07834,ORD01235,PROD0534,4,1815.68,5
ITEM07835,ORD02275,PROD0073,1,5531.07,25
ITEM07836,ORD02030,PROD0004,3,3245.21,10
ITEM07838,ORD01163,PROD0119,1,4642.12,0
ITEM07839,ORD00118,PROD0442,4,6650.18,15
ITEM07840,ORD02761,PROD0069,3,1670.38,0
ITEM07841,ORD01805,PROD0388,4,313.65,25
ITEM07842,ORD00674,PROD0301,3,5594.91,15
ITEM07843,ORD02461,PROD0475,5,867.51,0
ITEM07845,ORD02539,PROD0463,3,3746.64,10
ITEM07846,ORD01077,PROD0403,1,3168.37,5
ITEM07847,ORD01100,PROD0185,4,317.97,5
ITEM07848,ORD00965,PROD0538,5,1385.6,25
ITEM07849,ORD01271,PROD0446,5,3292.01,25
ITEM07850,ORD00206,PROD0560,1,4184.06,10
ITEM07851,ORD02120,PROD0570,1,2414.31,10
ITEM07852,ORD02620,PROD0021,2,3439.43,5
ITEM07853,ORD01253,PROD0540,4,2191.79,0
ITEM07854,ORD00566,PROD0400,1,7276.42,5
ITEM07855,ORD01844,PROD0058,2,1391.6,25
ITEM07857,ORD01193,PROD0302,2,7558.46,0
ITEM07858,ORD02812,PROD0168,1,6359.98,10
ITEM07859,ORD02921,PROD0332,3,6676.48,20
ITEM07860,ORD02502,PROD0032,1,3882.38,10
ITEM07861,ORD01643,PROD0397,5,3958.14,5
ITEM07862,ORD00236,PROD0391,2,7538.03,10
ITEM07863,ORD01830,PROD0540,2,3620.17,0
ITEM07864,ORD02652,PROD0380,1,7724.57,0
ITEM07865,ORD01167,PROD0102,2,3281.64,15
ITEM07866,ORD01980,PROD0389,4,4908.72,20
ITEM07867,ORD02689,PROD0207,2,5798.18,150
ITEM07869,ORD02414,PROD0432,4,2611.82,15
ITEM07870,ORD02387,PROD0122,2,386.35,20
ITEM07871,ORD01253,PROD0343,3,5409.63,5
ITEM07872,ORD02205,PROD0285,3,1746.51,25
ITEM07873,ORD02165,PROD0142,4,6747.57,15
ITEM07874,ORD01654,PROD0586,3,7654.29,5
ITEM07875,ORD02766,PROD0398,4,3972.2,20
ITEM07876,ORD02134,PROD0437,5,4894.03,20
ITEM07877,ORD01601,PROD0009,5,6163.18,20
ITEM07878,ORD01737,PROD0238,5,7316.36,10
ITEM07879,ORD00501,PROD0553,2,2689.88,0
ITEM07880,ORD02969,PROD0293,5,565.57,10
ITEM07881,ORD01193,PROD0267,4,2338.87,15
ITEM07882,ORD00219,PROD0464,2,2994.06,10
ITEM07883,ORD01408,PROD0155,4,4551.65,0
ITEM07884,ORD00250,PROD0343,3,3761.53,25
ITEM07885,ORD00669,PROD0563,4,2326.54,0
ITEM07886,ORD01870,PROD0326,1,6995.86,5
ITEM07887,ORD02503,PROD0127,3,3147.36,0
ITEM07888,ORD00980,PROD0460,5,1471.47,20
ITEM07889,ORD00127,PROD0234,3,3399.16,20
ITEM07890,ORD02496,PROD0118,1,4544.66,25
ITEM07891,ORD01525,PROD0548,4,3920.42,0
ITEM07892,ORD02948,PROD0481,3,380.81,5
ITEM07893,ORD02359,PROD0221,5,5079.19,10
ITEM07894,ORD01613,PROD0463,5,7453.08,15
ITEM07895,ORD02833,PROD0312,4,6543.61,0
ITEM07896,ORD01963,PROD0494,1,4222.37,5
ITEM07897,ORD01665,PROD0417,4,5918.35,20
ITEM07898,ORD01685,PROD0072,4,7230.99,5
ITEM07899,ORD02301,PROD0402,2,6360.3,0
ITEM07900,ORD00991,PROD0011,2,1267.95,15
ITEM07902,ORD00112,PROD0259,4,3262.58,10
ITEM07903,ORD02323,PROD0499,4,387.97,10
ITEM07904,ORD00922,PROD0404,3,2261.84,5
ITEM07905,ORD01052,PROD0577,3,2405.02,5
ITEM07906,ORD00447,PROD0477,4,1487.54,20
ITEM07908,ORD02523,PROD0256,3,7355.42,5
ITEM07909,ORD02182,PROD0010,1,6350.37,20
ITEM07911,ORD01317,PROD0027,3,5118.93,15
ITEM07912,ORD02149,PROD0437,5,3437.31,0
ITEM07913,ORD00158,PROD0082,5,1479.85,5
ITEM07915,ORD00060,PROD0279,1,7433.64,25
ITEM07916,ORD01869,PROD0335,5,5562.66,25
ITEM07917,ORD00596,PROD0474,4,4210.57,0
ITEM07918,ORD02670,PROD0179,4,3675.16,25
ITEM07919,ORD02338,PROD0203,2,1925.67,10
ITEM07920,ORD01786,PROD0319,2,306.4,20
ITEM07921,ORD01097,PROD0263,3,3664.82,15
ITEM07922,ORD00344,PROD0425,2,7091.23,25
ITEM07923,ORD01491,PROD0055,4,2358.53,0
ITEM07924,ORD00876,PROD0080,5,2559.33,25
ITEM07925,ORD02665,PROD0499,2,5396.67,25
ITEM07927,ORD01754,PROD0379,3,2359.33,25
ITEM07928,ORD00261,PROD0131,1,1879.99,20
ITEM07929,ORD01149,PROD0422,4,5452.03,15
ITEM07930,ORD01067,PROD0310,1,747.59,20
ITEM07931,ORD02102,PROD0178,5,7200.74,0
ITEM07932,ORD01230,PROD0216,3,7859.33,10
ITEM07933,ORD02624,PROD0269,2,2841.38,25
ITEM07934,ORD01761,PROD0129,5,5396.56,15
ITEM07935,ORD02649,PROD0003,4,5594.48,20
ITEM07936,ORD00347,PROD0255,5,2377.24,25
ITEM07937,ORD01863,PROD0342,1,2072.18,10
ITEM07938,ORD00178,PROD0475,3,5004.74,20
ITEM07939,ORD01300,PROD0019,3,5635.6,20
ITEM07940,ORD00568,PROD0267,1,6101.97,25
ITEM07941,ORD01292,PROD0276,4,5742.47,0
ITEM07942,ORD00538,PROD0061,4,4992.05,25
ITEM07944,ORD01429,PROD0466,2,5167.54,5
ITEM07946,ORD02192,PROD0280,4,2578.6,20
ITEM07950,ORD01935,PROD0574,4,2057.05,10
ITEM07951,ORD02804,PROD0194,5,361.73,0
ITEM07953,ORD02551,PROD0163,4,1266.18,10
ITEM07954,ORD02791,PROD0374,3,5698.85,25
ITEM07955,ORD01568,PROD0152,5,2517.04,15
ITEM07956,ORD01522,PROD0394,3,5905.9,15
ITEM07958,ORD02378,PROD0297,2,712.38,20
ITEM07959,ORD02794,PROD0360,1,7773.08,20
ITEM07960,ORD02083,PROD0362,4,4443.52,20
ITEM07962,ORD01394,PROD0494,2,5849.43,150
ITEM07963,ORD00993,PROD0457,5,1708.83,25
ITEM07964,ORD00292,PROD0575,5,4565.27,10
ITEM07965,ORD02586,PROD0536,3,3323.07,25
ITEM07966,ORD02834,PROD0019,4,6066.43,10
ITEM07967,ORD01719,PROD0162,3,5479.48,15
ITEM07969,ORD01833,PROD0102,5,6486.78,20
ITEM07970,ORD01832,PROD0366,5,3698.19,10
ITEM07972,ORD00542,PROD0036,4,2830.0,25
ITEM07973,ORD00520,PROD0047,3,3293.05,20
ITEM07974,ORD00193,PROD0474,3,1784.03,0
ITEM07975,ORD02592,PROD0409,3,7368.82,10
ITEM07976,ORD01967,PROD0507,2,4968.94,0
ITEM07977,ORD00611,PROD0306,3,6623.85,10
ITEM07978,ORD00054,PROD0490,2,5138.29,20
ITEM07979,ORD01982,PROD0083,5,5273.87,25
ITEM07980,ORD02756,PROD0001,1,680.4,0
ITEM07981,ORD00803,PROD0408,4,7291.79,20
ITEM07982,ORD02790,PROD0074,4,5004.32,25
ITEM07983,ORD01035,PROD0129,4,798.05,25
ITEM07984,ORD01607,PROD0426,4,2305.51,0
ITEM07985,ORD00120,PROD0501,5,1876.02,5
ITEM07987,ORD02897,PROD0026,5,2096.53,25
ITEM07988,ORD00790,PROD0012,1,740.6,15
ITEM07989,ORD00328,PROD0538,2,1551.02,10
ITEM07990,ORD00649,PROD0583,1,616.41,15
ITEM07992,ORD02850,PROD0275,2,7602.8,20
ITEM07993,ORD01548,PROD0025,3,1314.68,25
ITEM07994,ORD00964,PROD0099,4,4002.27,5
ITEM07995,ORD00536,PROD0308,4,6718.69,10
ITEM07996,ORD01151,PROD0486,1,449.37,0
ITEM07997,ORD01612,PROD0063,4,3715.64,25
ITEM07998,ORD00971,PROD0504,4,4297.65,20
ITEM07999,ORD00674,PROD0075,3,1109.65,0
ITEM08000,ORD00162,PROD0062,4,1413.39,20
ITEM08002,ORD02950,PROD0048,1,5294.12,15
ITEM08003,ORD00250,PROD0354,4,2280.68,25
ITEM08004,ORD02778,PROD0439,3,4383.92,10
ITEM08005,ORD01862,PROD0374,4,4801.64,5
ITEM08006,ORD02997,PROD0231,4,5083.19,25
ITEM08007,ORD01312,PROD0287,4,7463.58,0
ITEM08008,ORD00085,PROD0598,5,5771.61,20
ITEM08009,ORD02564,PROD0223,4,4304.64,20
ITEM08011,ORD02204,PROD0005,3,2629.16,5
ITEM08012,ORD00793,PROD0271,2,344.72,20
ITEM08013,ORD02231,PROD0179,1,6332.08,0
ITEM08014,ORD00009,PROD0025,2,3232.3,15
ITEM08015,ORD01432,PROD0346,3,3656.37,5
ITEM08016,ORD02904,PROD0445,3,6350.73,0
ITEM08017,ORD01739,PROD0216,5,1245.09,0
ITEM08018,ORD00427,PROD0483,2,6588.53,25
ITEM08019,ORD00829,PROD0054,2,6765.1,10
ITEM08022,ORD00217,PROD0265,5,7475.87,25
ITEM08024,ORD02923,PROD0440,1,992.42,10
ITEM08025,ORD02057,PROD0022,3,2540.7,5
ITEM08026,ORD00247,PROD0408,3,5499.13,15
ITEM08027,ORD01982,PROD0130,1,934.4,15
ITEM08028,ORD00439,PROD0415,5,979.77,20
ITEM08030,ORD00955,PROD0377,2,819.19,5
ITEM08031,ORD01714,PROD0496,2,6650.77,15
ITEM08032,ORD00470,PROD0075,1,3698.2,0
ITEM08033,ORD01618,PROD0547,4,4278.94,15
ITEM08034,ORD01123,PROD0430,3,941.67,15
ITEM08035,ORD00964,PROD0359,5,6743.29,15
ITEM08036,ORD02250,PROD0583,3,1652.73,15
ITEM08037,ORD01196,PROD0191,3,1503.3,15
ITEM08038,ORD01820,PROD0389,5,4726.09,20
ITEM08039,ORD02622,PROD0504,4,6518.25,5
ITEM08040,ORD02788,PROD0587,3,844.23,25
ITEM08041,ORD01581,PROD0035,2,5842.38,25
ITEM08043,ORD00409,PROD0272,1,7072.48,10
ITEM08044,ORD02919,PROD0064,4,6398.77,0
ITEM08045,ORD01439,PROD0100,5,4937.88,15
ITEM08046,ORD02984,PROD0228,2,1905.23,25
ITEM08047,ORD01258,PROD0500,4,1334.94,25
ITEM08048,ORD02421,PROD0429,1,5660.84,10
ITEM08049,ORD02616,PROD0353,2,1956.32,20
ITEM08050,ORD01193,PROD0094,4,1136.78,25
ITEM08051,ORD02375,PROD0018,4,1603.7,25
ITEM08053,ORD01674,PROD0408,1,5343.87,5
ITEM08054,ORD00110,PROD0590,5,605.18,0
ITEM08055,ORD02617,PROD0535,2,2215.01,5
ITEM08056,ORD01123,PROD0582,2,3348.19,10
ITEM08057,ORD01783,PROD0541,1,5585.21,20
ITEM08058,ORD02043,PROD0454,5,5087.62,5
ITEM08059,ORD01165,PROD0499,2,2464.13,25
ITEM08060,ORD01068,PROD0097,4,3790.55,5
ITEM08061,ORD00387,PROD0550,4,5999.74,5
ITEM08062,ORD00085,PROD0417,3,4073.24,5
ITEM08063,ORD02469,PROD0206,2,3218.09,5
ITEM08064,ORD02988,PROD0310,5,3941.7,20
ITEM08066,ORD01723,PROD0173,5,5720.02,0
ITEM08067,ORD02280,PROD0320,3,2228.78,5
ITEM08068,ORD01547,PROD0144,4,3892.7,5
ITEM08069,ORD00915,PROD0105,2,2800.31,0
ITEM08070,ORD00536,PROD0574,4,3237.79,15
ITEM08071,ORD00914,PROD0273,1,2160.43,0
ITEM08072,ORD02552,PROD0453,3,2200.7,15
ITEM08073,ORD01743,PROD0350,2,6820.78,5
ITEM08074,ORD01243,PROD0411,5,3298.75,10
ITEM08075,ORD00471,PROD0423,5,1547.13,15
ITEM08076,ORD01519,PROD0074,4,968.85,10
ITEM08077,ORD02817,PROD0148,5,2482.02,10
ITEM08078,ORD02632,PROD0466,1,5736.79,10
ITEM08079,ORD00030,PROD0024,3,6473.78,15
ITEM08080,ORD01065,PROD0341,5,7646.73,15
ITEM08081,ORD01704,PROD0430,3,4347.25,20
ITEM08082,ORD01222,PROD0118,2,4433.15,5
ITEM08083,ORD00488,PROD0184,4,3570.31,15
ITEM08084,ORD02195,PROD0241,2,2898.66,10
ITEM08085,ORD02215,PROD0181,2,7373.3,10
ITEM08086,ORD00520,PROD0294,5,4363.5,15
ITEM08087,ORD00064,PROD0194,3,6484.37,10
ITEM08088,ORD00442,PROD0499,4,5646.31,10
ITEM08089,ORD01276,PROD0418,1,6488.18,0
ITEM08090,ORD00423,PROD0593,1,405.93,0
ITEM08091,ORD01200,PROD0474,2,4610.15,25
ITEM08092,ORD02788,PROD0082,2,6652.27,20
ITEM08094,ORD02294,PROD0009,1,1207.15,15
ITEM08095,ORD00301,PROD0139,4,7840.22,25
ITEM08096,ORD00431,PROD0330,4,5230.32,10
ITEM08097,ORD00798,PROD0005,5,904.47,15
ITEM08099,ORD00058,PROD0539,1,5307.59,0
ITEM08100,ORD02204,PROD0164,2,4594.47,0
ITEM08102,ORD01335,PROD0570,3,408.55,25
ITEM08103,ORD02315,PROD0251,4,3453.14,10
ITEM08104,ORD00520,PROD0426,3,4507.51,5
ITEM08105,ORD02150,PROD0015,2,2018.32,15
ITEM08106,ORD01312,PROD0430,2,7926.93,0
ITEM08107,ORD00055,PROD0568,1,3015.69,20
ITEM08108,ORD00106,PROD0124,5,6181.98,20
ITEM08109,ORD00056,PROD0008,2,150.4,10
ITEM08110,ORD00800,PROD0468,5,1357.14,15
ITEM08111,ORD02146,PROD0491,2,6319.92,25
ITEM08113,ORD00042,PROD0466,1,632.1,20
ITEM08114,ORD00257,PROD0435,5,5942.83,5
ITEM08116,ORD00686,PROD0116,3,2262.54,10
ITEM08117,ORD02855,PROD0070,5,7938.25,0
ITEM08118,ORD01825,PROD0003,2,3716.59,5
ITEM08119,ORD02539,PROD0171,5,2569.79,5
ITEM08120,ORD02713,PROD0573,4,1850.78,20
ITEM08121,ORD00974,PROD0314,5,1464.83,15
ITEM08122,ORD00821,PROD0573,5,6205.16,25
ITEM08123,ORD02215,PROD0500,3,4983.76,10
ITEM08125,ORD00941,PROD0246,3,3001.45,20
ITEM08126,ORD02066,PROD0357,4,6785.08,5
ITEM08127,ORD02112,PROD0227,3,3290.02,5
ITEM08128,ORD02653,PROD0529,5,914.95,15
ITEM08129,ORD00335,PROD0028,3,2671.26,20
ITEM08130,ORD02000,PROD0375,2,295.62,25
ITEM08131,ORD00613,PROD0420,1,2284.21,20
ITEM08132,ORD02464,PROD0059,5,2486.6,15
ITEM08133,ORD01917,PROD0580,3,5073.66,5
ITEM08134,ORD02671,PROD0044,2,3793.98,20
ITEM08135,ORD02520,PROD0099,3,2727.14,10
ITEM08136,ORD02218,PROD0083,1,4565.03,20
ITEM08137,ORD00496,PROD0485,2,4179.59,10
ITEM08138,ORD02114,PROD0309,5,5948.61,10
ITEM08139,ORD02404,PROD0264,1,6757.09,20
ITEM08140,ORD00714,PROD0431,2,4488.12,20
ITEM08141,ORD01630,PROD0355,5,6746.29,15
ITEM08143,ORD02613,PROD0024,3,3736.13,0
ITEM08144,ORD00330,PROD0584,4,2389.01,5
ITEM08145,ORD02694,PROD0330,4,2673.85,5
ITEM08146,ORD02694,PROD0132,3,2849.17,25
ITEM08147,ORD01531,PROD0432,5,342.26,25
ITEM08149,ORD00055,PROD0002,1,2814.76,25
ITEM08150,ORD02303,PROD0114,2,6276.12,15
ITEM08151,ORD00625,PROD0280,2,2453.17,25
ITEM08152,ORD02800,PROD0293,4,5475.31,0
ITEM08153,ORD00555,PROD0354,1,4641.4,0
ITEM08154,ORD01611,PROD0460,2,2569.88,10
ITEM08155,ORD01741,PROD0052,5,7519.21,15
ITEM08156,ORD02823,PROD0497,2,6725.45,20
ITEM08157,ORD01963,PROD0497,3,3745.92,5
ITEM08158,ORD00223,PROD0545,2,2766.41,5
ITEM08159,ORD02742,PROD0550,5,382.48,150
ITEM08161,ORD01024,PROD0274,4,2563.05,25
ITEM08162,ORD00330,PROD0518,1,6586.78,5
ITEM08163,ORD00187,PROD0158,2,1678.83,10
ITEM08164,ORD02309,PROD0489,3,3735.0,5
ITEM08165,ORD01773,PROD0569,2,7456.48,15
ITEM08166,ORD01549,PROD0353,4,2975.37,10
ITEM08167,ORD01422,PROD0143,3,4145.05,20
ITEM08168,ORD01327,PROD0394,5,2976.7,25
ITEM08170,ORD01954,PROD0538,2,5314.06,10
ITEM08171,ORD02090,PROD0485,1,1909.69,0
ITEM08173,ORD02626,PROD0272,3,6810.8,5
ITEM08174,ORD01171,PROD0456,5,4151.26,5
ITEM08175,ORD02397,PROD0272,5,2396.33,15
ITEM08176,ORD00025,PROD0294,1,5562.06,10
ITEM08177,ORD01524,PROD0037,3,5380.91,15
ITEM08178,ORD00869,PROD0201,4,466.92,20
ITEM08179,ORD01372,PROD0109,1,4252.22,20
ITEM08181,ORD01491,PROD0357,3,4576.21,5
ITEM08182,ORD00730,PROD0589,5,7522.78,25
ITEM08183,ORD00783,PROD0253,2,2417.17,20
ITEM08184,ORD02736,PROD0472,4,5792.59,0
ITEM08186,ORD01809,PROD0472,3,7535.55,5
ITEM08187,ORD01553,PROD0053,3,4432.21,0
ITEM08188,ORD02430,PROD0533,3,4888.38,15
ITEM08189,ORD00407,PROD0265,2,5522.95,20
ITEM08191,ORD02605,PROD0314,4,3214.92,20
ITEM08192,ORD02185,PROD0597,2,5765.33,15
ITEM08193,ORD00334,PROD0401,1,5649.8,20
ITEM08194,ORD02726,PROD0493,4,3157.33,25
ITEM08195,ORD01296,PROD0537,1,4386.39,5
ITEM08196,ORD00333,PROD0425,3,1426.13,0
ITEM08197,ORD02844,PROD0458,5,5928.03,25
ITEM08198,ORD00114,PROD0329,2,5356.53,5
ITEM08199,ORD01720,PROD0021,3,2650.66,15
ITEM08200,ORD01226,PROD0064,2,7267.45,20
ITEM08202,ORD01735,PROD0587,3,3088.49,0
ITEM08203,ORD02624,PROD0175,4,4199.43,5
ITEM08205,ORD00448,PROD0533,2,2886.14,10
ITEM08207,ORD01343,PROD0597,2,1734.29,10
ITEM08209,ORD01184,PROD0356,3,6718.06,0
ITEM08210,ORD00417,PROD0393,2,6516.04,15
ITEM08211,ORD01106,PROD0213,3,956.07,10
ITEM08212,ORD02446,PROD0129,5,6599.7,5
ITEM08213,ORD00549,PROD0508,1,1357.79,0
ITEM08214,ORD01904,PROD0263,1,1168.23,25
ITEM08215,ORD00305,PROD0046,4,172.6,25
ITEM08216,ORD01985,PROD0398,2,6668.76,10
ITEM08218,ORD00744,PROD0385,2,2078.26,10
ITEM08219,ORD01631,PROD0285,1,5726.25,25
ITEM08221,ORD01355,PROD0155,1,2975.9,25
ITEM08222,ORD00362,PROD0276,2,7584.8,0
ITEM08223,ORD01945,PROD0134,2,5398.11,20
ITEM08224,ORD01499,PROD0045,3,5882.24,25
ITEM08225,ORD01278,PROD0549,3,1480.36,0
ITEM08226,ORD02595,PROD0146,2,2770.34,25
ITEM08227,ORD01928,PROD0158,2,2163.29,10
ITEM08228,ORD02967,PROD0369,2,506.85,15
ITEM08229,ORD00315,PROD0119,2,4960.54,0
ITEM08230,ORD01091,PROD0375,5,7315.01,5
ITEM08231,ORD01939,PROD0373,2,1691.12,0
ITEM08232,ORD02075,PROD0504,1,6053.27,15
ITEM08233,ORD02304,PROD0231,2,2775.58,10
ITEM08234,ORD01646,PROD0246,5,3059.48,20
ITEM08236,ORD02509,PROD0578,4,2482.14,15
ITEM08237,ORD02376,PROD0574,1,493.79,150
ITEM08238,ORD02936,PROD0369,4,5734.8,5
ITEM08239,ORD00830,PROD0538,1,3767.67,25
ITEM08240,ORD00516,PROD0416,4,157.61,25
ITEM08241,ORD01184,PROD0011,3,2127.17,10
ITEM08242,ORD00108,PROD0106,4,6487.34,0
ITEM08243,ORD01365,PROD0423,4,2874.03,10
ITEM08244,ORD02113,PROD0040,4,2686.14,15
ITEM08246,ORD01186,PROD0187,1,2128.65,0
ITEM08247,ORD00251,PROD0409,2,5568.07,20
ITEM08248,ORD00431,PROD0039,4,6842.73,15
ITEM08249,ORD00413,PROD0253,4,6106.58,10
ITEM08250,ORD02424,PROD0081,1,6784.28,25
ITEM08251,ORD00603,PROD0051,2,4448.56,0
ITEM08252,ORD00548,PROD0148,2,1388.06,15
ITEM08253,ORD02783,PROD0124,3,165.53,5
ITEM08254,ORD02606,PROD0295,3,2488.88,5
ITEM08255,ORD01071,PROD0160,2,2404.86,0
ITEM08256,ORD00609,PROD0237,2,6225.88,0
ITEM08257,ORD00062,PROD0028,1,1646.85,15
ITEM08258,ORD02157,PROD0176,5,5325.46,5
ITEM08259,ORD01085,PROD0242,3,631.77,20
ITEM08260,ORD02001,PROD0581,1,5756.05,5
ITEM08261,ORD01375,PROD0236,2,4892.7,15
ITEM08262,ORD00478,PROD0497,4,1592.78,10
ITEM08263,ORD02853,PROD0532,3,3352.01,15
ITEM08264,ORD01540,PROD0293,1,7211.96,20
ITEM08265,ORD02442,PROD0466,4,4703.17,10
ITEM08266,ORD00883,PROD0385,1,7255.07,0
ITEM08267,ORD02261,PROD0194,1,5189.22,0
ITEM08268,ORD02448,PROD0056,4,2080.97,5
ITEM08269,ORD01544,PROD0057,2,3958.46,5
ITEM08270,ORD00500,PROD0343,4,3838.58,25
ITEM08271,ORD00672,PROD0432,1,3995.58,5
ITEM08272,ORD01759,PROD0192,5,1292.8,10
ITEM08274,ORD01864,PROD0201,5,5851.31,5
ITEM08275,ORD02832,PROD0308,2,7578.8,5
ITEM08276,ORD00263,PROD0287,4,1454.49,5
ITEM08277,ORD00679,PROD0191,2,7577.22,5
ITEM08278,ORD00807,PROD0535,1,1695.26,10
ITEM08279,ORD00724,PROD0168,2,2802.13,0
ITEM08280,ORD01577,PROD0149,4,5500.82,20
ITEM08281,ORD02890,PROD0299,1,7037.96,25
ITEM08282,ORD00393,PROD0285,3,734.12,10
ITEM08283,ORD01387,PROD0165,2,4783.56,5
ITEM08284,ORD01031,PROD0379,4,3625.79,0
ITEM08285,ORD02140,PROD0581,2,4665.96,5
ITEM08286,ORD02857,PROD0357,1,2344.4,5
ITEM08287,ORD02844,PROD0194,2,5195.38,15
ITEM08288,ORD01141,PROD0116,3,7396.69,10
ITEM08289,ORD02265,PROD0240,2,5768.09,15
ITEM08290,ORD02083,PROD0597,3,6333.95,0
ITEM08291,ORD02996,PROD0023,3,2052.13,0
ITEM08292,ORD02373,PROD0275,3,4556.93,10
ITEM08294,ORD01415,PROD0489,2,1916.21,25
ITEM08295,ORD02860,PROD0196,1,194.57,0
ITEM08296,ORD02292,PROD0432,1,4526.79,20
ITEM08297,ORD01244,PROD0516,3,3241.45,15
ITEM08298,ORD01168,PROD0478,3,1470.27,20
ITEM08299,ORD00402,PROD0276,5,2109.46,10
ITEM08300,ORD02648,PROD0390,3,474.52,25
ITEM08301,ORD01561,PROD0586,2,5366.89,5
ITEM08302,ORD01877,PROD0001,2,2763.58,5
ITEM08303,ORD02775,PROD0378,3,7154.64,0
ITEM08304,ORD00453,PROD0064,3,2937.43,15
ITEM08305,ORD00729,PROD0311,1,1271.25,25
ITEM08306,ORD01672,PROD0457,4,7186.31,20
ITEM08307,ORD00108,PROD0584,3,7604.87,25
ITEM08309,ORD01018,PROD0206,4,6598.73,5
ITEM08310,ORD01184,PROD0333,2,7830.54,5
ITEM08311,ORD00097,PROD0441,3,2274.64,25
ITEM08312,ORD00922,PROD0144,4,5126.29,10
ITEM08313,ORD00904,PROD0306,1,5609.59,5
ITEM08316,ORD01373,PROD0422,5,2092.55,0
ITEM08317,ORD02536,PROD0374,2,5853.86,0
ITEM08318,ORD00764,PROD0168,3,1432.95,15
ITEM08321,ORD01562,PROD0298,3,1432.11,15
ITEM08323,ORD00123,PROD0472,5,772.75,0
ITEM08324,ORD02998,PROD0071,1,1006.72,10
ITEM08325,ORD01188,PROD0537,1,3069.57,20
ITEM08327,ORD02086,PROD0494,3,5774.19,25
ITEM08328,ORD00081,PROD0027,3,2160.99,0
ITEM08329,ORD00224,PROD0064,4,1480.96,5
ITEM08330,ORD02817,PROD0074,3,7352.5,5
ITEM08331,ORD00127,PROD0291,5,4867.45,0
ITEM08332,ORD02921,PROD0425,3,594.3,10
ITEM08333,ORD00351,PROD0134,1,613.12,0
ITEM08334,ORD02750,PROD0282,2,739.06,10
ITEM08335,ORD01518,PROD0010,2,842.09,25
ITEM08337,ORD01586,PROD0426,1,6200.52,15
ITEM08338,ORD01466,PROD0119,3,1060.72,20
ITEM08339,ORD00934,PROD0354,1,2757.23,0
ITEM08340,ORD02322,PROD0360,1,2236.8,5
ITEM08342,ORD01404,PROD0236,5,3198.01,0
ITEM08343,ORD01372,PROD0126,1,772.29,25
ITEM08344,ORD01780,PROD0179,4,6791.64,10
ITEM08346,ORD00147,PROD0403,1,5230.18,15
ITEM08347,ORD01334,PROD0011,3,7637.15,15
ITEM08351,ORD00131,PROD0559,3,2668.91,25
ITEM08352,ORD00725,PROD0308,1,4458.03,15
ITEM08353,ORD02946,PROD0036,5,3513.83,20
ITEM08354,ORD00526,PROD0326,2,6528.65,15
ITEM08356,ORD02683,PROD0589,2,6289.8,20
ITEM08357,ORD00403,PROD0276,1,352.06,20
ITEM08358,ORD02504,PROD0518,1,1443.22,25
ITEM08359,ORD02558,PROD0463,1,7952.43,20
ITEM08360,ORD00556,PROD0190,5,4238.18,10
ITEM08361,ORD00315,PROD0344,5,6928.96,10
ITEM08362,ORD02551,PROD0154,3,2227.8,5
ITEM08363,ORD01221,PROD0339,1,1316.9,15
ITEM08364,ORD01068,PROD0178,4,2056.36,25
ITEM08365,ORD01776,PROD0404,4,7169.75,20
ITEM08366,ORD00257,PROD0086,1,2774.06,5
ITEM08367,ORD02317,PROD0139,4,1315.05,10
ITEM08369,ORD02530,PROD0530,2,5356.29,15
ITEM08371,ORD02092,PROD0138,3,7691.01,20
ITEM08372,ORD02498,PROD0229,3,803.47,25
ITEM08373,ORD00897,PROD0196,1,7947.92,15
ITEM08374,ORD02361,PROD0183,1,4561.13,25
ITEM08375,ORD01020,PROD0443,4,808.59,25
ITEM08377,ORD02416,PROD0334,1,5481.79,15
ITEM08378,ORD02640,PROD0411,1,7070.67,20
ITEM08379,ORD01715,PROD0434,1,7823.78,0
ITEM08380,ORD02272,PROD0278,1,5436.25,20
ITEM08381,ORD00111,PROD0582,2,5317.57,25
ITEM08382,ORD01956,PROD0401,4,1848.37,15
ITEM08384,ORD00896,PROD0598,5,5238.14,10
ITEM08386,ORD02021,PROD0439,1,6367.55,10
ITEM08387,ORD01451,PROD0021,5,5217.89,25
ITEM08388,ORD00152,PROD0348,1,5478.4,0
ITEM08389,ORD02247,PROD0224,1,3416.3,20
ITEM08391,ORD02069,PROD0037,3,7870.78,10
ITEM08392,ORD01766,PROD0303,3,6429.88,20
ITEM08394,ORD00866,PROD0428,1,3230.64,10
ITEM08395,ORD00053,PROD0185,5,5140.2,20
ITEM08396,ORD02499,PROD0044,4,3281.59,20
ITEM08397,ORD00482,PROD0517,1,5974.51,10
ITEM08398,ORD02504,PROD0550,2,3392.5,20
ITEM08399,ORD01080,PROD0015,2,1201.37,0
ITEM08401,ORD00384,PROD0122,4,3568.31,10
ITEM08402,ORD01522,PROD0024,1,2340.75,15
ITEM08403,ORD01389,PROD0204,1,2759.37,15
ITEM08404,ORD01452,PROD0136,2,5023.24,0
ITEM08406,ORD00147,PROD0203,5,612.27,15
ITEM08407,ORD02031,PROD0299,5,3520.38,10
ITEM08408,ORD01621,PROD0484,3,6849.39,10
ITEM08409,ORD00308,PROD0324,2,2180.88,25
ITEM08410,ORD02023,PROD0292,2,4847.89,5
ITEM08412,ORD01877,PROD0559,1,6136.04,25
ITEM08413,ORD00106,PROD0213,4,4387.22,0
ITEM08414,ORD00474,PROD0004,2,5127.0,0
ITEM08415,ORD02060,PROD0156,2,2168.1,0
ITEM08416,ORD01659,PROD0010,5,5530.08,0
ITEM08417,ORD02363,PROD0476,3,3989.16,20
ITEM08418,ORD02191,PROD0363,1,7110.0,15
ITEM08419,ORD00346,PROD0577,1,4064.66,15
ITEM08420,ORD01068,PROD0320,3,7182.0,0
ITEM08421,ORD01150,PROD0229,5,2418.1,25
ITEM08423,ORD00579,PROD0129,2,7883.75,25
ITEM08425,ORD01101,PROD0039,2,5834.74,0
ITEM08426,ORD00738,PROD0536,3,6833.69,15
ITEM08427,ORD01457,PROD0340,5,1265.6,0
ITEM08428,ORD02898,PROD0544,5,2638.95,20
ITEM08429,ORD02078,PROD0411,3,7007.33,20
ITEM08430,ORD02360,PROD0223,2,5399.1,15
ITEM08431,ORD01125,PROD0361,2,7033.07,0
ITEM08432,ORD02181,PROD0044,2,1981.24,10
ITEM08433,ORD02280,PROD0452,4,811.43,25
ITEM08434,ORD01245,PROD0311,3,1907.28,25
ITEM08435,ORD00920,PROD0452,2,3115.28,25
ITEM08436,ORD02646,PROD0038,5,7757.9,0
ITEM08438,ORD01917,PROD0314,4,3229.91,5
ITEM08439,ORD00429,PROD0542,2,5283.31,5
ITEM08440,ORD02911,PROD0587,1,252.27,10
ITEM08441,ORD02432,PROD0170,4,4367.17,10
ITEM08442,ORD00644,PROD0208,3,3286.03,25
ITEM08443,ORD00322,PROD0325,1,6347.52,5
ITEM08444,ORD00457,PROD0437,4,3315.45,0
ITEM08445,ORD02143,PROD0419,1,845.7,15
ITEM08446,ORD01750,PROD0325,5,7102.05,15
ITEM08447,ORD02057,PROD0164,3,1166.06,10
ITEM08448,ORD01727,PROD0370,5,1176.75,20
ITEM08449,ORD00896,PROD0571,3,2116.76,25
ITEM08450,ORD00171,PROD0308,3,5064.15,0
ITEM08451,ORD02824,PROD0239,5,4471.7,150
ITEM08456,ORD02816,PROD0570,2,6946.43,10
ITEM08457,ORD02715,PROD0207,1,3913.07,15
ITEM08458,ORD02462,PROD0107,5,483.21,10
ITEM08459,ORD02890,PROD0540,4,4203.63,0
ITEM08460,ORD00311,PROD0368,1,4197.58,25
ITEM08461,ORD00926,PROD0245,3,6503.56,0
ITEM08463,ORD01031,PROD0356,3,6065.54,20
ITEM08464,ORD00855,PROD0205,4,4546.53,0
ITEM08465,ORD01247,PROD0504,3,1285.94,10
ITEM08466,ORD00097,PROD0469,3,1895.63,5
ITEM08467,ORD00188,PROD0205,5,2941.04,25
ITEM08469,ORD01829,PROD0341,3,154.6,10
ITEM08470,ORD00779,PROD0327,4,6394.1,25
ITEM08471,ORD02590,PROD0393,1,5270.64,15
ITEM08475,ORD02523,PROD0324,4,3413.58,0
ITEM08476,ORD02627,PROD0282,5,7065.61,25
ITEM08477,ORD00641,PROD0271,2,3420.12,20
ITEM08478,ORD01401,PROD0077,4,4290.83,25
ITEM08479,ORD01842,PROD0371,4,3871.47,0
ITEM08480,ORD01585,PROD0070,3,6982.68,15
ITEM08481,ORD00121,PROD0082,4,5407.14,0
ITEM08482,ORD02440,PROD0387,3,351.36,25
ITEM08483,ORD00247,PROD0063,5,1367.41,15
ITEM08484,ORD02772,PROD0524,2,7253.66,25
ITEM08485,ORD01352,PROD0437,2,3651.96,5
ITEM08486,ORD02564,PROD0571,4,3898.99,15
ITEM08487,ORD01346,PROD0267,1,1202.42,10
ITEM08488,ORD01930,PROD0125,3,2854.72,5
ITEM08489,ORD01851,PROD0280,1,6269.51,20
ITEM08490,ORD02653,PROD0168,4,6574.83,25
ITEM08491,ORD01768,PROD0351,2,4625.05,25
ITEM08492,ORD01542,PROD0491,3,3199.67,15
ITEM08494,ORD00057,PROD0240,3,4735.55,20
ITEM08495,ORD02345,PROD0253,5,3674.19,20
ITEM08496,ORD01467,PROD0338,2,3284.59,10
ITEM08497,ORD02574,PROD0174,2,5533.84,20
ITEM08498,ORD01074,PROD0449,1,2753.79,10
ITEM08499,ORD02028,PROD0408,3,4108.97,25
ITEM08500,ORD02861,PROD0206,5,5343.31,25
ITEM08501,ORD00046,PROD0070,5,5869.16,15
ITEM08502,ORD01578,PROD0169,4,640.13,5
ITEM08503,ORD02095,PROD0554,3,7251.9,5
ITEM08504,ORD02128,PROD0462,1,6832.62,10
ITEM08506,ORD01092,PROD0231,1,1181.91,20
ITEM08507,ORD02540,PROD0478,2,4460.55,10
ITEM08508,ORD01108,PROD0181,3,626.4,20
ITEM08509,ORD01064,PROD0549,1,2517.11,15
ITEM08510,ORD02112,PROD0538,4,5665.47,25
ITEM08511,ORD02540,PROD0572,5,517.08,25
ITEM08512,ORD01849,PROD0411,2,7123.77,10
ITEM08513,ORD02692,PROD0179,4,1449.63,15
ITEM08514,ORD01907,PROD0107,1,2904.98,20
ITEM08515,ORD01869,PROD0199,4,6289.08,20
ITEM08516,ORD00349,PROD0350,4,1112.36,15
ITEM08517,ORD00643,PROD0067,4,1811.28,15
ITEM08518,ORD00352,PROD0241,5,5821.59,5
ITEM08519,ORD00259,PROD0299,1,5634.78,5
ITEM08520,ORD00309,PROD0583,1,3272.74,15
ITEM08521,ORD02943,PROD0124,4,1481.49,25
ITEM08522,ORD02763,PROD0407,5,5836.39,20
ITEM08523,ORD02962,PROD0592,4,3914.22,15
ITEM08524,ORD00706,PROD0078,5,1238.14,10
ITEM08525,ORD01903,PROD0584,2,1138.78,15
ITEM08526,ORD01659,PROD0566,4,3603.69,25
ITEM08527,ORD01868,PROD0105,4,6760.51,0
ITEM08528,ORD02613,PROD0275,5,5374.88,10
ITEM08530,ORD02834,PROD0177,2,7659.35,5
ITEM08531,ORD02448,PROD0515,1,7851.53,0
ITEM08532,ORD02541,PROD0194,3,6103.95,5
ITEM08533,ORD01809,PROD0245,3,2827.78,5
ITEM08534,ORD01172,PROD0490,1,7717.95,10
ITEM08536,ORD02283,PROD0116,5,2765.99,15
ITEM08537,ORD00378,PROD0002,4,6609.26,15
ITEM08538,ORD01869,PROD0484,4,7804.88,20
ITEM08539,ORD00809,PROD0120,2,912.95,15
ITEM08540,ORD01220,PROD0321,2,4495.26,5
ITEM08541,ORD01640,PROD0304,2,2887.93,0
ITEM08542,ORD00914,PROD0370,2,2058.13,25
ITEM08543,ORD02968,PROD0180,1,409.55,5
ITEM08544,ORD01382,PROD0308,4,3691.56,20
ITEM08545,ORD00283,PROD0300,5,4771.79,20
ITEM08546,ORD01468,PROD0585,4,3849.12,5
ITEM08547,ORD00391,PROD0492,1,2978.95,20
ITEM08548,ORD02695,PROD0129,3,4482.09,5
ITEM08549,ORD00169,PROD0069,3,6442.66,5
ITEM08550,ORD01351,PROD0314,3,3198.57,5
ITEM08551,ORD01623,PROD0483,5,4155.8,25
ITEM08552,ORD00944,PROD0448,5,3553.61,15
ITEM08553,ORD02592,PROD0308,3,5796.95,20
ITEM08554,ORD02080,PROD0120,1,5344.32,5
ITEM08555,ORD00542,PROD0423,4,6126.66,20
ITEM08556,ORD00572,PROD0028,4,6592.39,0
ITEM08557,ORD01126,PROD0144,5,2462.04,20
ITEM08558,ORD02498,PROD0144,1,853.2,5
ITEM08559,ORD01091,PROD0458,3,7662.52,25
ITEM08560,ORD02584,PROD0350,1,3532.3,25
ITEM08561,ORD01980,PROD0555,2,619.06,20
ITEM08562,ORD00849,PROD0515,4,1204.96,0
ITEM08563,ORD00387,PROD0142,1,1841.91,5
ITEM08564,ORD02963,PROD0518,2,4762.06,20
ITEM08565,ORD00168,PROD0108,3,7126.85,25
ITEM08566,ORD02776,PROD0377,5,2892.61,10
ITEM08567,ORD02008,PROD0437,1,3561.43,0
ITEM08568,ORD02962,PROD0398,5,420.33,5
ITEM08569,ORD00157,PROD0318,1,198.14,10
ITEM08570,ORD02795,PROD0277,4,4238.36,0
ITEM08571,ORD02871,PROD0206,1,6587.85,10
ITEM08572,ORD00866,PROD0247,4,157.63,10
ITEM08573,ORD02022,PROD0269,2,1608.26,25
ITEM08574,ORD00442,PROD0123,3,2238.61,10
ITEM08576,ORD01942,PROD0111,5,3124.58,20
ITEM08577,ORD02695,PROD0049,5,6934.63,5
ITEM08578,ORD01554,PROD0300,1,3997.32,15
ITEM08579,ORD01299,PROD0583,2,291.84,10
ITEM08581,ORD00103,PROD0584,1,7135.35,0
ITEM08582,ORD01723,PROD0533,1,993.21,0
ITEM08583,ORD01394,PROD0222,4,291.65,15
ITEM08584,ORD01196,PROD0216,5,2500.17,25
ITEM08585,ORD00802,PROD0274,5,4019.28,5
ITEM08586,ORD00241,PROD0004,5,3400.32,0
ITEM08587,ORD01523,PROD0202,3,1731.47,25
ITEM08588,ORD00119,PROD0368,2,1555.68,10
ITEM08589,ORD01770,PROD0177,3,5465.7,20
ITEM08590,ORD02240,PROD0576,5,286.9,10
ITEM08591,ORD02441,PROD0508,1,2228.12,10
ITEM08592,ORD02259,PROD0339,3,2946.78,0
ITEM08593,ORD02799,PROD0415,5,5897.92,5
ITEM08594,ORD02939,PROD0290,1,6770.64,25
ITEM08595,ORD01846,PROD0297,1,782.33,25
ITEM08596,ORD02318,PROD0210,3,1712.35,0
ITEM08597,ORD02568,PROD0002,2,4177.78,20
ITEM08598,ORD00302,PROD0406,4,4056.27,25
ITEM08599,ORD00109,PROD0369,2,719.17,20
ITEM08600,ORD01361,PROD0517,4,4315.55,25
ITEM08601,ORD00176,PROD0268,2,4907.94,5
ITEM08602,ORD02417,PROD0015,1,7973.45,20
ITEM08603,ORD02773,PROD0544,5,7898.66,10
ITEM08604,ORD02212,PROD0333,4,4184.29,5
ITEM08605,ORD02494,PROD0558,1,1655.07,0
ITEM08606,ORD00878,PROD0464,4,1768.28,0
ITEM08607,ORD00629,PROD0053,3,7742.23,20
ITEM08608,ORD01678,PROD0581,3,4226.99,5
ITEM08609,ORD02835,PROD0064,4,2128.27,15
ITEM08610,ORD02258,PROD0080,2,2162.31,0
ITEM08611,ORD02961,PROD0358,1,7404.97,0
ITEM08612,ORD01309,PROD0059,1,4495.39,5
ITEM08613,ORD02910,PROD0396,1,4029.99,0
ITEM08615,ORD01247,PROD0112,2,5503.85,25
ITEM08616,ORD01028,PROD0519,1,215.89,25
ITEM08617,ORD02387,PROD0292,3,1448.5,10
ITEM08618,ORD01020,PROD0586,4,1296.95,10
ITEM08619,ORD01767,PROD0081,3,2261.1,5
ITEM08620,ORD02717,PROD0578,5,3646.78,0
ITEM08621,ORD00240,PROD0196,2,1101.09,5
ITEM08622,ORD02412,PROD0262,1,4045.58,15
ITEM08623,ORD00449,PROD0114,1,7095.85,10
ITEM08624,ORD02110,PROD0240,2,2116.39,25
ITEM08625,ORD00155,PROD0416,3,7435.42,5
ITEM08626,ORD02773,PROD0422,1,1183.96,15
ITEM08627,ORD01692,PROD0578,3,4202.68,25
ITEM08628,ORD02610,PROD0062,1,754.58,5
ITEM08630,ORD00503,PROD0430,4,4700.67,15
ITEM08631,ORD01382,PROD0378,4,5256.73,5
ITEM08632,ORD00765,PROD0227,5,5856.79,5
ITEM08633,ORD01591,PROD0518,3,930.61,5
ITEM08635,ORD02070,PROD0024,4,2221.14,20
ITEM08637,ORD02761,PROD0586,1,2840.5,20
ITEM08638,ORD01505,PROD0008,5,6141.89,25
ITEM08639,ORD01108,PROD0166,5,5182.46,15
ITEM08640,ORD02226,PROD0237,4,1346.38,15
ITEM08641,ORD02015,PROD0184,1,356.29,20
ITEM08643,ORD00207,PROD0382,5,774.61,10
ITEM08644,ORD01887,PROD0587,5,6019.55,25
ITEM08645,ORD00345,PROD0383,3,2788.79,20
ITEM08646,ORD01278,PROD0366,3,1464.61,15
ITEM08648,ORD01983,PROD0204,2,4480.77,5
ITEM08649,ORD01084,PROD0538,4,7420.54,25
ITEM08650,ORD00703,PROD0581,5,618.81,5
ITEM08651,ORD00093,PROD0159,5,747.15,15
ITEM08652,ORD00706,PROD0394,3,6233.22,25
ITEM08654,ORD02561,PROD0344,4,4198.2,0
ITEM08655,ORD01001,PROD0110,3,2998.75,15
ITEM08656,ORD00562,PROD0382,2,625.37,0
ITEM08657,ORD00568,PROD0288,1,1873.9,0
ITEM08658,ORD00474,PROD0116,2,667.41,15
ITEM08659,ORD01239,PROD0315,2,806.65,5
ITEM08660,ORD01905,PROD0490,5,5471.42,25
ITEM08661,ORD00114,PROD0381,3,5360.76,20
ITEM08662,ORD00566,PROD0137,4,7731.36,0
ITEM08664,ORD02308,PROD0478,4,5040.16,25
ITEM08665,ORD01938,PROD0598,5,7501.81,25
ITEM08666,ORD00753,PROD0360,4,5424.07,15
ITEM08667,ORD02655,PROD0314,1,649.56,10
ITEM08668,ORD00064,PROD0459,4,6322.15,20
ITEM08669,ORD02551,PROD0390,4,1467.96,15
ITEM08670,ORD02895,PROD0413,2,1859.47,15
ITEM08671,ORD02073,PROD0027,1,3626.71,0
ITEM08672,ORD02523,PROD0290,4,2616.3,25
ITEM08673,ORD01459,PROD0189,2,507.02,0
ITEM08674,ORD00590,PROD0496,1,5897.94,5
ITEM08675,ORD00527,PROD0379,5,5841.06,5
ITEM08676,ORD02659,PROD0142,2,6147.07,0
ITEM08677,ORD01248,PROD0238,2,1026.91,0
ITEM08678,ORD01767,PROD0416,5,7055.67,15
ITEM08679,ORD01260,PROD0315,4,4720.39,0
ITEM08680,ORD01998,PROD0118,1,4888.49,20
ITEM08681,ORD02940,PROD0594,3,7195.52,0
ITEM08682,ORD00483,PROD0379,4,4429.45,15
ITEM08683,ORD00526,PROD0246,5,621.23,5
ITEM08684,ORD02027,PROD0121,3,5230.38,20
ITEM08685,ORD01642,PROD0011,2,3308.4,5
ITEM08686,ORD00862,PROD0413,2,5832.63,10
ITEM08687,ORD01389,PROD0522,5,5812.3,10
ITEM08688,ORD02914,PROD0386,5,6827.81,15
ITEM08689,ORD00284,PROD0288,4,5228.57,15
ITEM08690,ORD01419,PROD0027,5,5409.94,10
ITEM08691,ORD02647,PROD0471,1,679.87,15
ITEM08692,ORD02166,PROD0265,3,2340.88,0
ITEM08693,ORD00640,PROD0500,3,6224.85,20
ITEM08694,ORD01047,PROD0175,3,2558.69,5
ITEM08695,ORD01809,PROD0210,4,3209.38,0
ITEM08696,ORD01174,PROD0317,5,6082.9,25
ITEM08697,ORD01879,PROD0120,1,4377.74,0
ITEM08699,ORD02937,PROD0452,2,2472.4,15
ITEM08700,ORD01900,PROD0296,5,3428.33,20
ITEM08701,ORD01195,PROD0384,2,3783.08,5
ITEM08702,ORD02833,PROD0249,1,5178.61,20
ITEM08703,ORD00429,PROD0326,4,4039.74,10
ITEM08704,ORD00496,PROD0219,3,2326.69,25
ITEM08705,ORD01442,PROD0352,4,4837.8,25
ITEM08706,ORD00123,PROD0472,5,6301.93,0
ITEM08707,ORD01951,PROD0453,1,6684.53,25
ITEM08708,ORD02622,PROD0383,3,7754.38,0
ITEM08709,ORD00081,PROD0073,4,1687.34,10
ITEM08710,ORD00428,PROD0155,4,1500.89,10
ITEM08711,ORD02408,PROD0180,1,5160.77,20
ITEM08712,ORD02566,PROD0568,3,3147.89,25
ITEM08713,ORD00521,PROD0265,1,3028.82,10
ITEM08714,ORD02645,PROD0167,3,6832.46,0
ITEM08715,ORD02041,PROD0481,3,5132.04,10
ITEM08716,ORD01766,PROD0329,2,7396.35,15
ITEM08717,ORD01262,PROD0160,3,1845.81,10
ITEM08718,ORD00633,PROD0518,2,6289.55,0
ITEM08719,ORD00758,PROD0131,1,2310.33,0
ITEM08720,ORD01714,PROD0300,5,3335.67,15
ITEM08721,ORD00664,PROD0386,3,1377.62,0
ITEM08722,ORD02813,PROD0110,3,4181.35,15
ITEM08723,ORD00193,PROD0422,4,7612.18,15
ITEM08724,ORD00698,PROD0383,1,581.32,5
ITEM08725,ORD00659,PROD0121,5,2838.4,25
ITEM08726,ORD02549,PROD0200,2,614.79,25
ITEM08727,ORD00005,PROD0433,3,477.16,20
ITEM08728,ORD01591,PROD0117,3,7334.89,20
ITEM08729,ORD01039,PROD0280,3,1143.86,15
ITEM08730,ORD01025,PROD0595,3,716.69,25
ITEM08731,ORD00112,PROD0035,2,410.52,20
ITEM08732,ORD01538,PROD0504,4,6011.9,10
ITEM08733,ORD00240,PROD0422,2,2072.88,5
ITEM08734,ORD00396,PROD0372,1,5617.73,15
ITEM08736,ORD00733,PROD0591,4,365.58,20
ITEM08737,ORD01763,PROD0363,2,782.83,10
ITEM08738,ORD02781,PROD0217,3,7205.77,5
ITEM08739,ORD00135,PROD0508,1,7231.35,5
ITEM08740,ORD00323,PROD0047,4,3740.69,5
ITEM08741,ORD00588,PROD0575,4,2142.31,20
ITEM08742,ORD01362,PROD0519,5,1660.96,15
ITEM08743,ORD01994,PROD0301,2,4394.79,15
ITEM08744,ORD00136,PROD0085,4,6223.96,25
ITEM08745,ORD02627,PROD0483,5,3684.21,5
ITEM08746,ORD02059,PROD0529,1,1076.96,0
ITEM08747,ORD00847,PROD0034,3,1501.18,20
ITEM08748,ORD00617,PROD0213,5,1896.79,5
ITEM08749,ORD00606,PROD0216,4,4026.3,0
ITEM08750,ORD01105,PROD0294,5,6444.82,15
ITEM08751,ORD02675,PROD0248,2,2221.98,20
ITEM08753,ORD01142,PROD0113,2,3432.25,15
ITEM08754,ORD02966,PROD0376,3,5103.36,5
ITEM08755,ORD01914,PROD0600,2,1691.64,20
ITEM08756,ORD02339,PROD0481,1,1188.36,10
ITEM08759,ORD00207,PROD0153,5,6879.82,25
ITEM08760,ORD02657,PROD0376,3,2455.97,20
ITEM08761,ORD00183,PROD0272,2,3990.86,0
ITEM08762,ORD00684,PROD0425,4,7408.35,0
ITEM08763,ORD01353,PROD0011,2,2672.89,5
ITEM08764,ORD00974,PROD0462,2,7845.84,10
ITEM08765,ORD01627,PROD0275,3,7859.97,15
ITEM08766,ORD00040,PROD0302,5,6116.25,10
ITEM08767,ORD00354,PROD0088,5,4806.33,15
ITEM08768,ORD01312,PROD0403,2,1531.14,5
ITEM08769,ORD02758,PROD0414,4,4900.84,0
ITEM08770,ORD00316,PROD0504,5,2793.76,5
ITEM08772,ORD00317,PROD0416,5,2435.68,5
ITEM08773,ORD00598,PROD0134,5,1264.95,10
ITEM08774,ORD01011,PROD0560,3,704.91,15
ITEM08775,ORD01354,PROD0490,4,830.11,15
ITEM08776,ORD01534,PROD0497,2,1405.03,10
ITEM08777,ORD01492,PROD0534,5,7818.35,5
ITEM08778,ORD01786,PROD0444,1,4072.26,20
ITEM08779,ORD00886,PROD0241,3,524.06,5
ITEM08780,ORD00797,PROD0484,5,1862.41,25
ITEM08781,ORD00461,PROD0361,5,1582.68,15
ITEM08782,ORD01699,PROD0535,4,3152.97,20
ITEM08783,ORD00097,PROD0556,1,3928.44,10
ITEM08784,ORD01709,PROD0344,2,549.18,0
ITEM08785,ORD00764,PROD0147,4,7990.33,0
ITEM08786,ORD02523,PROD0207,4,5323.26,0
ITEM08787,ORD01151,PROD0482,1,5007.52,20
ITEM08788,ORD00147,PROD0241,2,3702.94,0
ITEM08789,ORD01085,PROD0146,1,1844.97,15
ITEM08790,ORD01183,PROD0461,2,4065.75,20
ITEM08791,ORD00933,PROD0593,2,5102.25,25
ITEM08792,ORD01670,PROD0516,5,2334.82,20
ITEM08793,ORD01343,PROD0267,2,4065.16,15
ITEM08794,ORD00516,PROD0253,2,7528.12,25
ITEM08795,ORD02352,PROD0524,2,1259.28,10
ITEM08796,ORD00122,PROD0483,2,6415.91,20
ITEM08797,ORD00351,PROD0354,5,4093.38,25
ITEM08798,ORD02733,PROD0427,1,5368.63,0
ITEM08799,ORD02415,PROD0519,1,4858.42,20
ITEM08800,ORD02965,PROD0064,3,302.39,5
ITEM08801,ORD00947,PROD0404,2,3585.09,10
ITEM08802,ORD01238,PROD0338,2,1607.58,10
ITEM08803,ORD02467,PROD0266,2,3209.21,5
ITEM08804,ORD00549,PROD0496,2,1605.15,5
ITEM08806,ORD00206,PROD0099,4,5005.22,20
ITEM08807,ORD00769,PROD0191,5,7468.9,15
ITEM08808,ORD01039,PROD0371,1,819.95,25
ITEM08809,ORD01617,PROD0347,1,3463.35,20
ITEM08810,ORD01635,PROD0178,3,6690.96,10
ITEM08811,ORD00436,PROD0231,2,4711.33,15
ITEM08812,ORD02956,PROD0005,3,6649.34,10
ITEM08813,ORD00611,PROD0589,4,3251.66,10
ITEM08814,ORD01962,PROD0068,1,4169.48,5
ITEM08815,ORD00552,PROD0004,4,1367.09,25
ITEM08816,ORD02349,PROD0122,5,5722.11,20
ITEM08817,ORD01078,PROD0410,3,7422.44,0
ITEM08818,ORD01683,PROD0223,4,4705.34,25
ITEM08819,ORD02084,PROD0349,1,7764.03,15
ITEM08820,ORD01723,PROD0370,3,5017.41,20
ITEM08821,ORD00309,PROD0389,4,4744.62,15
ITEM08822,ORD00252,PROD0189,2,1698.9,10
ITEM08823,ORD01255,PROD0586,5,6374.82,10
ITEM08824,ORD02812,PROD0107,3,1990.8,25
ITEM08825,ORD00019,PROD0276,2,7115.84,10
ITEM08826,ORD00636,PROD0304,5,963.16,15
ITEM08827,ORD00637,PROD0441,2,1089.18,15
ITEM08828,ORD01923,PROD0279,3,1311.13,5
ITEM08829,ORD00405,PROD0191,3,1179.84,25
ITEM08830,ORD00442,PROD0492,2,7790.3,0
ITEM08831,ORD02737,PROD0591,1,7346.57,10
ITEM08832,ORD01818,PROD0209,1,3711.56,0
ITEM08833,ORD00129,PROD0181,5,7435.69,20
ITEM08835,ORD00843,PROD0241,2,3870.55,0
ITEM08836,ORD01223,PROD0322,2,5927.97,10
ITEM08837,ORD00359,PROD0223,3,5253.98,25
ITEM08838,ORD00827,PROD0302,2,663.69,15
ITEM08839,ORD00319,PROD0067,4,1957.33,5
ITEM08841,ORD01469,PROD0267,2,2058.4,25
ITEM08842,ORD02596,PROD0519,2,2690.63,0
ITEM08843,ORD01986,PROD0421,5,4635.84,5
ITEM08844,ORD02824,PROD0151,1,3274.77,20
ITEM08845,ORD00545,PROD0584,5,7233.35,10
ITEM08846,ORD01397,PROD0565,1,1513.74,20
ITEM08847,ORD01244,PROD0355,4,1080.2,20
ITEM08848,ORD01711,PROD0587,1,6088.74,25
ITEM08849,ORD02640,PROD0527,1,3503.68,5
ITEM08850,ORD01513,PROD0301,5,4899.62,0
ITEM08851,ORD01239,PROD0330,2,5877.76,10
ITEM08852,ORD00409,PROD0206,2,7377.07,15
ITEM08853,ORD00455,PROD0229,4,3807.67,10
ITEM08854,ORD01582,PROD0084,4,938.67,0
ITEM08855,ORD01306,PROD0280,2,1928.16,25
ITEM08856,ORD00082,PROD0496,2,3153.04,0
ITEM08857,ORD00521,PROD0511,3,3948.48,15
ITEM08859,ORD00443,PROD0465,5,6550.12,20
ITEM08860,ORD01240,PROD0001,4,5031.08,15
ITEM08861,ORD00576,PROD0437,4,7889.75,0
ITEM08862,ORD01118,PROD0092,5,3525.76,20
ITEM08863,ORD00801,PROD0067,5,6083.91,0
ITEM08864,ORD02642,PROD0387,4,4482.84,25
ITEM08866,ORD02013,PROD0265,1,7125.9,0
ITEM08867,ORD02489,PROD0148,3,2854.48,0
ITEM08868,ORD01856,PROD0343,3,6424.16,10
ITEM08869,ORD01602,PROD0106,4,1030.73,25
ITEM08870,ORD00959,PROD0555,3,533.57,20
ITEM08872,ORD01416,PROD0451,4,6575.42,25
ITEM08873,ORD00236,PROD0596,3,848.75,5
ITEM08874,ORD01458,PROD0064,5,2918.18,5
ITEM08875,ORD01674,PROD0058,2,4149.2,25
ITEM08878,ORD01752,PROD0498,5,1847.06,10
ITEM08879,ORD00831,PROD0368,5,5639.35,25
ITEM08880,ORD01495,PROD0593,1,6990.88,15
ITEM08881,ORD01910,PROD0420,2,4171.13,20
ITEM08882,ORD01605,PROD0590,2,1262.81,25
ITEM08883,ORD02651,PROD0277,2,3978.75,15
ITEM08884,ORD00804,PROD0432,4,1536.59,15
ITEM08886,ORD01520,PROD0218,3,4836.21,10
ITEM08887,ORD01422,PROD0200,5,2264.36,10
ITEM08888,ORD00196,PROD0436,5,4242.78,10
ITEM08889,ORD02059,PROD0132,5,2219.8,15
ITEM08890,ORD00965,PROD0063,5,4653.83,15
ITEM08891,ORD02884,PROD0155,5,2768.17,25
ITEM08892,ORD02572,PROD0284,1,3656.39,5
ITEM08893,ORD02871,PROD0307,2,818.43,20
ITEM08894,ORD02887,PROD0122,3,1397.28,0
ITEM08896,ORD02375,PROD0412,4,6764.68,5
ITEM08897,ORD01276,PROD0147,5,7638.67,10
ITEM08898,ORD02026,PROD0268,1,2577.52,10
ITEM08899,ORD00651,PROD0497,4,7935.75,0
ITEM08900,ORD00824,PROD0378,3,7379.09,15
ITEM08901,ORD01558,PROD0238,1,7723.1,25
ITEM08902,ORD01809,PROD0585,5,3984.74,0
ITEM08903,ORD02733,PROD0001,5,371.05,25
ITEM08904,ORD02686,PROD0363,1,5028.45,10
ITEM08905,ORD00095,PROD0500,2,6638.53,5
ITEM08906,ORD01149,PROD0418,1,2996.03,0
ITEM08907,ORD01114,PROD0122,1,4067.34,20
ITEM08908,ORD00627,PROD0578,2,1242.39,20
ITEM08909,ORD00588,PROD0326,1,6092.94,5
ITEM08910,ORD02533,PROD0030,1,1557.79,25
ITEM08911,ORD01458,PROD0046,1,6296.92,0
ITEM08912,ORD01245,PROD0452,3,7237.58,15
ITEM08913,ORD00723,PROD0586,1,5710.1,10
ITEM08914,ORD01319,PROD0130,2,3930.43,5
ITEM08915,ORD02844,PROD0029,3,4963.6,15
ITEM08916,ORD01413,PROD0492,3,2609.47,20
ITEM08917,ORD01160,PROD0291,2,6623.84,5
ITEM08918,ORD00802,PROD0216,2,6248.2,25
ITEM08919,ORD02286,PROD0558,3,7091.87,15
ITEM08920,ORD01404,PROD0068,5,7363.49,5
ITEM08921,ORD02921,PROD0298,5,1718.67,0
ITEM08922,ORD02291,PROD0142,3,850.19,0
ITEM08923,ORD00482,PROD0433,1,3333.86,10
ITEM08924,ORD02710,PROD0270,5,472.01,10
ITEM08925,ORD02617,PROD0580,2,7014.24,10
ITEM08926,ORD00487,PROD0497,4,5953.41,25
ITEM08927,ORD00797,PROD0209,3,5788.6,25
ITEM08928,ORD00958,PROD0044,4,1021.59,25
ITEM08929,ORD00623,PROD0103,5,1402.88,15
ITEM08930,ORD02747,PROD0018,4,5371.44,20
ITEM08931,ORD00676,PROD0226,1,4295.46,15
ITEM08932,ORD01890,PROD0534,1,5450.02,25
ITEM08933,ORD00112,PROD0558,1,1360.87,5
ITEM08934,ORD02219,PROD0571,2,7115.49,20
ITEM08935,ORD02785,PROD0492,1,6197.29,5
ITEM08936,ORD02745,PROD0365,4,4923.97,10
ITEM08937,ORD00983,PROD0367,4,2580.43,25
ITEM08938,ORD00262,PROD0072,5,5295.55,5
ITEM08939,ORD01429,PROD0299,4,5597.62,20
ITEM08940,ORD01601,PROD0255,5,7841.0,25
ITEM08941,ORD01607,PROD0167,3,6486.93,25
ITEM08942,ORD00643,PROD0238,5,5663.76,20
ITEM08943,ORD00590,PROD0059,2,702.0,25
ITEM08944,ORD01414,PROD0078,3,2668.1,20
ITEM08945,ORD00182,PROD0025,2,5033.48,10
ITEM08946,ORD01964,PROD0142,5,7175.61,20
ITEM08947,ORD00990,PROD0349,2,4674.09,25
ITEM08950,ORD01822,PROD0394,3,6587.29,10
ITEM08951,ORD02213,PROD0054,2,5584.19,20
ITEM08952,ORD01595,PROD0401,5,4983.52,25
ITEM08953,ORD00702,PROD0242,5,2993.22,10
ITEM08954,ORD02968,PROD0340,2,363.67,0
ITEM08955,ORD02786,PROD0115,3,5476.64,10
ITEM08956,ORD01263,PROD0564,3,4006.61,5
ITEM08957,ORD00017,PROD0458,3,597.0,0
ITEM08958,ORD02982,PROD0563,4,259.29,5
ITEM08959,ORD02780,PROD0138,2,956.03,25
ITEM08960,ORD01852,PROD0468,3,4980.44,0
ITEM08961,ORD00549,PROD0353,3,6023.48,25
ITEM08962,ORD02446,PROD0543,2,4657.24,0
ITEM08963,ORD00856,PROD0181,1,5575.42,0
ITEM08964,ORD02962,PROD0054,2,5173.25,5
ITEM08965,ORD02082,PROD0070,1,7900.05,20
ITEM08966,ORD01860,PROD0177,5,2831.3,15
ITEM08967,ORD01339,PROD0366,1,1372.73,5
ITEM08968,ORD01898,PROD0058,1,4026.88,20
ITEM08969,ORD01747,PROD0217,2,5660.28,5
ITEM08970,ORD00649,PROD0358,1,3815.63,15
ITEM08971,ORD01790,PROD0546,5,4947.59,0
ITEM08972,ORD00673,PROD0501,3,3430.46,0
ITEM08975,ORD01630,PROD0359,4,1403.01,20
ITEM08976,ORD00701,PROD0334,5,408.09,25
ITEM08977,ORD02322,PROD0312,3,739.42,10
ITEM08978,ORD02042,PROD0374,2,6123.88,15
ITEM08979,ORD00803,PROD0463,5,7270.8,5
ITEM08980,ORD01429,PROD0428,3,6191.74,10
ITEM08981,ORD02226,PROD0439,3,7961.87,15
ITEM08982,ORD01711,PROD0598,3,7204.43,10
ITEM08983,ORD02773,PROD0509,4,5824.87,10
ITEM08984,ORD00482,PROD0575,4,6913.33,0
ITEM08985,ORD01624,PROD0476,5,5878.12,20
ITEM08986,ORD01694,PROD0287,3,672.97,10
ITEM08987,ORD02400,PROD0006,3,4987.52,10
ITEM08988,ORD01691,PROD0516,4,171.81,5
ITEM08989,ORD01740,PROD0269,4,7665.81,15
ITEM08990,ORD02529,PROD0366,1,6807.41,20
ITEM08991,ORD00193,PROD0307,4,3346.77,0
ITEM08992,ORD02837,PROD0400,2,4131.66,5
ITEM08993,ORD02067,PROD0381,1,5770.8,0
ITEM08994,ORD01711,PROD0146,4,2742.38,25
ITEM08995,ORD02619,PROD0167,1,5169.28,5
ITEM08996,ORD00740,PROD0343,2,1012.75,5
ITEM08997,ORD02299,PROD0013,2,4709.68,25
ITEM08998,ORD02955,PROD0289,3,5644.53,15
ITEM08999,ORD00551,PROD0505,4,2061.33,25
ITEM09000,ORD00393,PROD0301,5,3792.68,20
